country,host_uni,ntu_code,ntu_name,ntu_type,foreign_code,foreign_name,au,status,year,sem,assessment,contact_hours,credits,comments,coordinator_remarks,staff,url,syllabus,textbooks
CHINA,Tsinghua University,BC3408,DECISION MODELLING & ANALYSIS,Major-PE,70160513,Introduction to Decision Making,4,Approved,2023,1,Homework + Exam + Course project,48,3,NA,,ZHAO Lei ( lzhao@tsinghua.edu.cn ),,[Description] Introduce the fundamentals of operation research (OR) modeling and solution methods as well as basics of probability and applied statistics. [Syllabus] Mathematical programming: Introduction to Operations Research Introduction to Spreadsheet Modeling Linear Programming Network Optimization Integer Programming (Optional) Dynamic Programming Probability and statistics: Introduction to probability theory Random variables Basic statistics,"Winston, Wayne L. and S. Christian Albright, Practical Management Science. Revised, 3nd Ed. Cengage Learning, 2008. Hillier, Frederick S. and Gerald J. Lieberman, Introduction to Operations Research. 8th Ed. McGraw Hill, 2005 (Authorized Reprint Edition by Tsinghua University Press). Winston, Wayne L. and S. Christian Albright. Practical Management Science. Revised, 3nd Ed. Cengage Learning. Hillier, Frederick S. and Gerald J. Lieberman. Introduction to Operations Research. 8th Ed?(Authorized Reprint Edition by Tsinghua University Press). McGraw Hill."
CHINA,Tsinghua University,BDE,BDE,BDE,00692402,Chinese Calligraphy ?Copying and Production,2,Approved,2024,2,Daily creative practices + final exam,32,2,spring 2025,,??? ( zcy435@mail.tsinghua.edu.cn ),,"This course first teaches the basic techniques of Chinese calligraphy, including the brushwork, calligraphy, composition, etc. of Chinese calligraphy. Starting with seal script and official script, students are taught to copy and learn important calligraphy works, and initially learn to create calligraphy works. Secondly, this course teaches students to understand the concepts and categories of traditional Chinese aesthetics among techniques, so that everyone can realize the inner spirit of traditional Chinese culture and consciously shoulder the responsibility of inheriting Chinese civilization. This class requires calligraphy homework to be handed in every day, which will be used to calculate your daily grades. Students with heavy academic load should choose carefully. 1. This course is aimed at students who are new to calligraphy and provides enlightenment teaching in calligraphy. If you have practiced calligraphy for many years or are a calligraphy major, please drop the class voluntarily and give the class capacity to other students who need it more. Starting from the first class, each class has new technical content. Students who choose the class can consciously practice it every day and write daily calligraphy lessons (otherwise they may not be able to keep up). The final course grade is obtained by taking daily creative classes + final exam (writing specified content in class). 3. Inscriptions needed for copying exercises in class. You will study the following types of copybooks this semester. Please be sure to buy them in advance according to the versions I specified: (1) ""Yishan Monument"", Beijing: China Bookstore, 2012 edition (subsequently printed many times)"" This version. Because you need to copy, this version is suitable. It is required from the 1st to the 4th week. (2) Qiu Zhenzhong and Chen Zheng, editor: ""Wu Changshuo's Stone Drum Essay"", Jiangxi Fine Arts Publishing House, 2013 (later printed many times) (3) Editor-in-chief Zhao Hong: ""Two Types of Wu Changshuo's Seal Script and Stone Drum Script"", Beijing: China Bookstore, 2018 (later printed many times) (4) Editor-in-Chief Sun Baowen: ""Shiguwen (Color Enlarged Edition)"", Shanghai: Shanghai Dictionary Publishing House, 2013 (later printed many times) (2) (3) One of the two is enough, (4) is essential, required from the 4th to 8th week. (5) ""Yi Ying Monument"", Shanghai: Shanghai Painting and Calligraphy Publishing House, 2012 (later printed many times). Required for weeks 9 to 12 (6) ""Zhang Menglong Monument"", Shanghai: Shanghai Painting and Calligraphy Publishing House, 2012 (later printed many times) required for weeks 13-16. Although calligraphy is trivial, it has the highest moral character. Calligraphy embodies the essence of Chinese culture. Only by cultivating the body and mind can one improve his aesthetics. I wish the students good health and success in their studies!",mentioned in course content
CHINA,Tsinghua University,BDE,BDE,BDE,30510053,Econometrics,3,Approved,2024,2,NA,48,3,Will take this course in 2025 Spring if available,,Yuan XU ( xuyuan@sem.tsinghua.edu.cn ),https://masonabroad.gmu.edu/_customtags/ct_FileRetrieve.cfm?File_ID=01067577744F07060C06717305061C70097A7714737D73046E07030406777402750005737004060001,"This course is an introduction to econometrics. It introduces students to multiple regression methods for analyzing the relationship between two or more economic variables. It starts from the simple linear regression to multivariate regression, regression with discrete random variables, instrumental variables, and to regression with panel data, time series data. The objective is to help students understand, evaluate and conduct empirical studies in economics and related disciplines.",NA
CHINA,Tsinghua University,BDE,BDE,BDE,30510732,General Management,2,Approved,2024,2,NA,32,2,Available in 2025 Spring,,Yan Liuxin ( yanlx@sem.tsinghua.edu.cn ),https://www.tsinghua.edu.cn/en/pdf/2018-2019UndergraduateEnglishTaughtCourses.pdf,"Organizations are all around us in society: we study in them, work for them, rely on them for goods and services, and we are often regulated and highly influenced by them. Understanding the management of organizations, therefore, is the key to becoming more effective actors of the organizations we are or will be part of. We will cover three traditional functions of management: planning, organizing, and leading. Overall, this course offers a comprehensive perspective for those interested in management and organizations. By the end of the course, you will achieve the following: 1 Be familiar with key principles of management and organizations. 2 Develop analytical skills in the diagnosis of organizational & managerial (in)effectiveness. 3 Be able to apply basic principles of management to real-world practices.",NA
CHINA,Tsinghua University,BDE,BDE,BDE,30510812,Marketing Management,2,Approved,2024,2,NA,32,2,To take the course in 2025 Spring Semester if available,,LIU Xi ?? ( liuxi@sem.tsinghua.edu.cn ),https://masonabroad.gmu.edu/_customtags/ct_FileRetrieve.cfm?File_ID=01067577744F07060C06717305061C70097A7714737D73046E07030406777402750005737004060001,"Marketing is the core of an operating business, and also the management process through which goods and services move from concept to the customer. Marketing is based on thinking about the business in terms of customer needs and their satisfaction. Marketing differs from selling because it has less to do with getting customers to pay for your product as it does developing a demand for that product and fulfilling the customer's needs. Marketing entails planning and executing the conception, pricing, promotion, and distribution of ideas, goods, and services. It starts with identifying and measuring consumers' needs and wants, assessing the competitive environment, selecting the most appropriate customer targets and developing marketing strategy and implementation program for an offering that satisfies consumers' needs better than the competition. Marketing is the art and science of creating customer value and market place exchanges that benefit the organization and its stakeholders. The objective of this course is to introduce students to the concepts, analyses, and activities that comprise marketing management, and to provide practice in assessing and solving marketing problems. The course is also a foundation for advanced electives in marketing as well as other business/social science disciplines. We will explore the theory and applications of marketing concepts through a mix of cases, discussions, lectures, guest speakers, individual assignments, and group projects. We will draw materials from a variety of sources and settings including services, consumer and business-to- business products",NA
CHINA,Tsinghua University,BDE,BDE,BDE,30510863,Development Economics,4,Approved,2024,2,NA,48,3,Available in 2025 Spring,,??? Shi Xinzhen ( shixzh@sem.tsinghua.edu.cn ),https://www.tsinghua.edu.cn/en/pdf/2018-2019UndergraduateEnglishTaughtCourses.pdf,"Development economics is a course involving economic problems and policies of those countries that have not yet reached the level of economic well being observed in the western world. At the completion of this course, students will be familiar with theories of development and their applications in the real world. Students will have a better understanding of a number of topics that shed light on the development process, including poverty, inequality, education, international trade, the role of the government, and population issues. Students will also be trained to conduct their own research by using theories learned in class and analyzing real world data. They will also present their research results in class, which can improve their ability of public speaking and intellectual interactions.",NA
CHINA,Tsinghua University,BDE,BDE,BDE,30510973,Econometrics (1),4,Approved,2024,2,Textbooks and reference books,48,3,Available in 2025 Spring,,"Feng Yingjie, Liu Chenyuan ( fengyj@sem.tsinghua.edu.cn )",,"This course is designed for undergraduate students in economics, finance, and management who want to take an introductory-level course in econometrics and lay down the foundation for quantitative analysis in economics, finance and other social sciences. It offers a systematic training in modern econometrics techniques, including estimation and inference in the classical regression framework, estimation and inference when the classical assumptions are violated (heteroskedasticity, serial correlation, endogeneity, etc.), and nonlinear models (probit and logit). Topics on stationary and non-stationary time series analysis will be covered in a subsequent course (Introductory Econometrics II). This course also provides an introduction to the statistical software Stata.","Introductory Econometrics: A Modern Approach, by Jeffrey M. Wooldridge, 6th or 7th edition."
CHINA,Tsinghua University,BDE,BDE,BDE,30511053,Corporate Finance,4,Approved,2024,2,1.?????? 2.?????4???20%? 3.???? ?20%? 4.???? ?60%?,48,3,Spring semester,,?? ( shentao@sem.tsinghua.edu.cn ),https://www.tsinghua.edu.cn/en/pdf/2018-2019UndergraduateEnglishTaughtCourses.pdf,"Firms compete in Consumer & Business Markets to sell their products & services, and they also compete in Capital Markets for the resources required to operate their business. Investors provide the capital (resources) to companies with the expectation that they will earn a competitive return on their capital and compensate themfor risk. A consumer or business manager is continuously faced with financial choices and meeting the demands of both of these arenas of competition. For the consumer these choices include, among others, financing a purchase, saving for retirement and evaluating investment products. For a business manager the choices include deciding which projects to pursue and alternative approaches to provide funds for these projects. Finance is the study of a framework that can be used to evaluate these choices consistent with the necessity of competing for investor capital. Regardless of your ultimate career, a solid understanding of the fundamentals of finance, will serve you well.",NA
CHINA,Tsinghua University,BDE,BDE,BDE,40510333,Intermediate Financial Accounting(2),4,Approved,2024,2,"Quiz, Presentation, Exam",48,3,Available in 2025 Spring,,Wang Kun ( wangk@sem.tsinghua.edu.cn ),,"Course Objectives: 1. To understand the conceptual framework of accounting, the accounting principles and standards based on Generally Accepted Accounting Principles (GAAP) relating to valuation and reporting of liability and equity items. 2. To train you to apply these accounting principles and standards in data accumulation, summarization and reporting techniques. 3. To develop creative and deeper thinking and to develop the analytical skills required to use and interpret the accounting information and principles.",Session: 1. Course Introduction & Stockholders? Equity 2. Dilutive Securities and Earnings Per Share 3. Investments 4. Revenue Recognition 5. Accounting for Income Taxes 6. Mid-term Quiz 7. Accounting for Pensions 8. Accounting for Pensions (Cont?d) 9. Accounting for Leases 10. Guest Speech 11. Public Holiday 12. Reporting accounting changes and errors 13. Statement of Cash flows 14. Full disclosure 15. Group Project presentation 16. Final Exam
CHINA,Tsinghua University,BDE,BDE,BDE,40510682,Social Insurance,2,Approved,2024,2,"Case study drafts and final report , Presentations",32,2,Spring 2025,,Feng Runhuan ( fengrh@sem.tsinghua.edu.cn ),,"The demand for social welfare protection in modern society has arisen with the development of the industrial revolution. From personal fulfillment to national economic development, social insurance is a critical component of everyone?s personal life in the modern society and everyone assumes certain rights and responsibilities for social insurance programs.This course explains the emergence, development, and design of social insurance systems from the industrial revolution to the modern society. The course discussesthe insurance protection needs of the society as a whole, discussing many benefit programs designed to reduce economic uncertainty, including social security, health insurance, workers' compensation, unemployment compensation, and disability insurance. We discuss principles, features, and policy issues related to social insurance and public assistance programs. Case Study Report Requirements: 1.Group Composition: - Students must form groups of five or six members. - Each group may designate one or two presenters for their case study presentation. 2.Report Submission: - Each group is required to submit one case study report. - The report must not exceed 20 pages, using a font size of 12. - Reports can be written in either English or Chinese. However, all presentations and handouts must be in English. 3. Report Quality: - Reports will be evaluated based on professionalism, clarity, and overall quality. - The inclusion of infographics, visualizations, and other illustrative elements is encouraged, as these often contribute to higher-quality submissions. 4. Presentation Guidelines: - Each group will deliver a 30-minute presentation, followed by a 15- minute discussion session. - Prior to each presentation, groups must distribute pre-reads or fact- sheets to their classmates to facilitate engagement and understanding. 5. Class Participation: - Throughout the semester, each group is expected to ask at least three questions during other groups? presentations or discussions. 6.Contributions Section: - Every report must include a dedicated section outlining the contributions of each group member (i.e., who was responsible for which tasks)","M. Dalton, J. Dalton (2022) Retirement Planning and Employee Benefits, 18th Edition, Money Education.G. E. Rejda (2012) Social Insurance and Economic Security. 7thEdition, Routledge, Taylor & Francis Group, London and New Year"
CHINA,Tsinghua University,BDE,BDE,BDE,40511373,Mathematics of Risk (1) / Actuarial Science (1),3,Approved,2024,2,NA,48,3,Available in 2025 Spring,,??? Feng Runhuan ( fengrh@sem.tsinghua.edu.cn ),https://www.tsinghua.edu.cn/en/pdf/2018-2019UndergraduateEnglishTaughtCourses.pdf,"The course provides an introduction to the basic theory and models used in the study of risk, insurance and personal finance. Topics include interest, loan, mortgage, mortality table, mathematics for life insurance, annuities, loss prediction, mathematics for property and casualty insurance, etc.",NA
CHINA,Tsinghua University,BDE,BDE,BDE,40511423,Investment,4,Approved,2024,2,"3problemsets(30%),finalexam(40%),casestudy(20%), Classparticipation(10%)",48,3,Spring 2025,,Zhu Yingzi ( zhuyz@sem.tsinghua.edu.cn ),https://masonabroad.gmu.edu/_customtags/ct_FileRetrieve.cfm?File_ID=01067577744F07060C06717305061C70097A7714737D73046E07030406777402750005737004060001,"This course will introduce and delineate basic concepts and techniques in investments by examining such topics as risk-return tradeoff, optimal portfolio construction, Capital Asset Pricing model, APT, Market efficiency, bonds and futures. On the theoretical side, this course introduces fundamental knowledge for investment strategies and portfolio management. On the practical side, this course covers recent topics that are related to the investment strategies and portfolio management. Some projects of portfolio management are specially designed to let you apply the theoretical knowledge to practice. This course introduces the theory and practice of investment management. It provides you with fundamental knowledge of financial markets and asset pricing, and recent development of investment tools and strategies. This course is highly recommended for students who intend to pursue a finance career or further studies in derivatives, fixed income securities, or portfolio management. 1?Investment environment 2?Security markets and financial instruments 3?Investment process & mutual funds 4?RiskandReturn 5?Optimal risky portfolio 6?Capital Asset Pricing model/Arbitrage Pricing Theory 7?market efficiency 8?Bond valuation 9?Stock Valuation 10?Intro to derivatives",-
CHINA,Tsinghua University,BDE,BDE,BDE,40512182,FinTech,2,Approved,2024,2,NA,32,2,"Will take the course in 2025 Spring if available. In the given URL, scroll down and you can see the undergraduate courses taught in English for 2024 Spring",,??? ( fengrh@sem.tsinghua.edu.cn ),https://intl-nondegree.tsinghua.edu.cn/f/yzlxs/yz_lxs_kstzb/view?id=264623,NA,NA
CHINA,Tsinghua University,BDE,BDE,BDE,40920013,Stars and Planets,3,Approved,2024,2,"Problem sets, presentation, report",48,3,Offered in Spring semester 2024,,Ormel Christiaan Wessel ( chrisormel@mail.tsinghua.edu.cn ),https://www.tsinghua.edu.cn/en/pdf/ut2022.pdf,"Stars are the objects into which our universe has converted most of its (baryonic) matter. There may be over 10^22 stars in the universe and modern estimates indicate that most of these stars are (or were) accompanied by planets. This course aims to understand key questions as: why do stars have a mass of about 1 solar mass, which conditions must be met for nuclear fusion, how do planets form, what determines the size and composition of planets, how can we detect exoplanets, when is a planet system stable. The aim of this course is to understand the fundamental properties of stars and planets from elementary physical principles. This course is organized according to several modules: 1. Introduction to key Astronomy concepts 2. Matter under astrophysical conditions 3. Planet and stellar Birth 4. Planet and stellar Evolution and Death 5. Planet and stellar Atmospheres 6. Planet and stellar Dynamics Student participation and problem sets play an instrumental part throughout the course. The classical instruction will be further supplemented by presentations and a report from students on a topic of their choosing related to the field of stars and planets.",NA
CHINA,Tsinghua University,BDE,BDE,BDE,00350181,Magical Oxides,1,Approved,2024,1,Presentation,16,1,21/8/24-12/01/25,,?? ( shyang_mse@tsinghua.edu.cn ),,"This course primarily follows a group learning, classroom discussion, and guided teaching approach. It builds on students' existing knowledge and incorporates a wide range of materials encountered in daily life. The course will offer an accessible and in-depth analysis of the basic characteristics and broad applications of various oxide materials. Students will explore the interrelated scientific issues of material processing, structure, performance, and functionality, as well as material selection. The course emphasizes the important role of materials in production, daily life, scientific and technological advancements, and aims to stimulate students' curiosity, thirst for knowledge, and interest in the field of materials science. The main topics of the course include: 1. Ubiquitous Silicates I (Minerals, Gems): Classification and structural characteristics of ores, the origins of the crystalline structures of ores with various shapes, and the sources of the colors in gemstones. 2. Ubiquitous Silicates II (Glass): The material structure basis of glassblowing, the preparation and uses of tempered glass, the sources of colors in colored glass, and high-tech applications of glass beyond building windows. 3. From Tang Sancai(???) to Blue-and-White Porcelain(???) (Chinese Ceramics): The distinction between ceramics and porcelain, the ceramics manufacturing process, the historical development of ceramics, and practical sessions. 4. Where Does Sunscreen and Whitening Come From?: The multifunctionality and wide application of titanium dioxide as a simple oxide, along with its structural and performance characteristics. 4. Good News for Dental Patients: The development history of dental restoration materials, and why zirconium oxide currently holds a dominant position. The multifunctionality and wide application of zirconium dioxide as a simple oxide, along with its structural and performance characteristics. 6. Intelligent Living Aider: The broad applications and material foundations of functional oxides in fields such as Internet of Things chips, thermoelectric generation, solar energy, sensors, actuators, and electronic components. Students will gain an understanding of the materials behind new technologies and the functionalities of these materials, as well as use their imagination to think about how materials can improve life. 7. The Creation of the Impossible: Superconductivity: Cutting-edge scientific issues such as oxide high-temperature superconductivity and two-dimensional electron gases. This course is offered to undergraduate students across the entire university and is suitable for those from chemical engineering, materials science, physics, and chemistry backgrounds. Students from other departments who are interested in oxide materials are also welcome to enroll.",None
CHINA,Tsinghua University,BDE,BDE,BDE,00691422,General History of Science,3,Approved,2024,1,"Weekly assignment, end of semester exam",32,2,21/8/24-12/1/25,,??? ( gswu@tsinghua.edu.cn ),,"General History of Science will create an overall scientific image for students of different academic backgrounds, help students fully understand the origin and historical development of science, and think about the significance of science to the modern world. This course is an introductory course on the history of science. It will clearly introduce the panoramic historical picture of scientific development, telling how it was born in Greece, declined in Rome, forgotten in the Middle Ages, inherited in the Islamic world, revived and rebuilt in early modern Europe, strengthened in the 19th century, and spread to the world.",???????????????????2018?????????????????????2016??
CHINA,Tsinghua University,BDE,BDE,BDE,02090061,Shooting,3,Approved,2024,1,Test,32,1,21/8/24-12/1/25,,??? (Wang Wei Yang) ( wangweiyang@tsinghua.edu.cn ),,"History of the development of shooting sports both domestically and internationally, basic knowledge of firearms, basic principles of shooting, military rifles, air rifles, air pistols shooting basic skills, and live ammunition shooting training",None
CHINA,Tsinghua University,BDE,BDE,BDE,20700033,Logic of Politics,3,Approved,2024,1,"participation 15%, group discussion 15%, 2 reports 30%, exam 40%",48,48,050924-130125,,??? ( maxmeng@tsinghua.edu.cn ),http://zhjwe.cic.tsinghua.edu.cn/js.vjsKcbBs.do?m=showToXs&p_id=2015990086;20700033,??????????????????????????????? ????????? ?? ???????????????????? ???????????????????? ?? ????????? ??????????????????????????????? ?? ????????????????????????????? ??????????? ?? ?????????????????,nil
CHINA,Tsinghua University,BDE,BDE,BDE,30010011,A Brief History of City Abroad,1,Approved,2024,1,"Participation, end of semester exam",16,1,21/8/24-12/01/25,,Tang Yan(??) ( yantang@mail.tsinghua.edu.cn ),,"The course discusses the historical development process of foreign cities, from their origins and rise to their flourishing. It introduces the typical urban construction activities and spatial and environmental characteristics of cities from different historical periods, including ancient slave-based cities, medieval feudal cities, modern capitalist cities, and contemporary cities. The course also analyzes the influences and evolution of urban planning, institutions, and society.","The History of the City History of Urban Form Before the Industrial Revolution The City Shaped: Urban Pattern and Meaning Through History The Rise of the West World, A New Economic History The City: A Global History Historical Development of Urban Planning History of European City Planning: Continuities and Change Cities of Tomorrow: An Intellectual History of Urban Planning and Design in the Twentieth Century Comparative Urbanization: Divergent Path in the Twentieth Century Urban Planning Theory Since 1945 The Making of Urban America The American City, What Works, What Doesn't Town and Square Design of Cities"
CHINA,Tsinghua University,BDE,BDE,BDE,40701113,Introduction to Financial Economics,3,Approved,2024,1,nil,48,3,050924-130125,,?? ( ketang@tsinghua.edu.cn ),http://zhjwe.cic.tsinghua.edu.cn/js.vjsKcbBs.do?m=showToXs&p_id=2017990113;40701113,?????????????????1?????????2???? ???????????3?????????????4????? ??????????????????????????????? ?????????,nil
CHINA,Tsinghua University,BDE,BDE,BDE,80150162,Alternative Vehicle Propulsion System,2,Approved,2024,1,exam,32,2,050924-130125,,??? ( jzhzhang@mail.tsinghua.edu.cn ),http://zhjwe.cic.tsinghua.edu.cn/js.vjsKcbBs.do?m=showToXs&p_id=1999990289;80150162,"The subject of this lecture series is alternative concepts for vehicle drive-trains. These lectures deal with the different alternative drive systems, such as unconventional types of combustion engines with the consideration of alternative fuels (alcohol, natural gas, hydrogen), gas turbines, Stirling engines and fuel cells. Furthermore, these lectures discuss the different types of variable transmissions and power split drive trains. Regenerative drives e.g. electric, flywheel and hybrid drives are a main topic of these lectures. Beside the discussion of the different components (hydraulic machines, electric motors, hydraulic pressure accumulators, batteries, flywheels), possible control strategies (integrated engine-transmission management) are deducted, according to the various drive concepts. ?????????????????????????????? ???????????????????????????????? ??????????????????????????????? ??????????????????????????????? ???????????????????????????????",Alternative Vehicle Propulsion System
CHINA,Tsinghua University,BDE,BDE,BDE,80240793-0,Big Data Intelligence,3,Approved,2024,1,3 homework and one group project,48,3,050924-130125,,Zhu Wen Wu ( wwzhu@tsinghua.edu.cn ),https://learn.tsinghua.edu.cn/f/wlxt/kc/v_kcxx_jskcxx/student/beforeXskcxx?wlkcid=2024-2025-1148442634&sfgk=0,"The ever-increasing volume of media data such as videos, audio, and text has accelerated the onset of the Big Data era. One of the key reasons behind the success of data-driven machine learning methods, especially deep learning, in fields like computer vision and natural language processing is the extraction of intelligent information from Big Data. With the advent of Big Data, our thought process has shifted from the former knowledge-driven model to a data-driven paradigm. Moreover, the interaction, influence, and integration among multimodal, multidimensional, and heterogeneous data sources have endowed Big Data with more valuable information. The rapid development of artificial intelligence poses many challenges for current Big Data intelligence analysis, driving us toward a dual-driven mode of thinking that combines both data-driven and knowledge-driven approaches. Big Data Intelligence forms the foundation of today?s Big Data and AI, where discovering reliable knowledge from uncertain and complex data to guide intelligent decision-making has become an essential capability for researchers and managers alike. Consequently, it is highly important for graduate students to grasp these concepts, knowledge, and skills. This course aims to help students understand and master the theories and methods related to data science and artificial intelligence. Specifically, it seeks to enhance students? knowledge and abilities in the following three areas: 1. Mastering the theories and methods of data science. 2. Mastering the theories and methods related to artificial intelligence. 3. Integrating data science and AI theories to apply existing (or improved) algorithms for efficient Big Data processing and analysis. The course content covers fundamental data analysis and processing methods in data science (including regression analysis, probability theory, and other statistical machine learning theories) as well as predicate logic, deep learning, reinforcement learning, meta-learning, automated machine learning, and other AI theories and methods. Classroom lectures and additional assessments will be used to achieve the instructional objectives.","Sampling and ANOVA, Regression, Machine Learning, Data Mining, Recommendation System, Linear Dimensionality Reduction and Matrix Decomposition, Neural networks, Advances in Machine Learning, Big Data System and Platform, Deep learning Framework, Big Data Intelligence"
CHINA,Tsinghua University,BDE,BDE,BDE,00780461,Introduction to Piano and Music Rudiments,3,Approved,2023,2,Exam (concert format),32,1,NIL,,HUANG Yao ( mickyyao@mail.tsinghua.edu.cn ),https://acrobat.adobe.com/id/urn:aaid:sc:AP:cbf93670-54b9-4e0c-99f0-51c1cc664882,"""Introduction to Piano and Music Fundamentals"" is a digital piano teaching course for all students in the school. It starts from scratch and through practice, masters certain skills in a step-by-step learning process. While further expanding their knowledge, students can learn through their own experience. With great efforts, you can independently explore the aspects you like but have never faced before, and have an intuitive understanding of music. It is a new keyboard course developed by combining traditional piano teaching with modern high technology. It is also a new keyboard course for those who desire An introductory course for college students who want to learn to play the piano but lack basic knowledge of music.",??????????? ??????????? ????????? ?? ?????????? ?????????? ?????????
CHINA,Tsinghua University,BDE,BDE,BDE,00782321,Foundation of Vocal Music,3,Approved,2023,2,Test,32,1,There are 2 instructors for this course. The other instructor's contact details are as follows: FU Linbo (linbo112233@outlook.com),,WANG Xi ( 285629165@qq.com ),https://acrobat.adobe.com/id/urn:aaid:sc:ap:0fb1c1c9-e98e-479d-af33-f79cbeb5b6fa,"This course is for beginner level students. Vocal music is the art of practice. So always try your best singing and practicing! We welcome all students to enroll in this course! Bel Canto, pop, folk, classic, rock, R&B, no matter what kinds of music you prefer, you will always get useful tips and tons of practice in thisclass. In this course, you will first learn some basic ideas about vocal music such as pitch, note, breath and mix voice. Then I will find you some suitable songs for better practice. We will also try the verses and chorus parts in this class. So after that, you may know a bit more about your voice type. (e.g.Tenor/Soprano/Bass/Alto) Sometimes we will even invite some famous campus singers, therefore you may learn a lot from them.",1.???????????????????? 2.??????????????????????? ???? 1. ?????????????????????????????? ??? 2.???????????????????? 3.????? ????????????????????????????
CHINA,Tsinghua University,BDE,BDE,BDE,00783061,Ballet Aesthetic Education and Ballet Basic Training,3,Approved,2023,2,NIL,32,1,NIL,,ZOU Zhirui ( zhiruizou@163.com ),https://acrobat.adobe.com/id/urn:aaid:sc:AP:72db38ce-529a-4bf9-b495-4f56d4ebbbd2,"""Ballet Aesthetic Education and Basic Training of Ballet"" is a practical art elective course. It uses the art form of ballet as a carrier, and through the movement of the body, students can improve their stretch and elegant temperament, improve their aesthetic ability, and guide students to experience beauty, Appreciate beauty and create beauty. During its more than 400 years of development, ballet art has integrated into the civilizations and cultures of all countries and nations around the world, and has formed a more scientific and rigorous physical training content. The course content of this course is designed according to the characteristics of Tsinghua University students, and is open to all students with zero foundation and all majors.",NIL
CHINA,Tsinghua University,BDE,BDE,BDE,00802122,Logo Design,3,Approved,2023,2,nil,32,2,nil,,?? ( nil ),,"Logo design is a kind of symbolic art, a visual communication symbol with special meaning, which represents a specific thing and is very rich in content. Different perspectives have different classification methods and evaluation standards, which can be summarized into two categories: commercial and non-commercial. It plays a very important and irreplaceable position in ensuring credibility, establishing image, promoting products, strengthening cultural exchanges, and increasing recognition. As a special graphic symbol, logos have the function of conveying information. People can have an impression, recognition, and memory of a thing through logos. It communicates the relationship between consumers and products (including the cultural field), personal information transmission, promotion of corporate concepts, and international exchanges. It transcends language and serves as a bridge for communication. A logo is not an artistic symbol that appears alone. It is the most important and basic link in the image recognition system, the core soul of the institutional image recognition system, and the symbolic embodiment of the core values ??and corporate status. The purpose of the course is to master the design procedures and design methods of logos through practical design training on several topics on the premise of a systematic understanding of the basic theories, conception methods and expression techniques of logo design.",nil
CHINA,Tsinghua University,BDE,BDE,BDE,00803662,Exhibition Design,3,Approved,2023,2,nil,32,2,nil,,??? ( nil ),,"Exhibition design is mainly divided into three major topics: commercial display design, thematic display design and cultural display design: Among them, commercial display design involves shopping malls, supermarkets, and specialty stores. It is the main subject of studying the commercial environment exhibition design system in environmental art design education. The course focuses on explaining the business strategy, space planning, brand building and exhibition methods of specialty stores; the thematic exhibition mainly explains the expo and various types of thematic exhibitions, including a detailed description of the World Expo, with special emphasis on how to carry out the theme of thematic exhibitions Planning, competition skills, space creation, comprehensive technology, etc.; cultural display explains the display design of cultural concepts such as museums. It is an important course in this discipline involving professional museum display, with special attention to the outline arrangement, spatial rhythm, and scene creation of cultural display. , exhibition specifications, etc.",nil
CHINA,Tsinghua University,BDE,BDE,BDE,04202072,Advanced Business Chinese (1),3,Approved,2023,2,Mid-term and Final Examination,32,2,The course information can only be retrieved after logging into the Tsinghua portal. The attached supporting document is a translated version of the course information that was provided in the portal.,,HOU Jian ( houjian@mail.tsinghua.edu.cn ),https://webvpn.tsinghua.edu.cn/http/77726476706e69737468656265737421eaff4b8b227e6b597d469dbf915b243d1569e38ddd4b59c06f/js.vjsKcbBs.do?m=showToXs&p_id=2021640445;04202072,"???????????????????? ?????????? ???????????????????????????????? ????????????????????????????? ????????????????????????? ??1.?? ?????????????????? 2.???????????? 3. ???????????? ??1.???????????????? ??????????????????????????? 2.??? ???????????????????????????? 3.? ????????????? ???????????????? ?????????????? ?:1.??????????????? ?????? 2.???????????????? 1. This course is open to international students whose native language is not Chinese. Second, the content of economics has a strong timeliness, and any textbook is ""outdated"" when teaching, so this course relies on the topics of the textbook to supplement a large number of materials and hot spots related to business and economics during teaching. 3. Improve the level of ""Business Chinese"" from the four aspects of listening, speaking, reading and writing: Listen: 1. Listen to a few audio clips of ""business people"" talking about certain topics; 2. Tune in and watch some real-time news; 3. Listen to the recordings of the three parts of the text. 1. Express a topic about the ""Chinese economic background"". (RMB appreciation, Chinese market, advertising strategy, product competition...... ?? 2. Business language (language used in business dealings, company meetings, market inspections, etc.) ?? 3. Explain charts (bar charts, fan charts, etc.) Reading: Reading texts, economic news, economic materials (financial news, charts, advertisements...... ? Write: 1. Express views on some hot issues related to business and economy; 2. Write an IOU; Design and summarize questionnaires......",??????????? ????? ??????????
CHINA,Tsinghua University,BDE,BDE,BDE,40240702,Service Oriented Software Design and Development,2,Approved,2023,2,"in-class quiz (20%), oral presentation of design plan (30%), final project (50%)",32 hours,2 credits,-,,"??, ??? ( jietang@tsinghua.edu.cn, lijuanzi@tsinghua.edu.cn )",,"????? ???????????????????????????????????????????????? ????? ??????????????????????????????????????????????? ????? ?????????????????? ??????? The course aims to train the students to understand the underlying principles of service-oriented software design and implementation. The course will cover web service development and deploy, cloud based application implementation, Web application deploy and management. Students are expected, after the course learning, to be able to (1) implement the web protocol parsing; (2) understand the service-oriented analysis and modeling methods; (3) develop web service applications and deploy web application; (4) integrate different web service applications. Course Schedule: Week 1--?????SOA?? Week 2--Web???? Week 3--Web??????? Week 4--??SOA????? Week 5--SOA?????? Week 6--???? ???????? Week 7--?? Web??????? Week 8--?? Web??????? Week 9--?? SOA????????? Week 10-15 ?? SOA???????????? ?????????? Week 16 ???? ????","Teaching materials: Lecture Notes Reference book: [1] Service-Oriented Computing, M. P. Singh and M. N. Huhns, John Wiley & Sons, 2005. [2] Service-Oriented Software System Engineering: Challenges and Practices, Zoran Stojanovic and Ajantha Dahanayake, Ideal Group Publishing, 2005. [3] Patterns: Implementing an SOA using an Enterprise Service Bus, IBM RedBook, SG24-6346. [4] The Solution Designer's Guide to IBM On Demand Business Solutions?, IBM RedBook, SG24-6248."
CHINA,Tsinghua University,BDE,BDE,BDE,40240762,Fundamentals of Search Engine Technology,2,Approved,2023,2,?? (class participation) (10%) + ?? (homework)(40%) + ???? (project)(50%),32 hours,2 credits,-,,"???, ??? ( yiqunliu@tsinghua.edu.cn )",,"????? ????????????????????????????????????????????????? ????????????????????????????????????????????????? ???????????????????????????????????????????? ????? ????????????????????????????????????????????????? ?????????????????????????????????????????? Course description (English Translation): A search engine is one of the primary tools for internet users to obtain information, and the design and implementation process of search engines integrate the highest-level research achievements in the field of internet applications today. Through the study of this course, students can not only grasp knowledge closely related to practical internet applications, such as web information retrieval, web data mining, natural language processing, machine learning, etc., but also contribute to the development of their ability to comprehensively apply knowledge to solve problems. The teaching objectives of this course include understanding the basic principles of search engines, the thought process behind product design, and the business operation models. Students will also gain an understanding of the characteristics of the internet data environment and its impact on the design and implementation process of search engines. Furthermore, the course aims to provide in-depth learning and mastery of the key points in the system design and core algorithms of large-scale commercial search engines. Course summary (obtain from the university course portal): The explosive growth of data on the Web makes information management and knowledge discovery increasingly difficult. Therefore, Web search engines are developed based on traditional information retrieval techniques to help users locate useful on-line information in the huge amount of Web information sources. In this course, we will cover the theory and practice behind the implementation of search engines, focusing on a wide range of topics including the architecture of commercial search engines, methods for text storage and retrieval, the structure of the Web as a graph, and Web user behavior. Students will obtain necessary knowledge and skills for building up an experimental search system. Another characteristic of this course is that it is co-held with one of China?s leading search engine companies: Baidu.com. Instructors from Baidu.com will provide students with their most promising experience in search application area. Instructor from Tsinghua university will teach theoretical knowledge in search engine designation based on his research works in recent years.","Teaching material: ????--????????????????????????????2005 Main reference book: ??????? [1] Richardo Beeza-Yates?Modern Information Retrieval?????????2005? [2] Search Engines: Information Retrieval in Practice, W. Bruce Croft et al. 2009. [3] ???????????????????2007"
CHINA,Tsinghua University,BDE,BDE,BDE,40240982,Deep Learning and Financial Data Analysis,2,Approved,2023,2,"in-class test, small project, final project",32 hours,2 credits,Teach in bilingual (Chinese and English) (English teaching >=50%),,"???, ?? ( xlhu@tsinghua.edu.cn, zhuwu@sem.tsinghua.edu.cn )",,"????? ???????????????????????????????????????????????? ???????????????????????????????????????????????? ???????????????????????????????????????????????? ????????????Elman???????????????transformer????????????? ???????????????????????????????????????????????? ???????????????????????python??????????????Pytorch???? ???????????????????????+????????????????????????? ??????????? ??????? Deep learning is an important part of artificial intelligence. It is the one of the major driving forces for the resurgence of artificial intelligence in recent years. In addition, in recent years (since 2016), a surging trend with a combination of deep learning and finance emerges in top finance and economic journals. In this course, you will learn the basic concepts and history of deep learning. The theoretical foundation and typical models will be elaborated. The cutting-edge research about deep learning will also be discussed. Specifically, we will study the typical models including the multi-layer Perceptron, convolutional neural network, Elman recurrent neural network, long short-term memory network, transformer, generative adversarial network, etc. On one hand, selective applications of these models in computer vision and natural language processing will be covered. On the other hand, applications in finance and economics will also be covered. Python, a programming language and Pytorch, a neural network software, will be briefly introduced. In the end of the course, you are required to design a deep learning model for solving a practical problem, which can be chosen from a set of problems provided by the teacher or proposed by yourself, submit a course project report, and present the results in class.","Deep Learning. Ian Goodfellow, Yoshua Bengio and Aaron Courville. MIT press. 2018"
CHINA,Tsinghua University,BDE,BDE,BDE,40470492,Multi-modal Machine Learning,2,Approved,2023,2,no available information,32 hours,2 credits,-,,?? ( ZhaoHang0124@gmail.com ),,"Course Description: With the development of Internet, multimedia data have become increasingly accessible, such as images, audios, videos, texts, etc; the advances of artificial neural networks (e.g. large multi-modal model GPT4) have also made multimodal fusion a general trend in AI. This course covers applications including image/video processing and generation, audio/ speech processing and generation, natural language processing and generation. It introduces popular signal processing and machine learning techniques in the artificial intelligence field, such as data representation, data compression, sequence models, data synthesis, multimodal fusion, etc. Through lectures and course projects, students learn about the features of different signals, and their common ground. This class can be a follow up for computer vision and natural language processing classes",no available information
CHINA,Tsinghua University,BDE,BDE,BDE,40512402,Information and Valuation in Capital Market,3,Approved,2023,2,"Class participation, homework and final essay",32,2,This course is offered as one of the undergraduate courses taught in English in Spring 2024: https://acrobat.adobe.com/id/urn:aaid:sc:AP:c9f47b39-761e-4602- ad55-e4aa6ff05643,,XU Da ( xuda@sem.tsinghua.edu.cn ),https://acrobat.adobe.com/id/urn:aaid:sc:ap:dd7417de-2070-42f9-8572-491542873f81,"With the development of information technology, the capital market is generating massive amounts of information. How does this information affect asset pricing, and how do market participants acquire, process, and re-disseminate this information? This course aims to discuss the role of information, especially financial information, in the operation of capital markets, as well as various issues arising from this role. Additionally, the course will cover how to use Python to analyze financial and textual data.",There are no designated teaching materials. The course covers content from course materials.
CHINA,Tsinghua University,BDE,BDE,BDE,64203022,Elementary Chinese B,3,Approved,2023,2,Mid-term and Final Examination,32,2,-,,LU Li ( luli@mail.tsinghua.edu.cn ),https://acrobat.adobe.com/id/urn:aaid:sc:ap:8ef28819-f84d-4f03-8f8c-1e2666cc9b82,"This course has a total of 32 class hours and is a beginner Chinese language course for international graduate students throughout the school. This course is divided into two categories: ?1?One is related to the content of the beginner Chinese (A) course, which requires students to have studied Chinese for at least 48 hours and master 200 Chinese vocabulary. Through the course, students will further expand their vocabulary, master more complex grammar, and fluently communicate with others on topics such as weather, gift giving, and being guests. ?2? The other type is a single course for majors such as EMBA and GMBA. The course content is aimed at students with zero foundation in Chinese. Through course learning, students can master the basic knowledge of Pinyin, understand the basic structure of Chinese characters, master basic vocabulary and grammar structure, and be able to use the learned vocabulary to communicate on topics such as self introduction, time, and schedule.",-
CHINA,Tsinghua University,BDE,BDE,BDE,80470312,Research on Trending Topics in Natural Language Processing,2,Approved,2023,2,"homework, literature review presentation, class participation",32 hours,2 credits,NIL,,??? ( zhiliny@mail.tsinghua.edu.cn ),,"????????????????????????????? ?????????????????????????????? ????????????? This course will focus on cutting-edge topics in natural language processing, based on relevant background knowledge and centered on discussions of cutting-edge academic papers, covering important issues such as pre-training models, few-shot learning, multimodal, and knowledge representation.",Recent research papers published on conferences
CHINA,Tsinghua University,BDE,BDE,BDE,80511002,Corporate Mergers and Acquisitions,3,Approved,2023,2,Case Study & Examination,Nil,32,Semester 2 Exchange,,Yap Lu ( luyao@sem.tsinghua.edu.cn ),https://cloud.tsinghua.edu.cn/f/aaffe290949a42179c2f/,"M & As are an important strategic behavior for the rapid development and value promotion of modern firms. How to realize firm value 1 + 1 > 2 and 1-1 > 0 through corporate M & A and restructuring activities? The course will comprehensively introduce the motivation of M & As, the practical operation process of M & A deals, and how to make scientific and optimal decisions of an M & A transaction. The course will include 8 modules: M & A motivation, due diligence, M & A transaction structure design, M & A valuation, corporate control right design and competition, post transaction integration, other firm restructuring methods, and the new trend of M & A transactions and industrial development under the transformation of the digital economy. The course builds a complete knowledge system of M & A through 8 modules. The course not only includes the basic theoretical knowledge related to M & As, but also will lead you to understand how Geely Automobile, a Chinese private enterprise, evaded capital market risks and successfully acquired Daimler, the parent company of Mercedes Benz automobile, a major international company; how did a Chinese firm acquire the world's largest listed company of Kerr health products in Canada; how did Cisco, an internationally renowned high-tech company, maintain 30 years of global technology leadership through collaborative M & A with Sequoia Capital's ""listed company + PE"" for many years. Finally, the course will help you understand from theory to practice how firms can enhance and create value through M&A and corporate restructuring, and become an expert of capital markets.",Corporate Merger & Acquisition Restructuring
CHINA,Tsinghua University,BDE,BDE,BDE,80515133,Experimental Economics,3,Approved,2023,2,"Weekly Reading Report (30%), Final Presentation (20%), Final Course Paper (50%)",48,3,The number of AUs awarded by Tsinghua University is 3 credits.,,Xiao Liu ( liuxiao@sem.tsinghua.edu.cn ),https://acrobat.adobe.com/id/urn:aaid:sc:AP:cf9703b1-66c4-404c-a40b-f0d3ee25e7b0,"This course is an introduction to experimental economics. We will discuss basic principles and concrete procedures for successful experiments: Picking an interesting and important problem, creating a laboratory or field environment, choosing and motivating subjects, designing and conducting experiments, collecting and analyzing the data, and reporting the results. Students will learn the entire process of experimental research, from design to publishing a paper.","Experimental Methods by Daniel Friedman and Shyam Sunder (Cambridge University Press) The Handbook of Experimental Economics, edited by John Kagel and Alvin Roth (Princeton University Press)"
CHINA,Tsinghua University,BDE,BDE,BDE,30511053,Corporate Finance,3,Approved,2023,1,1.?????? 2.?????4???20%? 3.???? ?20%? 4.???? ?60%?,48,3,Spring semester,,?? ( shentao@sem.tsinghua.edu.cn ),https://www.tsinghua.edu.cn/en/pdf/2018-2019UndergraduateEnglishTaughtCourses.pdf,"Firms compete in Consumer & Business Markets to sell their products & services, and they also compete in Capital Markets for the resources required to operate their business. Investors provide the capital (resources) to companies with the expectation that they will earn a competitive return on their capital and compensate themfor risk. A consumer or business manager is continuously faced with financial choices and meeting the demands of both of these arenas of competition. For the consumer these choices include, among others, financing a purchase, saving for retirement and evaluating investment products. For a business manager the choices include deciding which projects to pursue and alternative approaches to provide funds for these projects. Finance is the study of a framework that can be used to evaluate these choices consistent with the necessity of competing for investor capital. Regardless of your ultimate career, a solid understanding of the fundamentals of finance, will serve you well.",NA
CHINA,Tsinghua University,BDE,BDE,BDE,40511202,International Business,3,Approved,2023,1,To be confirmed,32,2,6 Sept 2023 - 31 Jan 2024,,??? ( xiezhzh3@sem.tsinghua.edu.cn ),,"International Business differs in important ways from business conducted within national borders. It poses additional challenges but also offers new opportunities. This course focuses on the strategic challenges confronting firms that compete in the global economy. Material from strategic management, economics, organizational behavior, and other related areas are covered. Our objective is to have an enhanced understanding of the most fundamental question in international business: What determines the success and failure of companies in an international context? We emphasize the use of analytical tools and concepts but provide many real-world examples. Course projects help students develop their research and writing skills. The course is integrative by design, which leads to some overlap with material taught in other courses. The course topics may not follow the chapters of the textbook.","Global Business, 4th Edition, by Mike W. Peng, Cengage Learning (ISBN: 978-1-305-50089-1), 2016."
CHINA,Tsinghua University,BDE,BDE,BDE,64203022,Elementary Chinese B,2,Approved,2023,1,Mid-term and Final Examination,32,2,-,,LU Li ( luli@mail.tsinghua.edu.cn ),https://acrobat.adobe.com/id/urn:aaid:sc:ap:8ef28819-f84d-4f03-8f8c-1e2666cc9b82,"This course has a total of 32 class hours and is a beginner Chinese language course for international graduate students throughout the school. This course is divided into two categories: ?1?One is related to the content of the beginner Chinese (A) course, which requires students to have studied Chinese for at least 48 hours and master 200 Chinese vocabulary. Through the course, students will further expand their vocabulary, master more complex grammar, and fluently communicate with others on topics such as weather, gift giving, and being guests. ?2? The other type is a single course for majors such as EMBA and GMBA. The course content is aimed at students with zero foundation in Chinese. Through course learning, students can master the basic knowledge of Pinyin, understand the basic structure of Chinese characters, master basic vocabulary and grammar structure, and be able to use the learned vocabulary to communicate on topics such as self introduction, time, and schedule.",-
CHINA,Tsinghua University,BDE,BDE,BDE,70660113,International Law,3,Approved,2023,1,To be confirmed,48,3,6 Sept 2023 - 31 Jan 2024,,??? ( jiab@mail.tsinghua.edu.cn ),,"International law as a normative system regulates the relations between, primarily, sovereign States. As a subject for teaching, it consists of the topics of subjects, nationals, territory, the law of the sea, the law of outer space, environmental law, law of treaties, human rights, international organizations, and dispute settlement.","1??????????:???????????????????? 2015 ?(???????????);2?M. Shaw, International Law, 8th ed, 2017; 3?M. Evans, International Law, 5th ed., 2018."
CHINA,Tsinghua University,BF3216,FIXED INCOME SECURITIES,Major-PE,40511263,Fixed Income Securities and Interest Rate Modeling,3,Approved,2023,2,N.A,48,3,N.A,,Wang Hao ( N.A ),http://intl-nondegree.tsinghua.edu.cn/f/yzlxs/yz_lxs_kstzb/view?id=264623,"??????????????????????????????? ??????????????????????????????? ??????????????????????????????? ??????????????????????????????? ??????????????????????????????? ???????????????????????????? Course description in English The course is for students considering careers practicing fixed-income securities trading and modeling and those interested in academic or regulatory research in fixed-income securities and credit risk management. It provides an overview of fixed-income markets and introduces tools to price fixed-income instruments. Although the topics are quantitative by nature, we will not focus on technical issues per se. The goal is to help students understand fixed-income securities, learn trading strategies, and practice pricing skills.",N.A
CHINA,Tsinghua University,BF3217,EQUITY VALUATION,Major-PE,40512402,Information and Valuation in Capital Market,3,Approved,2023,2,N.A,32,2,N.A,,?? ( N.A ),https://intl-nondegree.tsinghua.edu.cn,N.A,N.A
CHINA,Tsinghua University,BT2404,SERVICES OPERATIONS MGT,Major-PE,80168062,Service Operations Management,3,Approved,2023,1,Unavailable,32,2,"Information taken from Course List sent to students by email, hence no URL.",,LI Lefei ( lilefei@tsinghua.edu.cn ),,"[Description] This course focuses on service strategy, service operations, and related information technologies. It aims to train students to adopt the concepts and methods of management science to solve strategic planning and operational management problems in the service industry. The course will focus on the teaching of concepts and methods, supplemented by rich case studies of domestic and foreign service industries, plus practice or experiments on individual topics, with an emphasis on service innovation. [Syllabus] Service Operations & Management Overview 1 week Service strategy and new service development 2 weeks Service quality, service-related technology 2 weeks Service contact, support facility 2 weeks Service Facility Positioning and Information Technology 1 week Service demand forecasting and management 1 week Service Capacity Management and Queuing Model 2 weeks Service Supply Relationship and Item Management 1 week Service Innovation Case Study 1 week Visit practice 1 week Project report 1 week Experiment 1 week","?Service Management Operations, Strategy, Information Technology?,James, A. Fitzsimmons and Mona, A. Fitzsimmons. McGraw Hill"
CHINA,Tsinghua University,BU5202,INVESTMENTS,BDE,40511423,Investment,3,Approved,2023,2,Examination,48,3,"The URL for course info is the most updated description that can be found on the Internet. This course was offered as one of the undergraduate courses taught in English in Spring 2023: https://intl- nondegree.tsinghua.edu.cn/f/yzlxs/yz_lxs_kstzb/view?id=264623. The mode of assessment can be found via this link using the keywork ""?? ?"": https://www.sss.tsinghua.edu.cn/__local/0/E1/9D/4A022A5A7ACEF0 BA0499B82005D_C7B4B11E_FAF51.pdf There are 2 other possible professors for this course: 1. WANG Tianyu (wangty6@sem.tsinghua.edu.cn) 2. ZHU Yingzi (zhuyz@sem.tsinghua.edu.cn)",,WANG Yintian ( wangyt2@sem.tsinghua.edu.cn ),https://masonabroad.gmu.edu/_customtags/ct_FileRetrieve.cfm?File_ID=01067577744F07060C06717305061C70097A7714737D73046E07030406777402750005737004060001,"This course will introduce and delineate basic concepts and techniques in investments by examining such topics as risk-return tradeoff, optimal portfolio construction, Capital Asset Pricing model, APT, Market efficiency, bonds and futures. On the theoretical side, this course introduces fundamental knowledge for investment strategies and portfolio management. On the practical side, this course covers recent topics that are related to the investment strategies and portfolio management. Some projects of portfolio management are specially designed to let you apply the theoretical knowledge to practice. This course introduces the theory and practice of investment management. It provides you with fundamental knowledge of financial markets and asset pricing, and recent development of investment tools and strategies. This course is highly recommended for students who intend to pursue a finance career or further studies in derivatives, fixed income securities, or portfolio management. By the end of the class, you will have a basic grasp of the following topics: 1. The risk-return tradeoff in financial markets; computing security risk and return and equity indices. 2. Basics of investing mechanism, including buying securities on margin, selling short securities, asset allocation strategies, and active versus passive investment management. 3. Overview of different asset classes such as equity, fixed-income securities and derivatives; introduction to the concepts of fixed- income securities and derivatives. 4. Measuring portfolio risk and return, forming optimal portfolio using mean-variance analysis, portfolio diversification, deriving efficient frontier. 5. The security market line and capital asset pricing model (CAPM) 6. Understanding the concepts of financial market efficiency and anomalies; examining evidence on profitable trading strategies in US and around the world. 7. Investigating different types of mutual funds; developing performance measures of mutual funds; using these measures to evaluate mutual fund performance in the U.S..",-
CHINA,Tsinghua University,CS4058,INTERCULTURAL COMM,Major-PE,80670632,Intercultural Comunication,4,Approved,2023,2,nil,32,2,nil,,DUNHAM RICHARD SCOTT ( nil ),,"to learn the concept and theoretical framework, paradigms and research methodology of intercultural communication at interpersonal/organizational/mass media levels; *to acquire the ""backgrounder"" of the main patterns of global media/culture and basic skills in intercultural communication; *to apply the coursework to intercultural praxis in journalism, broadcasting, advertising and public relation.",nil
CHINA,Tsinghua University,CS4311,PROMOTING SUSTAINABILITY,BDE,70590773,Introduction to Sustainable Development,4,Approved,2023,1,a.Class attendance and participation b.Simulation*2 c.Group presentation d) Term Paper,48,3,nil,,ZHANG Fang ( fangzhang@tsinghua.edu.cn ),,"Sustainable development (SD) refers to a holistic approach to economic, social, and environmental progress that aims to meet the needs of the present without compromising the ability of future gen- erations to meet their own needs. It encompasses the idea of balancing economic growth, social equity, and environmental protection to ensure that development occurs in a way that is viable in the long term. It aims to improve quality of life across economic, social, and environmental realms without compromising the earth?s fragile ecosystems. This balanced approach is critical for human-ity? long-term prosperity and survival. Implementing sustainable practices now helps ensure the viability of the planet for generations to come. This course highlights the conflicts associated with the concept of SD on the national and the glob-al scales. The practical solutions to sustainable development will be examined in different national contexts and at the global level. The topical issues, such as climate change, energy transition and food & neutrition, are selected for in-depth discussion as these issues render profound impact on the sustainability of our planet, thus the survival of future generations.",Sustainable development: key concepts and debates Ecological Economics of SD (I) Ecological Economics of SD (II) Simulation 1: Fishbanks Social and equity aspects of SD: Sustainable and healthy diets and the United Nations' Sustainable Development Goals Financing a Sustainable Future: An Introduction to Sustainable Finance Innovation for sustainable prosperity Digital technologies & sustainable development Simulation 2?Wedge game Policy goals and toolbox of policy instruments Policy gaps and politics Global sustainable governance and institutions Local climate actions & just transition The U.S. energy strategies and climate action Green industry policy
CHINA,Tsinghua University,EE5086,"ASTRONOMY-STRS,GAL & COS",BDE,40920013,Stars and Planets,3,Approved,2023,2,"Problem sets, presentation, report",48,3,The URL for course info is the most updated description that can be found on the Internet. This course was offered as one of the undergraduate courses taught in English in Spring 2023: https://intl- nondegree.tsinghua.edu.cn/f/yzlxs/yz_lxs_kstzb/view?id=264623.,,Ormel Christiaan Wessel ( chrisormel@mail.tsinghua.edu.cn ),https://www.tsinghua.edu.cn/en/pdf/ut2022.pdf,"Stars are the objects into which our universe has converted most of its (baryonic) matter. There may be over 10^22 stars in the universe and modern estimates indicate that most of these stars are (or were) accompanied by planets. This course aims to understand key questions as: why do stars have a mass of about 1 solar mass, which conditions must be met for nuclear fusion, how do planets form, what determines the size and composition of planets, howcan we detect exoplanets, when is a planet system stable. The aim of this course is to understand the fundamental properties of stars and planets from elementary physical principles. This course is organized according to several modules: 1. Introduction to key Astronomy concepts 2. Matter under astrophysical conditions 3. Planet and stellar Birth 4. Planet and stellar Evolution and Death 5. Planet and stellar Atmospheres 6. Planet and stellar Dynamics Student participation and problem sets play an instrumental part throughout the course. The classical instruction will be further supplemented by presentations and a report from students on a topic of their choosing related to the field of stars and planets.",-
CHINA,Tsinghua University,HC2040,UNDERSTANDING CHINA,BDE,60690032,An Introduction of Chinese History and Culture,3,Approved,2023,1,Not stated,32,2,Nill,,CHENG Gang?? ( na ),,"This is a course of Chinese Civilization in which the basic requirements include both teaching within lesson and watching museums without lesson. In this course some dynasties or topics (Confucianism, Buddhism, Taoism and Sino west Cultural Exchanges) are selected as the teaching subjects , and these dynasties and topics are represents of Chinese civilization. Students are encouraged to get the interrelated understanding and sensitive perception of Chinese civilization. The teaching ideas of this course are as follows : (1) Formation and development of Chinese Civilization are the outcome of dynamic interactions between. pre agricultural civilization, agricultural civilization, nomadic civilization, maritime civilization and industrial civilization. The capacities of material production and social organization are two basic foundations; (2) the material quality and its processing technology are the key for the understanding Chinese civilization and they provide material foundation of Chinese cosmology and view of nature . The development from jade to the bronze, and then to iron and porcelain, are the embodiment of Chinese spirit and its technique. When we are watching museum, what we get are not only appreciation of the beauty of material quality and art design, but also the apprehension of Chinese social values. This is a slow cultural evolution which could only be measured with the scale of millennium . 3 Chinese civilization has a peculiar wisdom of social organization. These wisdom are embodied in the scholarships as Confucianism, Taoism and Legalism. With the help of classical learning and the family state spirit , Chinese civilization established a large cultural system which are characteristic of meritocracy,hardworking and frugality. (4) Chinese civilization are divided into three periods: (a) from the beginning to the end of East Han Dynaty; (b) from Weijin dynasties to the end of Qing dynasty; (c) From 1911 to today. The contents of this course are as follows: (1) pre agricutural civilization; 2 agricultural 3 competitions between agricultural and nomadic civilization ; (4) Rise of maritime civilization and its dilemma; 5 Rise of the Chinese industrial civilization;","Hsuu, Cho yuun China : a new cultural history Cho yun Hsu ; translated by Timothy D. Baker, Jr. and Michael S. Duke (Masters of Chinese studies) Columbia University Press, c2012. Hawai'i Reader in Traditional Chinese Culture Mair, Victor H. (EDT)/ Steinhardt, Nancy Shatzman (EDT)/ Goldin, Paul Rakita (EDT) University of Hawaii Press 2005"
CHINA,Tsinghua University,HE3010,MONEY & BANKING,BDE,30510523,Money and Banking,3,Approved,2024,2,Examination,48,3,This course was offered as one of the undergraduate courses taught in English in Spring 2024,,?? ( liuqing@sem.tsinghua.edu.cn ),https://masonabroad.gmu.edu/_customtags/ct_FileRetrieve.cfm?File_ID=01067577744F07060C06717305061C70097A7714737D73046E07030406777402750005737004060001,"Why do people hold money? What determines the amount of money people hold relatively to other assets? What role do banks and other financial institutions play in the economy? Why isn't there just one world currency? How does the monetary policy work in an economy? These are the fundamental questions in monetary economics, and the purpose of the course is to provide students with the comprehensive analysis of the money markets and modern monetary policy. Throughout the course, a special emphasis will be put on using simple mathematical models to answer the questions we are interested in, rather than focusing on institutional details, which traditionally are the focus of money and banking courses. This course is designed as a survey of the basic theories in monetary economics for advanced undergraduate students. A good skill in mathematics will be helpful for the understanding of the lectures. Among the topics to be covered include: money demand and money supply, inflation and optimal quantity of money, international monetary system, Banking, monetary policy transmission mechanism, strategy of monetary policy and optimal monetary policy, time inconsistency problem in monetary policy. For each topic covered, a core body of theories, issues, and evidence will be presented and discussed.",-
CHINA,Tsinghua University,HE3010,MONEY & BANKING,Major-PE,30510523,Money and Banking,3,Approved,2023,2,Examination,48,3,This course was offered as one of the undergraduate courses taught in English in Spring 2024,,?? ( liuqing@sem.tsinghua.edu.cn ),https://masonabroad.gmu.edu/_customtags/ct_FileRetrieve.cfm?File_ID=01067577744F07060C06717305061C70097A7714737D73046E07030406777402750005737004060001,"Why do people hold money? What determines the amount of money people hold relatively to other assets? What role do banks and other financial institutions play in the economy? Why isn't there just one world currency? How does the monetary policy work in an economy? These are the fundamental questions in monetary economics, and the purpose of the course is to provide students with the comprehensive analysis of the money markets and modern monetary policy. Throughout the course, a special emphasis will be put on using simple mathematical models to answer the questions we are interested in, rather than focusing on institutional details, which traditionally are the focus of money and banking courses. This course is designed as a survey of the basic theories in monetary economics for advanced undergraduate students. A good skill in mathematics will be helpful for the understanding of the lectures. Among the topics to be covered include: money demand and money supply, inflation and optimal quantity of money, international monetary system, Banking, monetary policy transmission mechanism, strategy of monetary policy and optimal monetary policy, time inconsistency problem in monetary policy. For each topic covered, a core body of theories, issues, and evidence will be presented and discussed.",-
CHINA,Tsinghua University,HE3020,INTERNATIONAL ECONOMICS,Major-PE,40510763,International Economics - Theory and Policy,3,Approved,2023,2,"Homework (10%), Participation (5%), Midterm (30%), Final (45%), In class presentation (10%)",48,3,This course was offered as one of the undergraduate courses taught in English in Spring 2023: https://intl- nondegree.tsinghua.edu.cn/f/yzlxs/yz_lxs_kstzb/view?id=264623.,,MA Hong ( mahong@sem.tsinghua.edu.cn ),https://gem.ntu.edu.sg/_customtags/ct_FileRetrieve.cfm?File_ID=05057371744F7177067671060F701C08080E7414710F07056E74087273757605057470017570040701,"This course aims to provide students with a survey of fundamentals in international economics, in both theory and empirics. Topics include essential theories of international trade and empirical evidence. Through the course, you will have a better understanding about why countries trade, what they trade, the benefits and costs of trade, and the motivations for and the effects of government trade policies.","[FT] Robert C. Feenstra, Alan M. Taylor (2016), International Economics, 4th edition, Worth Publishers. Available in the SEM library. [3rd edition is OK] [KOM] Krugman, Paul, Maurice Obstfeld, and Marc Melitz (2012), International Economics: Theory & Policy, 10th edition, Addison- Wesley. Available in the SEM library. [9th edition is OK]"
CHINA,Tsinghua University,HE3021,DEVELOPMENT ECONOMICS,Major-PE,30510863,Developmental Economics,3,Approved,2024,2,Exam,48,3,"Hi Prof, I would like to challenge myself and take a mod in Chinese",,??? ( Nil ),https://webvpn.tsinghua.edu.cn/http/77726476706e69737468656265737421eaff4b8b227e6b597d469dbf915b243d1569e38ddd4b59c06f/js.vjsKcbBs.do?m=showToXs&p_id=2024611030;30510863,"This is a comprehensive outline of a development economics course. Here's a translation to English: **1. Introduction:** What is development economics and how is it studied? **2. From Underdeveloped to Developed - Growth and Structural Transformation:** * Classical Growth Models: Harrod-Domar Model, Solow Model * Stages of Economic Growth Theory * Poverty Traps and Economic Growth: The impact of increasing returns (complementarity and economies of scale) on economic growth * Poverty Traps, Big Push, and Unbalanced Growth Theory * Dual Economy Theory: Lewis Model, Ranis-Fei Model, Harris- Todaro Model * Agricultural Development in Developing Countries: Schultz's Theory of Agricultural Development * Induced Technological Change Theory in Agriculture * Providing Inputs for Agriculture **3. Harmony between People, Society, and Nature - Multi- Dimensional Development:** * Income Distribution and Development: Measures of income distribution, the interaction between income distribution and economic growth, income distribution strategies * Poverty and Development: What is poverty, measures and calculations of poverty, poverty reduction policies * Human Resources and Development: Demographic Transition Theory; The impact of population size and structure on economic growth; Employment and growth * Gender and Development: Gender perspectives in development studies; Intra-household resource allocation models * Natural Resources, Environment, and Development: Sustainable development theory and policies; Poverty and sustainable development **4. Development in Global Integration - Opening Up and Development:** * Trade and Development: A review of trade theories; Import substitution and export promotion strategies * Foreign Investment and Development: ""Two-Gap"" Model, theories on FDI **5. Mechanisms to Promote Development - Institutions and Development:** * Markets and Development: Rural informal markets (land, labor, credit, insurance) in developing countries * Government and Development: The role and responsibilities of governments in economic development in developing countries * Law and Development: The role of law in economic development; Relevant theories and models",No info
CHINA,Tsinghua University,HE3021,DEVELOPMENT ECONOMICS,Major-PE,30510863,Developmental Economics,3,Approved,2023,2,Exam,48,3,"Hi Prof, I would like to challenge myself and take a mod in Chinese",,??? ( Nil ),https://webvpn.tsinghua.edu.cn/http/77726476706e69737468656265737421eaff4b8b227e6b597d469dbf915b243d1569e38ddd4b59c06f/js.vjsKcbBs.do?m=showToXs&p_id=2024611030;30510863,"This is a comprehensive outline of a development economics course. Here's a translation to English: **1. Introduction:** What is development economics and how is it studied? **2. From Underdeveloped to Developed - Growth and Structural Transformation:** * Classical Growth Models: Harrod-Domar Model, Solow Model * Stages of Economic Growth Theory * Poverty Traps and Economic Growth: The impact of increasing returns (complementarity and economies of scale) on economic growth * Poverty Traps, Big Push, and Unbalanced Growth Theory * Dual Economy Theory: Lewis Model, Ranis-Fei Model, Harris- Todaro Model * Agricultural Development in Developing Countries: Schultz's Theory of Agricultural Development * Induced Technological Change Theory in Agriculture * Providing Inputs for Agriculture **3. Harmony between People, Society, and Nature - Multi- Dimensional Development:** * Income Distribution and Development: Measures of income distribution, the interaction between income distribution and economic growth, income distribution strategies * Poverty and Development: What is poverty, measures and calculations of poverty, poverty reduction policies * Human Resources and Development: Demographic Transition Theory; The impact of population size and structure on economic growth; Employment and growth * Gender and Development: Gender perspectives in development studies; Intra-household resource allocation models * Natural Resources, Environment, and Development: Sustainable development theory and policies; Poverty and sustainable development **4. Development in Global Integration - Opening Up and Development:** * Trade and Development: A review of trade theories; Import substitution and export promotion strategies * Foreign Investment and Development: ""Two-Gap"" Model, theories on FDI **5. Mechanisms to Promote Development - Institutions and Development:** * Markets and Development: Rural informal markets (land, labor, credit, insurance) in developing countries * Government and Development: The role and responsibilities of governments in economic development in developing countries * Law and Development: The role of law in economic development; Relevant theories and models",No info
CHINA,Tsinghua University,HE3032,GAME THEORY,Major-PE,00510433,"Game,Decision Making and Queuing Theory",3,Approved,2024,2,Exam,48,3,"Hi Prof, I would like to challenge myself and take a mod in Chinese",,?? ( yangliu@sem.tsinghua.edu.cn ),https://webvpn.tsinghua.edu.cn/http/77726476706e69737468656265737421eaff4b8b227e6b597d469dbf915b243d1569e38ddd4b59c06f/js.vjsKcbBs.do?m=showToXs&p_id=2010990146;00510433,"The course consists of three main modules: queueing theory, game theory and decision theory. While covering the basic theory, we will introduce tremendous practical examples to further the understanding of the theory. In the part of decision theory, we will use case study. From this course, students should learn how to model and solve a queueing problem and a decision making problem for both one player and multiple players. In addition, based on these three modules, students should try to understand operations research from a systematic view. The topics covered in this course are: 1. Game theory (Fundamentals of game theory, Nash equilibrium, Backward induction and subgame perfect equilibrium, Repeated game and games with incomplete information, Agency theory) 2. Decision theory (Introduction to modeling; Decision trees; Treeplan; Value of information, Ventron case; Sensitivity analysis; Risk profiles, Utility theory, Gillette vs. energizer case; Probability assessment; Multi-objective decision making) 3. Queueing theory (Birth- death process and poisson process, M/M/s queueing system, Other queueing systems and system optimization, Queueing system simulation method)","????? 1. Gibbons, Robert. Game Theory For Applied Economists. Princeton, NJ: Princeton University Press, 1992. ISBN: 0691003955. 2. Osborne, Martin, and Ariel Rubinstein. A Course in Game Theory. Cambridge, MA: MIT Press, 1994. ISBN: 0262650401.(Graduate level) 3. John Shortle, James Thompson, Donald Gross, Carl Harris. Fundamentals of Queueing Thoery. 2018. Fifth Edition"
CHINA,Tsinghua University,HP1000,INTRO TO PSYCHOLOGY,BDE,00701601,Exploring Psychology,3,Approved,2023,1,Unavailable,16,1,NIL,,QianJing ( jqian@tsinghua.edu.cn ),https://www.tsinghua.edu.cn/en/pdf/ut2022.pdf,"This course provides a brief introduction to psychology. Topics include history of psychology, research methods, biological bases of behavior, sensation and perception, consciousness, learning and memory, life- span development. Class lectures emphasize an empirical approach to a scientific understanding of human behavior across these diverse domains. In addition to learning basic knowledge about psychology, students will learn how psychologists ask questions, evaluate evidence, and communicate with each other. This course aims to inspire students to reason about current affairs and social phenomenon through the lens of a psychologist. That is, to critically evaluate evidence and to form one?s own opinion based on sound",Unavailable
CHINA,Tsinghua University,HP3703,HEALTH PSYCHOLOGY,BDE,30700913,Health Psychology,3,Approved,2023,2,Presentation and Assignment,48,3,N.A,,?? ( N.A ),,???? ???? ????????? ??? ??????? ??? ???????????????? ??? ???????????????? ??? ?????????????? ???? ???????? ??? ?????????? ?? ??? ?????????? ??? ???????? ??? ?????? ???? ????????????? ??? ??????????????? ?????? ??? ??????????????? ?????? ???? ??????????????? ?????? ???? ?????????????? ???? ???????? ???? ????? ???? ???????? ????????????? ????? 1. ?????10%??2. ????: ??????20%??3. ??? ???20%?? 4. ??????50%?? 2. ???????? ???????????????????????? ??????1??????????????2???????? ???????????????????3?????????? ?????????4???????????????????? ?????????????????????? 3. ?????3000???? 4. ????????18????? 5. ?????1. ???????????,"????? 1. Ken Wilber. Integral Psychology: Consciousness, Spirit, Psychology, Therapy. 2000 (?????. ???. ????????? ??????) 2. ??.???: ?????????? 3. Brian Luke Seaward:??????????????????? ???? 4. Judith Beck??????????????????? 5. ?????????????? 6. Neil?????????????? 7. Frank & Andre: ??????????????????"
CHINA,Tsinghua University,HS3004,CITIES & URBAN LIFE,Major-PE,00000171,Modern Chinese Architecture and Urbanism: Building Types and Aesthetic Styles in the Global Context,3,Approved,2023,1,To be confirmed,16,2,6 Sept 2023 - 31 Jan 2024,,??? ( liuyishi@tsinghua.edu.cn ),,"This class introduces the profound socio-political transformation of modern China and related sea change of modern architecture, based up which the students will be guided to identify West-influenced modern Chinese architecture and appreciate architectural aesthetics as well as socio-cultural thought. this class aims to address these questions to chart out the trajectory of development of architectural styles in modern China from a global perspective, with unfamiliar adaptions and modifications. In addition to explicating how to identify the characteristics of these styles, the instructor will also introduce a global comparative method to study socio-cultural change behind visual identities to better understand modern China.",NIL
CHINA,Tsinghua University,HS3054,SOCIAL PSYCHOLOGY,Major-PE,80700752,Seminar in Applied Social Psychology,3,Approved,2023,1,1. Class participation 20% 2. Reading preparation and presentation 30% 3. Final term paper 50%,32,2,6 Sept 23 - 31 Jan 24,,??? ( pengkp@tsinghua.edu.cn ),,"Welcome to the class! In this course, we will explore psychological questions that are to social behaviors in real life, such as, how to talk to others? How to inspire people? How to make important decision? How and why do we act, think, and feel the way we do? How to build teams and lead others to do good jobs? How to stay positive at the times of conflict, confusion, stress and changes? We will explore these questions from the biological, developmental, cognitive, social, and cultural perspectives. You will learn about exciting research in psychology as well as the relevance to business world.","Chiu, C. Y., Hong, Y. Y., & Dweck, C. S. (1997). Lay dispositionism and implicit theories of personality. Journal of Personality and Social Psychology,73(1), 19-30. Morris, M. W., & Peng, K. (1994). Culture and cause: American and Chinese attributions for social and physical events. Journal of Personality and Social psychology, 67(6), 949-971. Tversky, A., & Kahneman, D. (1974). Judgment under uncertainty: Heuristics and biases. Science, 185, 1124-1131. Nisbett, R., Peng, K., Choi, I., & Norenzanan, A. (2001). Culture and system of thoughts: Holistic versus analytic cognition. Psychological Review, 108, 291-310. Ji, L., Nisbett, R. E., & Su, Y. (2001). Culture, change and prediction. Psychological Science, 12, 450-456."
CHINA,Tsinghua University,HV8001,INTRO TO ENVIRONMENTAL HUM,BDE,80691063,"The Environment: From the Perspective of History, Science, and Technology",3,Approved,2023,1,Rating based on: 25% report presentation 25% class questions 50% final paper,48,3,nil,,BARDI ALBERTO ( not given ),,"This course explores environmental issues such as intellectual history, global history, and microhistory from a broad historical perspective and different methodological frameworks. Students will become familiar with current historical issues related to the environment (including the ""Anthropocene"") and become familiar with different approaches to delving into historical issues. Topics discussed in this course include: What is the relationship between history and the environment? Does the environment shape people, or do humans shape the environment? To what extent has technology changed the environment? What is the relationship between the environment and food production? How has industrialization changed our conception of the environment and food? Agricultural topics are then the proper meaning of this course. For example, from the beginning of time immemorial, farmers cultivated the land. But the peasant itself is conceptualized and seen as a recent process on a historical epistemological problem. In addition, peasants were assigned to the periphery, while the central areas were considered the poles of civilization. Can we accept this conceptual framework? If food production is on the margins, how can it play a central role in our daily lives?",Not stated
CHINA,Tsinghua University,MH4311,CRYPTOGRAPHY,BDE,40470024,Fundamentals of Cryptography,4,Approved,2023,2,"30% homework, 40% midterm exam, 30% final project",64 hours,4 credits,"(The information below is obtained from teaching prof's personal website: http://www.chenyilei.net/cryptography-s2024.html) Tentative Schedule: 0226 Lecture 1: Introduction I 0228 Lecture 2: Introduction II 0304 Lecture 3: Encryption with perfect secrecy 0306 Lecture 4: ?Computational hardness and one-way functions, factoring 0311 Lecture 5: Algorithms and hard problems related to factoring, RSA, and discrete-log 0313 Lecture 6: Indistinguishability and pseudorandomness 0318 Lecture 7: Pseudorandom generators 0320 Lecture 8: Hardcore bits: Yao, Goldreich-Levin 0325 Lecture 9: Pseudorandom functions: definitions and construction attempts 0327 Lecture 10: GGM's construction of PRF, and probabilistic encryption 0401 Lecture 11: Public-key encryption 0403 Lecture 12: Digital Signature, hash functions 0408 Lecture 13: Collision resistant hash functions and random oracles ?0410 Midterm Exam 0415 Lecture 14: Project ideas, lattice, SIS, and LWE 0417 Lecture 15: Public-key encryption from LWE 0422 Lecture 16: (Levelled) fully homomorphic encryption from LWE 0424 Lecture 17: From levelled FHE to FHE: Bootstrapping 0429 Lecture 18: Interactive proofs, zero-knowledge 0501 ??? 0506 Lecture 19: Zero-knowledge proofs for all NP, commitments 0508 Lecture 20: MPC I: Oblivious transfer 0513 Lecture 21: MPC II: Yao's Garbled circuits 0515 Lecture 22: Obfuscation I: definitions 0520 Lecture 23: Obfuscation II: applications 0522 Lecture 24: Obfuscation III: constructions 0527 Lecture 25: Advanced topics: Pairing, IBE, ABE, FE. 0529 Project presentation I 0603 Project presentation II 0605 Project presentation III 0610 Dragon boat festival 0612 Project presentation IV. Ending.",,??? ( chenyilei@mail.tsinghua.edu.cn ),,"Course Description: Modern cryptography aims to protect information privacy, integrity and authentication. In this course, we first review basis of discrete probability, algebra and classical cryptography. Then there are three sections remaining: (1) symmetric key encryption (e.g., block cipher), (2) public key encryption, (3) cryptographic protocols (e.g., key exchange, digital signature) and applications (e.g., blockchain). Except for the cryptographic mechanisms, we would also introduce the related cryptanalytic methods and implementations. This course has course projects in group of two or three students, mainly about applications of cryptography or side channel attack to cryptographic system.","Main ?reference: A Course in Cryptography, Chapters 1-6, Rafael Pass & abhi shelat https://www.cs.cornell.edu/courses/cs4830/2010fa/lecnotes.pdf ?Other references: A graduate course in applied cryptography, Dan Boneh & Victor Shoup Foundations of Cryptography I, II, Oded Goldreich"
CHINA,Tsinghua University,MH4320,COMPUTATIONAL ECONOMICS,BDE,30470154,Game Theory,4,Approved,2023,2,-,64 hours,4 credits,-,,??? ( zfang@mail.tsinghua.edu.cn ),,"Part One: Normal-form games Part Two: Extensive games Part Three: Bayesian games Part Four: Mechanism design Course Description: This course will serve as an introduction to game theory: a vastly popular branch of microeconomic theory concentrating on interactions of players. Concretely, it can be divided into two phases. On the first phase, we will focus on the ""modeling and analysis"" of games. We will show how to turn an economic situation into game theoretical models and analyze its solution, i.e., how to play the game. The corresponding topics are: normal-form games, extensive-form games, repeated games and games with incomplete information. On the second phase, we will focus on the ""design"" of games. We will provide various frameworks to design a game in certain realistic environments and use techniques learnt from the previous phase to analyze design performance. The corresponding topics are: mechanism design, voting, auction and e-commerce applications. It is preferable that students have basic knowledge on calculus, probability theory, algorithm (in particular, linear program), and programming.",-
CHINA,Tsinghua University,PE,PE,Major-PE,40470293,Quantum Communication and Cryptography,3,Approved,2024,1,Midterm: 30% Final: 40% Assignment: 30%,48,3,nil,,??? ( xma@tsinghua.edu.cn ),,"This course mainly introduces the frontier of quantum communication and quantum cryptography, including: foundation of quantum mechanics, basics of information theory, quantum entanglement theory, quantum communication and teleportation, and quantum cryptography and the associated physical implementation. Various related fields will also be discussed, including quantum key distribution, quantum networks, quantum hacking, quantum random number generators, quantum teleportation, multi-photon entanglement, and experimental implementations based on quantum optics. The basic theories and experimental ideas in these directions will be explained, as well as the current research hotspots. Students are encouraged to study the latest research advances in one direction and to extend the learning. This course is suitable for senior undergraduates. The aim of this course is to provide students with a theoretical and experimental basis for quantum information science, and to help future researchers choose their own field of research in quantum communication and cryptography. 1.Introduction(1 lectures)? Quantum intrinsic randomness Quantum entanglement: EPR Paradox, Bell?s inequality, teleportation Information theory: Shannon theory, Error Correction Quantum cryptography 2.Foundation of quantum information (3 lectures) Quantum state and measure: Bloch sphere, Positive operator-valued measure measurement, Bell-state measurement Unitary transformation, Noisy Evolution No-cloning theorem, No-deletion theorem Bipartite system Quantum channel 3. Applications on Multiparty Quantum System (2 lectures) Bell's inequalities: Clauser-Horne-Shimony-Holt inequality, CH and Eberhard's inequality, implementation and loopholes Quantum teleportation Quantum super dense coding Remote state preparation 4. Quantum information theory (2 lectures) Classical Information Theory: Shannon entropy, Relative Entropy, Conditional Entropy, Renyi Entropy Quantum Entropies: Joint quantum entropy, Conditional quantum entropy, Quantum relative entropy Quantum coding theory 5. Quantum entanglement and coherence(3 lectures) Entangled states and separable states Entanglement detection Entanglement measure: LOCC, entanglement of multipartite systems Quantum Resource Theory: quantum coherence 6. Quantum cryptography (3 lectures) Quantum Error Correction Code (CSS Code) Quantum key distribution: BB84 QKD Measurement-device-independent scheme Quantum Data Locking Quantum Random Number Generator","Textbooks: M. A. Nielsen and I. L. Chuang, Quantum Computation and Quantum Information, Cambridge University Press, 2000. J. Preskill, Lecture notes, http://www.theory.caltech.edu/~preskill/ph229/ Reference books: Samuel L. Braunstein, Hoi-Kwong Lo eds., Scalable Quantum Computers: Paving the Way to Realization; D. Leung, Lecture notes; QIC 890 Theory of Quantum Communication; M. O. Scully and M. S. Zubairy, Quantum Optics, Cambridge University Press, 1997"
CHINA,Tsinghua University,PE,PE,Major-PE,00670403,Photography and Society,3,Approved,2023,2,nil,48,3,nil,,??? ( nil ),,"This course will provide a knowledge map and skill guidance on the theory and practice of photojournalism and visual communication, and cultivate journalistic values ??and social responsibilities during the learning process. The main content of the course includes the technical and formal foundations of still photography, as well as the basic ideas of historical, cultural and textual analysis of visual texts.",nil
CHINA,Tsinghua University,PE,PE,Major-PE,40670283,Video Shooting and Editing,3,Approved,2023,2,nil,48,3,??? ????????? ??? ?????????????????? ??1???? ??? ????? ??2????? ??? ???? ??3????? ??? ???? ??4?????? ??? ????? ????1????? ??? ?? ??5?????? ??? ???? ????2????,,??? ( nil ),,"This course aims at basic knowledge and prcatical skills of video journalism, which contain the skill of using camera and editing software, the regulations of audio-visual language. Students will learn how to make short TV news clips, documentaries, and MTV.",nil
CHINA,Tsinghua University,PH3404,PHY OF CLASS & QUANTUM INFO,BDE,40260262,Introduction to Quantum Information Science,3,Approved,2023,1,Not stated,32,2,nil,,CHEN Wei?? ( weichen@mail.tsinghua.edu.cn ),,"This course is a comprehensive introduction to the main ideas and techniques of the field of quantum computation and quantum information. In the course the basic knowledge of quantum mechanics and computer science necessary to understand quantum information and quantum computation will be introduced,ensuring that the subject is accessible even without a background in physics or computer science. basic ideas of quantum computation will be presented, and will describe what a quantum computer is, how it can be used to solve problems faster than classical computers, and the real world implementation of quantum computers.fianally the latest development of quantum computation will be discussed. ? Course Syllabus? ?? Fundamental concepts 1. Introduction and overview (4classes) 2. Introduction to quantum mechanics (4 classes) 3. Introduction to computer science (2 classes) ?? Quantum computation 1. Quantum circuits (4 classes) 2. Quantum algorithms (2 classes) 3. Quantum Fourier?s transform and its application (4 classes) 4. Quantum search algorithms (2 classes) 5. Quantum computers: physical realization (4 classes) 6. Fabrication of quantum devices (2 classes) 7. Low temperature measurement techniques (2 classes) 8. Lab tour (2 classes)","?Textbooks & References? Quantum Computation and Quantum Information 10th Anniversary Edition Michael A. Nielsen, Isaac L. Chuang Tsinghua University press"
CHINA,Tsinghua University,SC2006,SOFTWARE ENGINEERING,Core,80240543,Process and Methods of Software Project Management,3,Approved,2023,1,Unavailable,48,3,NIL,,ZHANG Yong ( zhangyong05@tsinghua.edu.cn ),,"Software project management is the art and science of planning and leading software projects. It is a interdiscipline of software development and project management in which software projects are planned, monitored and controlled. Using software development life cycle and process groups as two main threads, this course introduces the procedures and methods of software project management, which will help keep projects under control, and produce software with required functions in shorter time, higher quality and predicable cost. This course follows the ten Project Management Knowledge Areas that are defined in PMBOK -integration, scope, schedule, cost, quality, resource, communications, risk, procurement, and stakeholder - using the experiences of real-life businesses involving software. The students are organized in groups to do the homework and give presentations. Virtual software projects are assigned to groups. Typical scenarios are designed in the projects to help students understand the ten knowledge areas by solving the issues in the projects through group discussion and collaboration. ?Course Syllabus? 01. Introduction of Software Project Management 02. Software Development Context and Maturity model 03. Software Project Management Process Groups and Stakeholder Management 04. Software Project Integration Management 05. Software Project Scope Management 06. Software Project Time Management 07. Software Project Cost Management 08. Mid-Term Report 09. Software Project Quality Management 10. Software Project Human Resource Management 11. Software Project Communications Management 12. Software Project Risk Management 13. Software Project Procurement Management 14. PRINCE2 15. Short Sitcoms","?Information Technology Project Management (9th)?, Kathy Schwalbe, Cengage Learning, 2018 Reference books: (1)PMBOK? Guide ? Sixth Edition, Project Management Institute, 2017. (2) ?Software Project Management 5th Revised ed. Edition?, Bob Hughes, Mike Cotterell, McGraw-Hill Education, 2009."
CHINA,Tsinghua University,SC3000,ARTIFICIAL INTELLIGENCE,Major-PE,30240042,Introduction to Artificial Intelligence,3,Approved,2023,2,Exam,32,2,26 Feb - 15 Jul 2024,,??? Ai Qingyao ( aiqy@tsinghua.edu.cn ),,"This course mainly introduces the general principles and basic ideas of problem solving approaches in artificial intelligence, including: the general searching problems, such as blind search and heuristic search; Adversarial search (or game search), such as game tree search, Monte Carlo tree search; Predicate calculus in artificial intelligence and its application; Statistical learning methods, such as Naive Bayesian method, SVM, decision tree, neural network and deep learning etc.","Ma Shaoping, ""Dr. Ai: A Brief Introduction to Artificial Intelligence"", Tsinghua University Press ???????????????????????????"
CHINA,Tsinghua University,SC3000,ARTIFICIAL INTELLIGENCE,Major-PE,40470243,Artificial Intelligence: Principles and Techniques,3,Approved,2023,1,Unavailable,48,3,NIL,,GAO Yang ( gy20073@gmail.com ),https://www.tsinghua.edu.cn/en/pdf/ut2022.pdf,"This course will introduce the basic ideas and techniques underlying the design of intelligent computer systems. Specific topics include search, constraint satisfaction, game playing, graphical models, machine learning, Markov decision processes, and reinforcement learning. The main goal of the course is to equip students with the tools to tackle new AI problems you might encounter in life and also to serve as the foundation for further study in any AI area you choose to pursue.",Unavailable
CHINA,Tsinghua University,SC3000,ARTIFICIAL INTELLIGENCE,Major-PE,60240052,Artificial Intelligence: Principles and Techniques,3,Approved,2023,1,end of term/semester exam,32,2,14/09/2023 - 15/01/2024,,??? ( msp@tsinghua.edu.cn ),http://zhjw.cic.tsinghua.edu.cn/js.vjsKcbBs.do?m=showToXs&p_id=1984990076;60240052,"This course mainly introduces the general principles and basic ideas of problem solving approaches in artificial intelligence, including: the general searching problems, such as blind search and heuristic search; Adversarial search (or game search), such as game tree search, Monte Carlo tree search; Advanced search, such as local search method, simulated annealing algorithm and genetic algorithm; Statistical learning methods, such as Naive Bayesian method, SVM, decision tree, neural network and deep learning etc.",1. ????????????????????????? 2. ?? ????????????????????? 3. ???????? ???????????? 4. ????????????????? ???? 5. ???????????????
CHINA,Tsinghua University,SC3000,ARTIFICIAL INTELLIGENCE,Major-PE,80240793,Big Data Intelligence,3,Approved,2023,1,Unavailable,48,3,NIL,,ZHU Wenwu ( wwzhu@tsinghua.edu.cn ),,"The increasing number of media data such as video, audio, and text has accelerated the era of big data. Mining intelligent information from big data is one of the essential reasons for the success of current data-driven machine learning methods represented by deep learning in computer vision, natural language processing and other fields. The arrival of big data has changed our way of thinking from the past knowledge-driven to today's data-driven, and the interaction, influence and penetration between multi-modal, multi-dimensional, multi-source heterogeneous data are giving big data more valuable information; The rapid development of artificial intelligence has brought many challenges to the current big data intelligent analysis, and is prompting us to change to a dual-drive way of thinking that combines data-driven and knowledge-driven. Big data intelligence is the foundation of our big data and artificial intelligence today, and finding reliable knowledge from uncertain complex data to guide our intelligent decision- making has now become an essential capability for scientific and technological research and managers. Therefore, it is of great importance for graduate students to master these concepts, knowledge and abilities. This course will strive to enable students to understand and master the relevant theories and methods of data science and artificial intelligence, and will strive to improve students' knowledge and ability in the following three aspects: 1. Master the theories and methods of data science. 2. Master the theoretical methods related to artificial intelligence. 3. Be able to combine data science and artificial intelligence related theories, and use known (or improved) algorithms to efficiently process and analyze big data. The scope of knowledge of this course covers basic methods of data analysis and processing in data science, statistical machine learning theories such as regression analysis and probability theory, and artificial intelligence theories and methods such as predicate logic, deep learning, reinforcement learning, meta-learning, and automatic machine learning. This course will achieve the teaching purpose through classroom lectures and other assessment methods.The development of the Internet makes more and more students get interested in related technologies. The Internet is facing regeneration, and the key technologies of new generation Internet are in dire need of spread. The course aims to enable students further understand and master the key technologies (including technical principles and specific realization) of new generation Internet after an overall understanding, and tentatively cultivate students? research ability in this field.",Unavailable
CHINA,Tsinghua University,SC3010,COMPUTER SECURITY,Major-PE,30240573,Cybersecurity Fundamentals,3,Approved,2024,2,?? (tests and end of semester exam),48,3,13 Feb to 24 June,,?? ( qi01@tsinghua.edu.cn ),,"Cybersecurity Fundamentals is an interdisciplinary course combining different subject areas. It focuses on the fundamental theories, problems, and mechanisms related to cybersecurity, which enables students to systematically understand the framework of cybersecurity and the basics of cybersecurity, to realize threats in cyberspace, and to strengthen their awareness on the cybersecurity issues. The specific contents of this course are as follows: fundamental theories of cybersecurity, mechanisms and algorithms, applied cryptography, system security, network security, application security, data security, etc. This course combines typical real-world security events with deep analysis, which will inspire students to think highly of cybersecurity and help them perceive the analytical methods and the corresponding countermeasures. Meanwhile, the well-designed in-class experiments will allow the students to further understand real-world cybersecurity issues.","?? ??????????? ??? ??????? ???? 2020 ?? ??? ?? ??, ??, ??, ?? ???? ????"
CHINA,Tsinghua University,SC3010,COMPUTER SECURITY,BDE,30240573,Cybersecurity Fundamentals,3,Approved,2023,2,?? (tests and end of semester exam),48,3,13 Feb to 24 June,,?? ( qi01@tsinghua.edu.cn ),,"Cybersecurity Fundamentals is an interdisciplinary course combining different subject areas. It focuses on the fundamental theories, problems, and mechanisms related to cybersecurity, which enables students to systematically understand the framework of cybersecurity and the basics of cybersecurity, to realize threats in cyberspace, and to strengthen their awareness on the cybersecurity issues. The specific contents of this course are as follows: fundamental theories of cybersecurity, mechanisms and algorithms, applied cryptography, system security, network security, application security, data security, etc. This course combines typical real-world security events with deep analysis, which will inspire students to think highly of cybersecurity and help them perceive the analytical methods and the corresponding countermeasures. Meanwhile, the well-designed in-class experiments will allow the students to further understand real-world cybersecurity issues.","?? ??????????? ??? ??????? ???? 2020 ?? ??? ?? ??, ??, ??, ?? ???? ????"
CHINA,Tsinghua University,SC3020,DATABASE SYSTEM PRINCIPLES,Major-PE,40470414,Database Systems,3,Approved,2024,2,exam and assignments,64,4,"Hi Prof, I would like to challenge myself and take a technical mod in Chinese",,??? ( huanchen@mail.tsinghua.edu.cn ),https://webvpn.tsinghua.edu.cn/http/77726476706e69737468656265737421eaff4b8b227e6b597d469dbf915b243d1569e38ddd4b59c06f/js.vjsKcbBs.do?m=showToXs&p_id=2021990006;40470414,"This course is designed to introduce the fundamental concepts and implementations of modern database management systems. This is not a course that teaches you how to build database applications (e.g., schema design, SQL programming). It is designed as a systems course, with an emphasis on database internals. Topics include relational model and SQL, storage and indexing, query processing and optimization, transactions and concurrency control, distributed and cloud databases, as well as advanced research topics in the field. Students taking this course should have basic knowledge on computer systems and C++ programming. No prior database experience is assumed. This is a project-emphasized course. Upon successful completion of this course, the student should feel confident taking a job as a database developer or conducting database- related research in graduate school. Week1: An Overview + Relational Model Week2: SQL Week3: Storage Basics Week4: Storage - Advanced Topics Week5: Indexing Week6: Query Execution - Basics Week7: Query Execution - Parallel & Advanced Week8: Query Optimization Week9: Transaction & Concurrency Control - I Week10: Transaction & Concurrency Control - II Week11: Recovery Week12: Replication & Distributed Transactions Week13: Cloud Computing & Cloud DBMS Week14: Final Review",Nil
CHINA,Tsinghua University,SC3040,ADVANCED SOFTWARE ENGINEERING,Major-PE,40240702,Service Oriented Software Design and Development,3,Approved,2024,2,????????????????????,32,2,13 feb to 1 july,,?? ( jietang@tsinghua.edu.cn ),https://webvpn.tsinghua.edu.cn/http/77726476706e69737468656265737421eaff4b8b69336153301c9aa596522b20bc86e6e559a9b290/js.vjsKcbBs.do?m=showToXs&p_id=2006990105;40240702,"The course aims to train the students to understand the underlying principles of service-oriented software design and implementation. The course will cover web service development and deploy, cloud based application implementation, Web application deploy and management. Students are expected, after the course learning, to be able to (1) implement the web protocol parsing; (2) understand the service- oriented analysis and modeling methods; (3) develop web service applications and deploy web application; (4) integrate different web service applications. 1st week ?????SOA?? 2nd week Web???????? 3rd week LLM behind??? 4th week ???????????? 5th week AutoGLM?????????? 6th week ??Study???proposal? 7th week ??????? 8th week ?AI??????????? 16th week Project Final??",??
CHINA,Tsinghua University,SC3040,ADVANCED SOFTWARE ENGINEERING,BDE,80240543,Process and Methods of Software Project Management,3,Approved,2024,1,"1. Virtual Project(homework, presentation, and sitcom) 50% 2. Open-book Examination 45% 3. Others 5%",48,3,050924-130125,,?? ( zhangyong05@tsinghua.edu.cn ),https://learn.tsinghua.edu.cn/f/wlxt/kc/v_kcxx_jskcxx/student/beforeXskcxx?wlkcid=2024-2025-1148442627&sfgk=0,"Software project management is the art and science of planning and leading software projects. It is a interdiscipline of software development and project management in which software projects are planned, monitored and controlled. Using software development life cycle and process groups as two main threads, this course introduces the procedures and methods of software project management, which will help keep projects under control, and produce software with required functions in shorter time, higher quality and predicable cost. This course follows the ten Project Management Knowledge Areas that are defined in PMBOK - integration, scope, schedule, cost, quality, resource, communications, risk, procurement, and stakeholder - using the experiences of real-life businesses involving software. The students are organized in groups to do the homework and give presentations. Virtual software projects are assigned to groups. Typical scenarios are designed in the projects to help students understand the ten knowledge areas by solving the issues in the projects through group discussion and collaboration. ?????????????????????????????? ?????????????????????????????? ?????????????????????????????? ?????????????????????????????? ????????????????????????????? ?????????????????????????????? ?????????????????????????????? ?????????????????????????????? ???????????????????????????3-4? ?????????????????????????????? ??????????? ??????????????????? ?????????????????????????????? ?????????????","Textbook:?Information Technology Project Management (9th)?, Kathy Schwalbe, Cengage Learning, 2018 Reference books: (1)PMBOK® Guide ? Sixth Edition, Project Management Institute, 2017. (2) ?Software Project Management 5th Revised ed. Edition?, Bob Hughes, Mike Cotterell, McGraw-Hill Education, 2009."
CHINA,Tsinghua University,SC3040,ADVANCED SOFTWARE ENGINEERING,BDE,80240543,Process and Methods of Software Project Management,3,Approved,2023,1,"1. Virtual Project(homework, presentation, and sitcom) 50% 2. Open-book Examination 45% 3. Others 5%",48,3,050924-130125,,?? ( zhangyong05@tsinghua.edu.cn ),https://learn.tsinghua.edu.cn/f/wlxt/kc/v_kcxx_jskcxx/student/beforeXskcxx?wlkcid=2024-2025-1148442627&sfgk=0,"Software project management is the art and science of planning and leading software projects. It is a interdiscipline of software development and project management in which software projects are planned, monitored and controlled. Using software development life cycle and process groups as two main threads, this course introduces the procedures and methods of software project management, which will help keep projects under control, and produce software with required functions in shorter time, higher quality and predicable cost. This course follows the ten Project Management Knowledge Areas that are defined in PMBOK - integration, scope, schedule, cost, quality, resource, communications, risk, procurement, and stakeholder - using the experiences of real-life businesses involving software. The students are organized in groups to do the homework and give presentations. Virtual software projects are assigned to groups. Typical scenarios are designed in the projects to help students understand the ten knowledge areas by solving the issues in the projects through group discussion and collaboration. ?????????????????????????????? ?????????????????????????????? ?????????????????????????????? ?????????????????????????????? ????????????????????????????? ?????????????????????????????? ?????????????????????????????? ?????????????????????????????? ???????????????????????????3-4? ?????????????????????????????? ??????????? ??????????????????? ?????????????????????????????? ?????????????","Textbook:?Information Technology Project Management (9th)?, Kathy Schwalbe, Cengage Learning, 2018 Reference books: (1)PMBOK® Guide ? Sixth Edition, Project Management Institute, 2017. (2) ?Software Project Management 5th Revised ed. Edition?, Bob Hughes, Mike Cotterell, McGraw-Hill Education, 2009."
CHINA,Tsinghua University,SC3060,COMPUTER GRAPHICS & VISUAL,Major-PE,30470113,Advanced Computer Graphics,3,Approved,2024,1,Tests,48,3,nil,,Yi Li ( ericyi0124@gmail.com ),,"This course is an elective course for undergraduate students at the Institute for Interdisciplinary Information Sciences, Tsinghua University. Its purpose is to introduce fundamental concepts, theories, methods, and systems of computer graphics. The main topics include geometric processing, 3D transformations, rasterization, shading, texturing, ray tracing, physical simulation, computer animation, color models, camera models, and the application of deep learning in computer graphics.","Steve Marschner and Peter Shirley, ""Fundamentals of Computer Graphics"", 4th or later edition Interactive Computer Graphics: A Top- Down Approach with WebGL Mathematics for 3D Game Programming and Computer Graphics"
CHINA,Tsinghua University,SC3060,COMPUTER GRAPHICS & VISUAL,Major-PE,30470113,Advanced Computer Graphics,3,Approved,2023,1,Tests,48,3,nil,,Yi Li ( ericyi0124@gmail.com ),,"This course is an elective course for undergraduate students at the Institute for Interdisciplinary Information Sciences, Tsinghua University. Its purpose is to introduce fundamental concepts, theories, methods, and systems of computer graphics. The main topics include geometric processing, 3D transformations, rasterization, shading, texturing, ray tracing, physical simulation, computer animation, color models, camera models, and the application of deep learning in computer graphics.","Steve Marschner and Peter Shirley, ""Fundamentals of Computer Graphics"", 4th or later edition Interactive Computer Graphics: A Top- Down Approach with WebGL Mathematics for 3D Game Programming and Computer Graphics"
CHINA,Tsinghua University,SC3061,HUMAN COMPUTER INTERACTION,Major-PE,80160132,Human Computer Interface Design,3,Approved,2024,2,Literature and case discussions and special studies,32,2,13 feb - 1 july,,??? ( rpl@mail.tsinghua.edu.cn ),https://webvpn.tsinghua.edu.cn/http/77726476706e69737468656265737421eaff4b8b227e6b597d469dbf915b243d1569e38ddd4b59c06f/js.vjsKcbBs.do?m=showToXs&p_id=2002990130;80160132,"The course is designed to widen students? understanding in interaction design and familiarize students with the contemporary research topics in the field of human-computer interaction with a focus on social computing. Particular topics to be covered include: social computing, internet advertising and marketing, internet of things, accessibility, and intellectual property issues. It is highly recommended that students have already taken a basic course in human-computer interaction. Schedule: Interaction design Understanding human cognition Data visualization Social interaction and social media Internet of things Interacting with AI Human-Robot Interaction AR/VR Intellectual property and HCI","??? Sharp, H., Rogers, Y., & Preece, J. (2019). Interaction Design (5th edition). Wiley. (eBook available from Tsinghua Library) The content of the first 4 lectures are based on this book. Shneiderman, B. et al. (2009). Designing the User Interface: Strategies for Effective Human-Computer Interaction , 5th ed. Pearson. Johnson, J. (2014). Designing with the Mind in Mind. Morgan Kaufmann. Krug, S. (2014). Don't Make Me Think (Revisited). New Riders ???????????, Salvendy, G. (2016). ? ???:????????????. ???????."
CHINA,Tsinghua University,SC3061,HUMAN COMPUTER INTERACTION,BDE,40511323,Human-Computer Interaction,3,Approved,2024,1,"Quizes, Assignments, Project and report",48,3,A similar course matching request has been made and approved based on previous records.,,yicheng ( yich@sem.tsinghua.edu.cn ),https://zhjw.cic.tsinghua.edu.cn/js.vjsKcbBs.do?m=showToXs&p_id=2012990017;40511323,"This module is intended for students whose work interacts with user interface issues in the design of software systems. The module stresses the importance of user-centered design and usability in the development of software applications and systems. Students will receive theoretical training on the analysis, design, development, and evaluation of user interfaces. They will also acquire hands-on design skills through a graphical user interface design project. The module takes into account contextual, organizational, and social factors in system design.","Name: Interaction Design: Beyond Human-Computer Interaction Publisher: John Wiley& Sons Ltd. Published date: 2019 Edition: 5 Main editor: Yvonne Rogers, Helen Sharp, Jenny Preece"
CHINA,Tsinghua University,SC3102,"SIGNALS, SYSTEMS & TRANSFORMS",Core,30260153,Signals and Systems,3,Approved,2023,1,end of term/semester exam,51,3,nil,,??? ( jianghanjun@tsinghua.edu.cn ),http://zhjw.cic.tsinghua.edu.cn/js.vjsKcbBs.do?m=showToXs&p_id=2007990006;30260153,"1.Time domain characterization of signals and systems, including the description of continuous-time and discrete-time signals and systems, the time domain properties of continuous/discrete linear time- invariant systems. 2.Frequency domain characterization of continuous-time signals, including the Fourier series representation of periodical signals, the Fourier Transform of continuous-time signals, the Laplace Transform of continuous-time signals, system functions of linear time-invariant systems. 3.Frequency domain characterization of discrete-time signals, including the sampling Theorem, the Fourier Transform of discrete-time signals, the z Transform of discrete-time signals, the description of discrete-time system in z domain. 4.Linear time-invariant system analysis, including the frequency response of continuous/discrete-time linear time- invariant systems, communication system analysis, feedback control and stability analysis, and the analysis on the typical circuits and systems. ???????????? 1????????????????? ??? 2?????????????????????? 3??? ????????????????? ????????????? 1????????????????????????????? ?? 2??????????????????????????? ?????? 3??????????????????????? ???????????????????????? ?????? ??????? 1????????????????????? ?? 2??????????????????????????? ???????? 3?z???????????????????? ???????????? ??????????? 1?????? ??????????????? 2???????? 3????? ???????????????????????????","???Alan V. Oppenheim, Alan S. Willsky, S. Hamid Nawab, Signals and Systems, Second Edition???????? ????????? ????????????????????????"
CHINA,Tsinghua University,SC4000,MACHINE LEARNING,Major-PE,30250392,Pattern Recognition and Machine Learning,3,Approved,2024,2,?? (exam),38,2,13 feb - 1 july,,??? ( xwwang@mail.tsinghua.edu.cn ),,"This course introduces the basic concepts and methodology framework of pattern recognition and machine learning. It starts from an angle of statistical learning. The course will cover major methods of traditional regression, classification and clustering, as well as support vector machines, neural networks and introductory deep learning. Feature selection, representation as well as model assessment will also be covered.",?????????????????????????4??????? ?????2021
CHINA,Tsinghua University,SC4000,MACHINE LEARNING,Core,80245013,Machine Learning,3,Approved,2024,1,"Homework 50%, Course project 50%",48,3,Actual Period of Stay: 3 Sep to 15 Jan,,Jie Tang ( jietang@tsinghua.edu.cn ),https://zhjw.cic.tsinghua.edu.cn/js.vjsKcbBs.do?m=showToXs&p_id=2006990105;80245013,The course introduces the advanced theory of machine learning and its related algorithms. The course will first review the state-of-the-art machine learning algorithms and the course?s content mainly consists of probabilistic generative learning and probabilistic discriminative learning. (1) Course Introduction; (2) Basic ML algorithms review; (3) Support Vector Machines; (4) Probabilistic topic model; (5) Markov Random Fields; (6) Non-Parametric Bayesian Learning; (7) Deep Learning; (8) Future trend.,"Text Book 1: Deep learning by Goodfellow, I., Bengio, Y., Courville, A, MIT Press Text Book 2: Pattern Recognition and Machine Learning by Christopher Bishop, Springer Text Book 3: The Elements of Statistical Learning by T. Hastie, R. Tibshirani, and J. Friedman, Springer (1) Course Introduction; (3hr) (2) Basic ML algorithms review; (6hr) & Invited talk (3hr) (3) Support Vector Machines; (6hr) (4) Probabilistic topic model; (6hr) & Invited talk (3hr) (5) Markov Random Fields; (6hr) (6) Non-Parametric Bayesian Learning; (6hr) (7) Deep Learning; (6hr) (6) Future trend. (3hr)"
CHINA,Tsinghua University,SC4000,MACHINE LEARNING,Major-PE,80245013-0,Machine Learning,3,Approved,2024,1,Homework (50%) + course project (50%),48,3,050924-130125,,?? ( jietang@tsinghua.edu.cn ),https://learn.tsinghua.edu.cn/f/wlxt/kc/v_kcxx_jskcxx/student/beforeXskcxx?wlkcid=2024-2025-1148442635&sfgk=0,The course introduces the advanced theory of machine learning and its related algorithms. The course will first review the state-of-the-art machine learning algorithms and the course?s content mainly consists of probabilistic generative learning and probabilistic discriminative learning. (1) Course Introduction; (2) Basic ML algorithms review; (3) Support Vector Machines; (4) Probabilistic topic model; (5) Markov Random Fields; (6) Non-Parametric Bayesian Learning; (7) Deep Learning; (8) Future trend. ?????????????????????????????? ?????????????????????????????? ???????????????????????????? ?1??????Course Introduction?? ?2????????Basic ML algorithms review?? ?3???????Support Vector Machines?? ?4????????Probabilistic topic model?? ?5? ????????Markov Random Fields?? ?6???????? ?Non-Parametric Bayesian Learning?? ?7??????Deep Learning?? ?8?????? ???????????????? ??????????????,"?????Deep learning,?????: MIT Press,????: 2004,? ?:????,????: Goodfellow, I., Bengio, Y., Courville, A,??? ?:,??:;?????Pattern Recognition and Machine Learning,?? ???:Springer,????:2006,??:????,????:Christopher Bishop,????:,??:; ?????The Elements of Statistical Learning,?????:Springer,????:2009,??:????,??? ?:T. Hastie, R. Tibshirani, and J. Friedman,????:,??:;"
CHINA,Tsinghua University,SC4000,MACHINE LEARNING,Major-PE,80250993,Machine Learning,3,Approved,2024,1,Homework & course projects midterm test final exam,48,3,This will be taken during semester 1. Attached is a pdf containing the screenshots of the course information as the url link may require THU's vpn to access,,??? ( zhangxg@mail.tsinghua.edu.cn ),https://zhjw.cic.tsinghua.edu.cn/js.vjsKcbBs.do?m=showToXs&p_id=1994990028;80250993,"This is an introductory course on Machine Learning for graduate students and senior undergraduate students of relevant backgrounds. The course will cover the basic concepts of machine learning and pattern recognition, basic mathematical development for major methods that play key roles in the discipline, and introduction to a broad range of representative machine learning methods and applications. All lectures will be given in English. Homework and exams can be in English or Chinese. 1. Introduction 2. Linear learning machines 3. Assessment of pattern recognition methods 4. Artificial neural networks 5. Support vector machines 6. Generalization and statistical learning theory 7. Nonparametric pattern recognition methods 8. Bayesian decision and probabilistic learning 9. Density estimation and mixture models 10. Clustering and unsupervised pattern recognition 11. Feature transformation and dimensionality reduction 12. Feature selection 13. Deep learning I: CNN 14. Deep learning II: RNN and LSTM 15. Deep learning III: Deep beliefe networks and generative models 16. Discussion: the history and the future","Xuegong Zhang, Machine Learning: A Balanced View, in press, 2020 (draft chapters will be distributed on class) R.O. Duda P.E. Hart, D.G. Stork, Pattern Classification (2nd edition), John Wiley & Sons, Inc, 2001 Christopher M. Bishop, Pattern Recognition and Machine Learning, Springer, 2006 S. Shalev-Shwartz & S. Ben-David, Understanding Machine Learning: From Theory to Algorithms, Cambridge University Press, 2014 I. Goodfellow, Y. Bengio, A. Courville, Deep Learning, MIT Press, 2017"
CHINA,Tsinghua University,SC4000,MACHINE LEARNING,Major-PE,30250392,Pattern Recognition and Machine Learning,3,Approved,2023,2,?? (exam),38,2,13 feb - 1 july,,??? ( xwwang@mail.tsinghua.edu.cn ),,"This course introduces the basic concepts and methodology framework of pattern recognition and machine learning. It starts from an angle of statistical learning. The course will cover major methods of traditional regression, classification and clustering, as well as support vector machines, neural networks and introductory deep learning. Feature selection, representation as well as model assessment will also be covered.",?????????????????????????4??????? ?????2021
CHINA,Tsinghua University,SC4000,MACHINE LEARNING,Major-PE,40470492,Multi-modal Machine Learning,3,Approved,2023,2,Unavailable,32,2,-,,?? ( zhaohang0124@gmail.com ),,"With the development of Internet, multimedia data have become increasingly accessible, such as images, audios, videos, texts, etc; the advances of artificial neural networks (e.g. large multi-modal model GPT4) have also made multimodal fusion a general trend in AI. This course covers applications including image/video processing and generation, audio/ speech processing and generation, natural language processing and generation. It introduces popular signal processing and machine learning techniques in the artificial intelligence field, such as data representation, data compression, sequence models, data synthesis, multimodal fusion, etc. Through lectures and course projects, students learn about the features of different signals, and their common ground. This class can be a follow up for computer vision and natural language processing classes.",Unavailable
CHINA,Tsinghua University,SC4000,MACHINE LEARNING,Core,80245013,Machine Learning,3,Approved,2023,1,"Homework 50%, Course project 50%",48,3,Actual Period of Stay: 3 Sep to 15 Jan,,Jie Tang ( jietang@tsinghua.edu.cn ),https://zhjw.cic.tsinghua.edu.cn/js.vjsKcbBs.do?m=showToXs&p_id=2006990105;80245013,The course introduces the advanced theory of machine learning and its related algorithms. The course will first review the state-of-the-art machine learning algorithms and the course?s content mainly consists of probabilistic generative learning and probabilistic discriminative learning. (1) Course Introduction; (2) Basic ML algorithms review; (3) Support Vector Machines; (4) Probabilistic topic model; (5) Markov Random Fields; (6) Non-Parametric Bayesian Learning; (7) Deep Learning; (8) Future trend.,"Text Book 1: Deep learning by Goodfellow, I., Bengio, Y., Courville, A, MIT Press Text Book 2: Pattern Recognition and Machine Learning by Christopher Bishop, Springer Text Book 3: The Elements of Statistical Learning by T. Hastie, R. Tibshirani, and J. Friedman, Springer (1) Course Introduction; (3hr) (2) Basic ML algorithms review; (6hr) & Invited talk (3hr) (3) Support Vector Machines; (6hr) (4) Probabilistic topic model; (6hr) & Invited talk (3hr) (5) Markov Random Fields; (6hr) (6) Non-Parametric Bayesian Learning; (6hr) (7) Deep Learning; (6hr) (6) Future trend. (3hr)"
CHINA,Tsinghua University,SC4000,MACHINE LEARNING,Major-PE,30470104,Machine learning,3,Approved,2023,1,Unavailable,64,4,This is an undergraduate course in another computer science department in tsinghua which may be harder to get during course registration compared to the graduate level course with the same name under another computer science department (course code: 80245013),,yuan yang ( yuanyang@tsinghua.edu.cn ),https://www.tsinghua.edu.cn/en/pdf/ut2022.pdf,"Machine learning studies how computers learn from experiences. Combining ideas from theoretical computer science and statistics, researchers have developed many successful learning methods for computer vision, bioinformatics, natural language processing etc. This course mainly covers the framework of machine learning, classical methods for solving various machine learning problems, and also basic machine learning theory. It includes linear methods, support vector machine, basic optimization and generalization theory, basic neural networks, popular classification/regression methods, clustering methods, nearest neighbor search, useful algebra methods, etc. This course is a basic course for machine learning, but it is",Unavailable
CHINA,Tsinghua University,SC4000,MACHINE LEARNING,Major-PE,80250993,Machine Learning,3,Approved,2023,1,Homework & course projects midterm test final exam,48,3,This will be taken during semester 1. Attached is a pdf containing the screenshots of the course information as the url link may require THU's vpn to access,,??? ( zhangxg@mail.tsinghua.edu.cn ),https://zhjw.cic.tsinghua.edu.cn/js.vjsKcbBs.do?m=showToXs&p_id=1994990028;80250993,"This is an introductory course on Machine Learning for graduate students and senior undergraduate students of relevant backgrounds. The course will cover the basic concepts of machine learning and pattern recognition, basic mathematical development for major methods that play key roles in the discipline, and introduction to a broad range of representative machine learning methods and applications. All lectures will be given in English. Homework and exams can be in English or Chinese. 1. Introduction 2. Linear learning machines 3. Assessment of pattern recognition methods 4. Artificial neural networks 5. Support vector machines 6. Generalization and statistical learning theory 7. Nonparametric pattern recognition methods 8. Bayesian decision and probabilistic learning 9. Density estimation and mixture models 10. Clustering and unsupervised pattern recognition 11. Feature transformation and dimensionality reduction 12. Feature selection 13. Deep learning I: CNN 14. Deep learning II: RNN and LSTM 15. Deep learning III: Deep beliefe networks and generative models 16. Discussion: the history and the future","Xuegong Zhang, Machine Learning: A Balanced View, in press, 2020 (draft chapters will be distributed on class) R.O. Duda P.E. Hart, D.G. Stork, Pattern Classification (2nd edition), John Wiley & Sons, Inc, 2001 Christopher M. Bishop, Pattern Recognition and Machine Learning, Springer, 2006 S. Shalev-Shwartz & S. Ben-David, Understanding Machine Learning: From Theory to Algorithms, Cambridge University Press, 2014 I. Goodfellow, Y. Bengio, A. Courville, Deep Learning, MIT Press, 2017"
CHINA,Tsinghua University,SC4001,NEURAL NETWORK & DEEP LEARNING,Major-PE,80240743,Deep Learning,3,Approved,2024,2,homework+course project,48,3,13 Feb to 24 June,,Jun Zhu ( dcszj@mail.tsinghua.edu.cn ),https://webvpn.tsinghua.edu.cn/http/77726476706e69737468656265737421eaff4b8b69336153301c9aa596522b20bc86e6e559a9b290/js.vjsKcbBs.do?m=showToXs&p_id=2009990108;80240743,"Deep learning is an important part of artificial intelligence. It is the one of the major driving forces for the resurgence of artificial intelligence in recent years. In this course, you will learn the basic concepts and history of deep learning as well as recent developments. The theoretical foundation and typical models will be elaborated. The cutting-edge research about deep learning will also be discussed. Specifically, we will study the typical models including the multi-layer Perceptron, convolutional neural network, self-organizing map, Elman recurrent neural network, long short-term memory network, Hopfield network, restricted Boltzmann network, deep belief network, variational auto- encoder, generative adversarial network, etc. Interesting applications of these models will be discussed. Python, a simple programming language and Pytorch, a neural network software, will be briefly introduced. In the end of the course, you are required to design a deep learning model for solving a practical problem, which can be chosen from a set of problems provided by the teacher or proposed by yourself, submit a course project report, and present the results in a poster. English is the teaching language.","Deep Learning by Ian Goodfellow and Yoshua Bengio and Aaron Courville, 2016"
CHINA,Tsinghua University,SC4001,NEURAL NETWORK & DEEP LEARNING,Major-PE,30240312,Artificial Neural Network,3,Approved,2024,1,"Lab , Projects",32,2,Actual period of stay from 3 Sep to 15 Jan,,Huang ??? ( aihuang@tsinghua.edu.cn ),,"This course will provide a comprehensive foundation of neural networks, or artificial neural networks, multidisciplinary nature of the subject, such as learning mechanism, structure, as introductory material in first tow chapters. In the following four chapters, several kinds of typical neural networks are introduced, which are mainly Perceptrons (single layer and multilayer Perceptrons), Self- Organizing Maps (Kohonen network and ART). In the last part, SVM will be introduced as a new type of neural network and relationship with some interrelated areas such AI and Patter Recognition and the application of ANN are mentioned. The purpose of the course is to introduce you to some practical, useful concepts, designs, and algorithms in ANN with a minimum amount of mathematic rigor",Neural Networks and Intellect ???????????????
CHINA,Tsinghua University,SC4001,NEURAL NETWORK & DEEP LEARNING,Major-PE,40470363,Deep Learning,3,Approved,2023,2,no available information,48 hours,3 credits,-,,?? ( jxwuyi@mail.tsinghua.edu.cn ),,"Course Description: Deep learning is one of the core techniques in modern AI. It is also the fundamental tool for handling massive data in the ?Big Data? era. This course aims to provide a comprehensive overview of the basic ideas, methods and techniques of deep learning. Students will be also asked to use deep learning approaches to solve real-world problems in homework and final project. The course topics include supervised learning, generative models, sequence models, unsupervised learning, meta-learning, security and explainability.",no available information
CHINA,Tsinghua University,SC4001,NEURAL NETWORK & DEEP LEARNING,Major-PE,80240743,Deep Learning,3,Approved,2023,2,homework+course project,48,3,13 Feb to 24 June,,Jun Zhu ( dcszj@mail.tsinghua.edu.cn ),https://webvpn.tsinghua.edu.cn/http/77726476706e69737468656265737421eaff4b8b69336153301c9aa596522b20bc86e6e559a9b290/js.vjsKcbBs.do?m=showToXs&p_id=2009990108;80240743,"Deep learning is an important part of artificial intelligence. It is the one of the major driving forces for the resurgence of artificial intelligence in recent years. In this course, you will learn the basic concepts and history of deep learning as well as recent developments. The theoretical foundation and typical models will be elaborated. The cutting-edge research about deep learning will also be discussed. Specifically, we will study the typical models including the multi-layer Perceptron, convolutional neural network, self-organizing map, Elman recurrent neural network, long short-term memory network, Hopfield network, restricted Boltzmann network, deep belief network, variational auto- encoder, generative adversarial network, etc. Interesting applications of these models will be discussed. Python, a simple programming language and Pytorch, a neural network software, will be briefly introduced. In the end of the course, you are required to design a deep learning model for solving a practical problem, which can be chosen from a set of problems provided by the teacher or proposed by yourself, submit a course project report, and present the results in a poster. English is the teaching language.","Deep Learning by Ian Goodfellow and Yoshua Bengio and Aaron Courville, 2016"
CHINA,Tsinghua University,SC4001,NEURAL NETWORK & DEEP LEARNING,Major-PE,00240332,Introduction to Deep Learning,3,Approved,2023,1,NA,32,2,?50% taught in english language,,HU Xiaolin ( xlhu@tsinghua.edu.cn ),,"Deep learning is an important part of the artificial intelligence discipline and one of the main driving forces behind the resurgence of artificial intelligence in recent years. This course will introduce the concept and history of deep learning, explain its basic principles and typical models in depth, and discuss its research frontiers. The specific content includes models such as multi-layer perceptron, convolutional neural network, Elman feedback neural network, long short-term memory network, deep belief network, and generative confrontation network, as well as their applications in the fields of computer vision, speech processing, and natural language processing. The course will also briefly introduce the basics of python programming and the use of neural network tool software Pytorch/Mindspore. At the end of the semester, students need to build their own model to solve a practical application problem (optional), write and submit a course report, and present it through posters or slides Schedule: 1 Basic concepts and history of deep learning 2 Mathematics, machine learning, and Python basics 3 Regression and classification 4 Multilayer Perceptron and Training Techniques I 5 Convolutional Neural Network-I 6 Convolutional Neural Network-II 7 Training Tips II and Getting Started with Pytorch/Mindspore 8 Application of deep learning in computer vision 9 Feedback Neural Network 10 word embeddings 11 sentence processing 12 Deep Belief Network 13 Generative Adversarial Networks 14 cutting-edge topics 15 course assignment report","Deep Learning Ian Goodfellow, Yoshua Bengio and Aaron Courville The MIT Press, 2018"
CHINA,Tsinghua University,SC4001,NEURAL NETWORK & DEEP LEARNING,Major-PE,80240642,Neural and Cognitive Computation,3,Approved,2023,1,Unavailable,32,2,nil,,??? ( xlhu@tsinghua.edu.cn ),http://zhjw.cic.tsinghua.edu.cn/js.vjsKcbBs.do?m=showToXs&p_id=2009990108;80240642,"This course will explore the encoding and decoding processing, adaptation and learning, communication and computation of information from multiple levels such as individual neurons, neural networks, and neural systems, in order to understand the cognitive function of the brain by establishing computational models. The main content includes: (1) Fundamentals of Neuroscience: Introduction to some basic concepts of neuroscience. (2) Encoding and decoding: single cell release rate encoding, single cell time encoding, population encoding, inverse correlation methods, and simple cell receptive field mathematical models; Analysis of human-machine interface, EEG, and fMRI data. (3) Bayesian inference in the brain: The theory and methods of Bayesian inference, continuous variable inference, and discrete variable inference. (4) Neuron models: electrical properties of neurons, Hodgkin Huxley model, Integrate and Fire model. (5) Neural networks: feedforward networks, recursive networks, excitation suppression networks; Hopfield network, Boltzmann machine, restricted Boltzmann machine. (6) Plasticity and learning: Hebb rule, covariance rule, BCM rule, synaptic regularization, discharge time dependent plasticity (STDP), self-organizing imprinting learning, perceptual machine learning, and constrained Boltzmann machine learning. (7) Natural image statistics: The statistical characteristics of natural images, principal component analysis, and the formation of central peripheral receptive fields; Independent component analysis and the formation of simple cell receptive fields. (6) Deep learning: Briefly introduce multi-layer perceptrons, deep belief networks, convolutional neural networks, and their applications in image classification and speech recognition. Emphasis will be placed on the interaction between deep learning and neuroscience. Introduction Neuroscience basics Matlab tutorial (optional) Neural encoding Neural decoding Perception as Bayesian inference-I Perception as Bayesian inference-II Neuronal models-I Neuronal models-II Network models Plasticity and learning PCA and whitening Sparse coding and ICA Deep learning Python and Pytorch tutorial ? (optional)? Deep learning and the brain Project presentation ???????????????????????????? ?????????????????????????????? ???????????????????? (1) ???????? ????????????? (2) ??????????????? ?????????????????????????????? ???????EEG?fMRI?????? (3) ?????????? ?????????????????????????? (4) ?? ????????????Hodgkin-Huxley???Integrate and Fire ??? (5) ?????????????????-????? Hopfield????????????????? (6) ??????? Hebb?????????BCM???????????????? ???STDP???????????????????????? ?? (7) ??????????????????????????- ??????????????????????????? (6) ? ?????????????????????????????? ?????????????????????????????? ????????","Theoretical Neuroscience Peter Dayan, Larry Abbott The MIT Press, 2001 ISBN: 0-262-04199-5 ????-?????2?? Mark E. Bear, Barry W. Connors, Michael A.Paradiso ??? ? ???????? 2004 ISBN: 7040121948 Natural Image Statistics Aapo Hyvarinen, Jarmo Hurri, and Patrik O. Hoyer Springer-Verlag,, 2009"
CHINA,Tsinghua University,SC4002,NATURAL LANG PROCESSING,Major-PE,80240763,Natural Language Processing,3,Approved,2024,2,-,64,3,13 feb to 1 july,,??? ( liuzy@tsinghua.edu.cn ),https://webvpn.tsinghua.edu.cn/http/77726476706e69737468656265737421eaff4b8b69336153301c9aa596522b20bc86e6e559a9b290/js.vjsKcbBs.do?m=showToXs&p_id=2013990148;80240763,"Natural language processing is the core issue of artificial intelligence. In recent years, it has been widely used in search engines, intelligent assistants, personalized news reading and other service systems. Therefore, it is of great significance to cultivate graduate students with basic knowledge and innovative abilities in this direction. This course will provide a comprehensive introduction to natural language processing, including historical evolution, main tasks and technologies.",-
CHINA,Tsinghua University,SC4002,NATURAL LANG PROCESSING,Major-PE,80240763,Natural Language Processing,3,Approved,2023,2,-,64,3,13 feb to 1 july,,??? ( liuzy@tsinghua.edu.cn ),https://webvpn.tsinghua.edu.cn/http/77726476706e69737468656265737421eaff4b8b69336153301c9aa596522b20bc86e6e559a9b290/js.vjsKcbBs.do?m=showToXs&p_id=2013990148;80240763,"Natural language processing is the core issue of artificial intelligence. In recent years, it has been widely used in search engines, intelligent assistants, personalized news reading and other service systems. Therefore, it is of great significance to cultivate graduate students with basic knowledge and innovative abilities in this direction. This course will provide a comprehensive introduction to natural language processing, including historical evolution, main tasks and technologies.",-
CHINA,Tsinghua University,SC4002,NATURAL LANG PROCESSING,Major-PE,40470423,Natural Language Processing,3,Approved,2023,1,Unavailable,48,3,NIL,,Yang Zhi Lin ( zhiliny@mail.tsinghua.edu.cn ),https://www.tsinghua.edu.cn/en/pdf/ut2022.pdf,"This course will introduce important problems in the field of natural language processing such as language modeling, machine translation, and question answering, as well as core technologies to solve these problems including attention-based neural networks and language model pretraining. The course will cover basic algorithms, real-world applications, as well as open problems in academic research",Unavailable
CHINA,Tsinghua University,SC4003,INTELLIGENT AGENTS,Major-PE,70240073,Intelligent Control,3,Approved,2024,2,1. write a paper/complete a project 2. 3 mini assessments,48,3,13 feb - 1 july,,??? ( michael@mail.tsinghua.edu.cn ),https://webvpn.tsinghua.edu.cn/http/77726476706e69737468656265737421eaff4b8b69336153301c9aa596522b20bc86e6e559a9b290/js.vjsKcbBs.do?m=showToXs&p_id=1994990304;70240073,"This course will systematically introduce fundamental theory and methods of artificial intelligence and intelligent control. It covers major aspects in such an interesting and emerging field: 1.Fuzzy Logic (I- type/II-type fuzzy set, fuzzy inference, and fuzzy control), 2.Artificial Neural Network (including: biological neuronal system, BP, Hopfield, Cognitron, CMAC, SOM, RBF, Elman, FNN, ESN, SHESN, deep learning, and NN-based control), and 3.Swarm Intelligence and Evolutionary Computing (e.g., GA, PSO, ACO, AIS, and particle filtering). In addition, deep reinforcement learning algorithm is also introduced briefly.","??? ???????????????????????2????? ??????2011?? ?????? [1] L. Fortuna, et al., Soft Computing: New Trends and Applications, Springer-Verlag, London, 2001."
CHINA,Tsinghua University,SC4003,INTELLIGENT AGENTS,Major-PE,40470403,Intelligent Systems and Robotics,3,Approved,2024,1,1. Homework 45% 2. Midterm exam 25% 3. Major assignment 25% 4. Class performance 5%,48,3,"Attached is the screenshot of the course information, as the url requires THU Vpn to access",,??? ( jianyuchen@tsinghua.edu.cn ),https://zhjw.cic.tsinghua.edu.cn/js.vjsKcbBs.do?m=showToXs&p_id=2020990161;40470403,"Since humans learned to make tools, they have been trying to build more and more powerful automatic machines to help people complete various tasks. This process has promoted the development of a series of important disciplines (from mechanics, mechanics, to computer science) and industries (from agriculture, industry, to information industry). Today's world is in a new round of intelligent wave and industrial revolution, and emerging disciplines (artificial intelligence, machine learning, etc.) and industries (autonomous driving, intelligent robots, etc.) are booming. Automatic machines that integrate current intelligent technology can be called intelligent systems, and robots (including unmanned vehicles, robotic arms, legged robots, etc.) are their important physical carriers. This course will systematically explain how to design the ""brain"" of intelligent systems and robots from the perspectives of artificial intelligence, machine learning, robotics, and control, including how to model the environment and system, plan and control, and how to learn adaptively. The course content covers topics such as dynamic system modeling, optimal control, trajectory planning, reinforcement learning, estimation and perception. Through the study of this course, students can not only systematically master the main theories in the field of robotics, have a deep understanding of the role and function of artificial intelligence in it, but also practice and apply theoretical knowledge through simulation or physical robot experimental training. Schedule: 1. Course introduction 2. Rigid body motion 3. Robot kinematics 4. Robot planning (HW1 part 1) 5. Robot dynamics 6. Robot control (HW1 part 2) 7. Model predictive control and optimization basics 8. Optimal control 9. Mid-term exam 10. Trajectory optimization (HW2) 11. Reinforcement learning 12. Deep reinforcement learning (HW3) 13. State estimation 14. Advanced topics 15. Course project presentation",nil
CHINA,Tsinghua University,SC4003,INTELLIGENT AGENTS,Major-PE,40470403,Intelligent Systems and Robotics,3,Approved,2023,2,1. Homework 45% 2. Midterm exam 25% 3. Major assignment 25% 4. Class performance 5%,48,3,"Attached is the screenshot of the course information, as the url requires THU Vpn to access",,??? ( jianyuchen@tsinghua.edu.cn ),https://zhjw.cic.tsinghua.edu.cn/js.vjsKcbBs.do?m=showToXs&p_id=2020990161;40470403,"Since humans learned to make tools, they have been trying to build more and more powerful automatic machines to help people complete various tasks. This process has promoted the development of a series of important disciplines (from mechanics, mechanics, to computer science) and industries (from agriculture, industry, to information industry). Today's world is in a new round of intelligent wave and industrial revolution, and emerging disciplines (artificial intelligence, machine learning, etc.) and industries (autonomous driving, intelligent robots, etc.) are booming. Automatic machines that integrate current intelligent technology can be called intelligent systems, and robots (including unmanned vehicles, robotic arms, legged robots, etc.) are their important physical carriers. This course will systematically explain how to design the ""brain"" of intelligent systems and robots from the perspectives of artificial intelligence, machine learning, robotics, and control, including how to model the environment and system, plan and control, and how to learn adaptively. The course content covers topics such as dynamic system modeling, optimal control, trajectory planning, reinforcement learning, estimation and perception. Through the study of this course, students can not only systematically master the main theories in the field of robotics, have a deep understanding of the role and function of artificial intelligence in it, but also practice and apply theoretical knowledge through simulation or physical robot experimental training. Schedule: 1. Course introduction 2. Rigid body motion 3. Robot kinematics 4. Robot planning (HW1 part 1) 5. Robot dynamics 6. Robot control (HW1 part 2) 7. Model predictive control and optimization basics 8. Optimal control 9. Mid-term exam 10. Trajectory optimization (HW2) 11. Reinforcement learning 12. Deep reinforcement learning (HW3) 13. State estimation 14. Advanced topics 15. Course project presentation",nil
CHINA,Tsinghua University,SC4003,INTELLIGENT AGENTS,Major-PE,40470403,Intelligent Systems and Robotics,3,Approved,2023,1,1. Homework 45% 2. Midterm exam 25% 3. Major assignment 25% 4. Class performance 5%,48,3,"Attached is the screenshot of the course information, as the url requires THU Vpn to access",,??? ( jianyuchen@tsinghua.edu.cn ),https://zhjw.cic.tsinghua.edu.cn/js.vjsKcbBs.do?m=showToXs&p_id=2020990161;40470403,"Since humans learned to make tools, they have been trying to build more and more powerful automatic machines to help people complete various tasks. This process has promoted the development of a series of important disciplines (from mechanics, mechanics, to computer science) and industries (from agriculture, industry, to information industry). Today's world is in a new round of intelligent wave and industrial revolution, and emerging disciplines (artificial intelligence, machine learning, etc.) and industries (autonomous driving, intelligent robots, etc.) are booming. Automatic machines that integrate current intelligent technology can be called intelligent systems, and robots (including unmanned vehicles, robotic arms, legged robots, etc.) are their important physical carriers. This course will systematically explain how to design the ""brain"" of intelligent systems and robots from the perspectives of artificial intelligence, machine learning, robotics, and control, including how to model the environment and system, plan and control, and how to learn adaptively. The course content covers topics such as dynamic system modeling, optimal control, trajectory planning, reinforcement learning, estimation and perception. Through the study of this course, students can not only systematically master the main theories in the field of robotics, have a deep understanding of the role and function of artificial intelligence in it, but also practice and apply theoretical knowledge through simulation or physical robot experimental training. Schedule: 1. Course introduction 2. Rigid body motion 3. Robot kinematics 4. Robot planning (HW1 part 1) 5. Robot dynamics 6. Robot control (HW1 part 2) 7. Model predictive control and optimization basics 8. Optimal control 9. Mid-term exam 10. Trajectory optimization (HW2) 11. Reinforcement learning 12. Deep reinforcement learning (HW3) 13. State estimation 14. Advanced topics 15. Course project presentation",nil
CHINA,Tsinghua University,SC4010,APPLIED CRYPTOGRAPHY,Major-PE,40470024,Fundamentals of Cryptography,3,Approved,2023,2,"mid term, projects, final exam",64 hours,4 credits,"(The information below is obtained from teaching prof's personal website: http://www.chenyilei.net/cryptography-s2024.html) Tentative Schedule (for spring 2024): 0226 Lecture 1: Introduction 0228 Lecture 2: Introduction II 0304 Lecture 3: Encryption with perfect secrecy 0306 Lecture 4: ?Computational hardness and one-way functions 0311 Lecture 5: Algorithms and hard problems related to primes, factoring, and RSA 0313 Lecture 6: Algorithms and hard problems related to discrete- log 0318 Lecture 7: Indistinguishability and pseudorandomness 0320 Lecture 8: Pseudorandom generator and hardcore bit 0325 Lecture 9: Hardcore bits: Yao, Goldreich-Levin 0327 Lecture 10: Pseudorandom functions 0401 Lecture 11: Probabilistic encryption 0403 Lecture 12: Public-key encryption 0408 Lecture 13: Private-key encryption 0410 Lecture 14: Authentication, hash functions ?0415 Lecture 15: Digital signature 0417 Midterm 0422 Lecture 16: Project ideas, interactive proofs 0424 Lecture 17: Zero-knowledge proofs 0429 Lecture 18: Zero-knowledge for NP 0501 ??? 0506 Lecture 19: Lattice-based cryptography I: SIS and LWE 0508 Lecture 20: Lattice-based cryptography II: public key encryption from LWE 0513 Lecture 21: Lattice-based cryptography III: fully homomorphic encryption from lattices 0515 Lecture 22: MPC I: Oblivious transfer 0520 Lecture 23: MPC II: Yao's Garbled circuits 0522 Lecture 24: Advanced topics I: Obfuscation: definitions 0527 Lecture 25: Advanced topics II: Obfuscation: applications 0529 Lecture 26: Advanced topics III: others + the summary of the semester Last two weeks: project presentations.",,??? ( chenyilei@mail.tsinghua.edu.cn ),,"Course Description: Modern cryptography aims to protect information privacy, integrity and authentication. In this course, we first review basis of discrete probability, algebra and classical cryptography. Then there are three sections remaining: (1) symmetric key encryption (e.g., block cipher), (2) public key encryption, (3) cryptographic protocols (e.g., key exchange, digital signature) and applications (e.g., blockchain). Except for the cryptographic mechanisms, we would also introduce the related cryptanalytic methods and implementations. This course has course projects in group of two or three students, mainly about applications of cryptography or side channel attack to cryptographic system.","?Main ?reference: A Course in Cryptography, Chapters 1-6, Rafael Pass & abhi shelat https://www.cs.cornell.edu/courses/cs4830/2010fa/lecnotes.pdf ?Other references: A graduate course in applied cryptography, Dan Boneh & Victor Shoup Foundations of Cryptography I, II, Oded Goldreich"
CHINA,Tsinghua University,SC4020,DATA ANALYTICS & MINING,Core,80240793,Big Data Intelligence,3,Approved,2024,1,Not Stated,48,3,Actual Period of Stay: 3 Sep to 15 Jan,,Zhu Wenwu ??? ( wwzhu@tsinghua.edu.cn ),https://zhjw.cic.tsinghua.edu.cn/js.vjsKcbBs.do?m=showToXs&p_id=2011990168;80240793,"The course covers basic methods of data analysis and processing in data science, statistical machine learning theories such as regression analysis and probability theory, as well as artificial intelligence theories and methods such as predicate logic, deep learning, reinforcement learning, meta-learning, and automated machine learning. The course will achieve its teaching objectives through classroom lectures and other assessment methods.","(Not Stated, From Last Year Info) Topics include but not limited to: 1. Data Cleaning 2. Data Sampling 3. Data Representation and Modelling 4. Probabilistic Theories 5. Deep Neural Networks 6. Logic and Predicate 7. Frequent Itemsets and Association Rules 8. Near Neighbour Search in High Dimensional Data 9. Locality Sensitive Hashing (LSH) 10. Dimensionality Reduction 11. Regression 12. Clustering 13. Link Analysis 14. Large- Scale Supervised Machine Learning 15. Data Streams 16. Mining the Web for Structured Data 17. Recommendation Systems 18. MapReduce and Spark as Tools 19. Multi-modal/Cross-modal Analysis 20. Data-driven and Knowledge- driven Analysis 21. Big Data and AI Applications 22. Common Sense Knowledge 23. Logic and Reasoning 24. Knowledge Graph and Knowledge Representation 25. Meta- learning 26. Automated Machine Learning"
CHINA,Tsinghua University,SC4020,DATA ANALYTICS & MINING,Core,80240793,Big Data intelligence,3,Approved,2023,1,Not Stated,48,3,Actual Period of Stay: 3 Sep to 15 Jan,,Zhu Wenwu ??? ( wwzhu@tsinghua.edu.cn ),https://zhjw.cic.tsinghua.edu.cn/js.vjsKcbBs.do?m=showToXs&p_id=2011990168;80240793,"The course covers basic methods of data analysis and processing in data science, statistical machine learning theories such as regression analysis and probability theory, as well as artificial intelligence theories and methods such as predicate logic, deep learning, reinforcement learning, meta-learning, and automated machine learning. The course will achieve its teaching objectives through classroom lectures and other assessment methods.","(Not Stated, From Last Year Info) Topics include but not limited to: 1. Data Cleaning 2. Data Sampling 3. Data Representation and Modelling 4. Probabilistic Theories 5. Deep Neural Networks 6. Logic and Predicate 7. Frequent Itemsets and Association Rules 8. Near Neighbour Search in High Dimensional Data 9. Locality Sensitive Hashing (LSH) 10. Dimensionality Reduction 11. Regression 12. Clustering 13. Link Analysis 14. Large- Scale Supervised Machine Learning 15. Data Streams 16. Mining the Web for Structured Data 17. Recommendation Systems 18. MapReduce and Spark as Tools 19. Multi-modal/Cross-modal Analysis 20. Data-driven and Knowledge- driven Analysis 21. Big Data and AI Applications 22. Common Sense Knowledge 23. Logic and Reasoning 24. Knowledge Graph and Knowledge Representation 25. Meta- learning 26. Automated Machine Learning"
CHINA,Tsinghua University,SC4021,INFORMATION RETRIEVAL,Major-PE,80240262,Advanced Information Retrieval,3,Approved,2024,2,The final grade consists of three components: 1. **Oral presentation score in the workshop** ? Ev,32,2,"Hi Prof, I would like to challenge myself and take a technical course in Chinese",,?? ( z-m@mail.tsinghua.edu.cn ),https://webvpn.tsinghua.edu.cn/http/77726476706e69737468656265737421eaff4b8b227e6b597d469dbf915b243d1569e38ddd4b59c06f/js.vjsKcbBs.do?m=showToXs&p_id=2003990134;80240262,"The schedule may be adjusted appropriately based on the actual progress of the semester. ### I. Course Topics (Lectures by the instructor, approximately 10-12 weeks) 1. Introduction to Information Retrieval. 2. Key technologies of retrieval systems (2-3 weeks: data crawling, indexing, retrieval, ranking and classical models, challenging issues, evaluation, etc.). 3. New developments in retrieval technology: Dense retrieval. 4. Personalized recommendation. 5. Traditional and deep learning-based recommendation systems (2-3 weeks). 6. New developments in user behavior analysis and social network analysis. 7. Conversational search and recommendation. 8. Retrieval and recommendation in the era of large models. 9. Summary of the history of information retrieval and discussion on future directions. ### II. Workshop (Student group presentations, 3-4 weeks) Students will present and share the prototype systems they design and implement in the final course project.",ACM TOIS?SIGIR?WWW?WSDM?CIKM?RecSys?CHIIR?TREC?? ?????????3????? ?????
CHINA,Tsinghua University,SC4021,INFORMATION RETRIEVAL,Major-PE,80240573,Web Information Retrieval,3,Approved,2024,2,???????????????????Coffee Time???????????,48,3,"Hi Prof, I would like to challenge myself to take a technical mod in Chinese. This is an undergraduate course",,?? ( z-m@mail.tsinghua.edu.cn ),https://webvpn.tsinghua.edu.cn/http/77726476706e69737468656265737421eaff4b8b69336153301c9aa596522b20bc86e6e559a9b290/js.vjsKcbBs.do?m=showToXs&p_id=2003990134;80240573,"This course introduces the kernel and state-of-the-art technologies in Web information retrieval (Web IR, including search and personalized recommendation) research and practice, as well as open problems and challenges. Fresh Web applications and future IR design will be discussed in the course coffee time and seminar. Active thinking and discussion are highly encouraged in this course. Final scores are given by results of homework assignments + final project design & implementation and talk in the course workshop + course coffee time presentation (bonus). May have some changes according to the students understanding and background. I. Web Search (1) IR and SE system architecture (2) Crawler, Indexing (3) Ranking models and dense retrieval (4) Link analysis (5) User behavior analysis (6) Evaluation and challenges II. Personalized recommendation (7) Tasks, information and evaluation (8) Content-based model (9) Collaborative filtering (10) Neural recommendation models (11) Challenges in recommender systems III. Other advanced topics, e.g. (12) Social computing (13) Visual IR (14) LLM and IR","Proceedings of top conferences such as SIGIR, WWW, WSDM, CIKM, RecSys, CHIIR; and ACM TOIS journal papers."
CHINA,Tsinghua University,SC4023,BIG DATA MANAGEMENT,Major-PE,80240673,Big Data Analytics with In-Memory Computing,3,Approved,2024,2,2 assignments and 1 presentation,64,3,"Hi Prof, I would like to challenge myself to take a technical mod in Chinese",,??? ( liguoliang@tsinghua.edu.cn ),https://webvpn.tsinghua.edu.cn/http/77726476706e69737468656265737421eaff4b8b69336153301c9aa596522b20bc86e6e559a9b290/js.vjsKcbBs.do?m=showToXs&p_id=2009990066;80240673,"The course mainly covers existing big data analysis algorithms, tools, and systems, providing practical opportunities. The specific content includes: 1. Distributed File Systems: GFS, HDFS 2. Distributed Processing Systems: Hadoop, Hive, MapReduce 3. In-memory Computing Systems: Spark, Shark, SAP HANA 4. Stream Data Management Systems: Storm, S4 5. New Database Systems: NoSQL, CAP Theory, Graph Systems 6. Data Management on New Media: SSD, PCM 7. Distributed Data Mining 8. Some experiences on how to conduct research",No Info
CHINA,Tsinghua University,SC4024,DATA VISUALISATION,Major-PE,80240683,Data visualization,3,Approved,2024,2,exam,48,3,"Hi Prof, I would like to challenge myself and take a technical course in Chinese",,??? ( shz@tsinghua.edu.cn ),https://webvpn.tsinghua.edu.cn/http/77726476706e69737468656265737421eaff4b8b227e6b597d469dbf915b243d1569e38ddd4b59c06f/js.vjsKcbBs.do?m=showToXs&p_id=2009990039;80240683,"?Data visualization? mainly introduces concepts, methods and tools for visualization of Big data, including: perception and cognition, color model for visualization, and visualization of time-space data, non-structure and non-geometry data. Design principle, interaction and evaluation for visualization systems will also be discussed.","""Data Visualization"", authored by Chen Wei, Shen Zeqian, and others, and published by Electronic Industry Press"
CHINA,Tsinghua University,SC4040,ADVANCED TOPICS IN  ALGORITHMS,Major-PE,80240703,Advanced Algorithms,3,Approved,2024,2,in-class examination,3,3,"Hi Prof, I would like to challenge myself and take a technical course in Chinese",,CHEN TING ( tingchen@tsinghua.edu.cn ),https://webvpn.tsinghua.edu.cn/http/77726476706e69737468656265737421eaff4b8b227e6b597d469dbf915b243d1569e38ddd4b59c06f/js.vjsKcbBs.do?m=showToXs&p_id=2013990097;80240703,"Algorithm design and analysis is a fundamental and important part of computer science. This course introduces students to advanced techniques for design and analysis of algorithms with an emphasis on analyzing big data. The topics cover string algorithms, randomized algorithms, approximation algorithms, parallel algorithms, and advanced data structure. More specifically, we will encounter many useful examples of dynamic programming, hashing, online and streaming algorithms, linear and semi-definite programming, internet algorithms, random walks, DNA sequence comparisons, and data structures, and near neighbor search. Prerequisite: One undergraduate or graduate course in algorithms","Lecture Outlines 1. Dynamic Programming and String alignments I 2. Dynamic Programming and String alignments II 3. Hashing and Universal Hash Family 4. Consistent Hashing and Bloom Filter 5. MinHash 6. Locality Sensitive Hashing I 7. Locality Sensitive Hashing II 8. LSH Applications 9. Suffix Array, Suffix Tree, BWT 10.Approximation Algorithms 11.Theory of Computation 12.Parallel algorithm 13.IN CLASSROOM EXAM 14.FINAL PROJECT PRESENTATION I 15.FINAL PROJECT PRESENTATION II"
CHINA,Tsinghua University,SC4040,ADVANCED TOPICS IN  ALGORITHMS,Major-PE,80470032,Design and Analysis of Algorithms,3,Approved,2024,1,Closed Book Exam,32,2,"URL requires THU vpn to access, attached pdf is screenshots of the course information",,?? ( duanran@tsinghua.edu.cn ),https://zhjw.cic.tsinghua.edu.cn/js.vjsKcbBs.do?m=showToXs&p_id=2014990068;80470032,"This is a graduate level algorithm course, which is about advanced topics on algorithms. It will cover union-find data structure analysis, Fibonacci heap, dynamic tree algorithms, primal-dual approximation algorithms, applications of fast matrix multiplication, and other research topics on algorithms",nil
CHINA,Tsinghua University,SC4040,ADVANCED TOPICS IN  ALGORITHMS,Major-PE,80240133,Modern Optimization Algorithm:Design and Practice,3,Approved,2023,2,"Examination (class attendance 10%, class discussion 20%, 2 algorithm experimental technical reports",48,3,26 Feb - 15 Jul 2024,,??? Dong Sheqin ( dongsq@mail.tsinghua.edu.cn ),,"This course consists of multiple algorithm topics, each topic includes four parts: 1) Algorithm principles, 2) Algorithm analysis, 3) Algorithm design and practical technology, 4) Experiments and case analysis and discussion. Algorithm topics include: 1. Simulated annealing algorithm; 2. Genetic algorithm; 3. Neural network algorithm; 4. Lagrangian relaxation algorithm; 5. Ant algorithm; 6. Particle swarm optimization algorithm; 7. Tabu search algorithm; 8. Minimum degree of freedom first algorithm; 9. Search space smoothing algorithm; 10. Other emerging algorithms","The content of this course comes from different algorithm monographs and cutting-edge academic literature. There are corresponding reference books and references under each algorithm topic. The main content of the course is summarized in the courseware. Some examples of reference books. (You can use keywords to search for the latest published relevant algorithm monographs according to the following examples) (1) Xing Wenxun, Xie Jinxing, editors: < > Tsinghua University Press 1999 (2) Kang Lishan, Xie Yun, etc. << Non Numerical Parallel Algorithm - Simulated Annealing Algorithm>> Science Press 1994 (3) Chen Guoliang, Wang Xufa et al. < >, People's Posts and Telecommunications Press 1996"
CHINA,Tsinghua University,SC4040,ADVANCED TOPICS IN  ALGORITHMS,Major-PE,80470032,Design and Analysis of Algorithms,3,Approved,2023,1,Closed Book Exam,32,2,"URL requires THU vpn to access, attached pdf is screenshots of the course information",,?? ( duanran@tsinghua.edu.cn ),https://zhjw.cic.tsinghua.edu.cn/js.vjsKcbBs.do?m=showToXs&p_id=2014990068;80470032,"This is a graduate level algorithm course, which is about advanced topics on algorithms. It will cover union-find data structure analysis, Fibonacci heap, dynamic tree algorithms, primal-dual approximation algorithms, applications of fast matrix multiplication, and other research topics on algorithms",nil
CHINA,Tsinghua University,SC4050,PARALLEL COMPUTING,Major-PE,70240263,Parallel Computing,3,Approved,2023,1,end of term/semester exam,48,3,nil,,??? ( ygw@mail.tsinghua.edu.cn ),http://zhjw.cic.tsinghua.edu.cn/js.vjsKcbBs.do?m=showToXs&p_id=1999990007;70240263,"Computational science and engineering have become basic scientific research methods alongside experimental observation and theoretical analysis, and are important factors in promoting innovation in engineering technology. They are of great significance in improving the level of scientific research. Computational science and engineering are the most common interdisciplinary work modes in the 21st century, supporting quantitative and precise descriptions, and parallel computing is an indispensable and important means of computational science and engineering. This course will teach the structural model of parallel computers, parallel algorithms, and the design principles and methods of parallel programs. From a computational perspective, briefly introduce the structure of contemporary mainstream computers and performance evaluation methods for parallel computing; Introduce several commonly used parallel computing models; Discuss the design methods, techniques, and processes of parallel algorithms; Discuss several numerical and non numerical parallel algorithms. The students who choose courses include students from the computer science department and students from other departments of science and engineering. They have a strong demand for computing. Through the study of this course, they can preliminarily grasp the basic principles of parallel computing and be able to solve some important problems in the subject through parallel computers. ?????????????????????????????? ?????????????????????????????? ????????????21????????????????? ?????????????????????????????? ???? ?????????????????????????? ?????????????????????????????? ?????????????????????????????? ?????????????????????????????? ????? ???????????????????????? ?????????????????????????????? ??????????????????????????????","??? ???? ????2004 ????????, ?????? ??2006 ????????????????????????? ??2000 Ananth Grama et al Introduction to Parallel Computing Second Edition Pearson Edition Limited 2003. ?????????? ??"
CHINA,Tsinghua University,SC4054,SIMULATION  &  MODELLING,Major-PE,40160622,Modeling and Simulation,3,Approved,2023,1,"Exam 50%, Project 20%, Homework 20%, Lab 10%",32,2,NIL,,XIE Xiaolei ( xxie@tsinghua.edu.cn ),,"(translated) This course includes three parts: theoretical teaching, software teaching and project practice. The theoretical lecture mainly introduces the basic principles and basic methods of discrete event simulation for production, logistics and service operation systems. The software teaching session explains and trains students to use computer software for data analysis, simulation modeling and operation. The project practice requires students to complete a simulation project with a self-selected topic in a group manner, and carry out the application practice of the whole simulation process including project topic selection, system observation, data acquisition, input analysis, model establishment, software implementation, output analysis and system improvement. ?? 1. Introduction 2. Basic simulation modeling 3. Simulation software 4. Validity and credibility of simulation 5. Selecting input probability distributions 6. Random number generators 7. Generating random variates 8. Output data analysis 9. Simulation of manufacturing system ?? 1. Basic modeling and simulation 2. Input analysis for simulation","Averill M. Law???????, ???????(Simulation Modeling and Analysis), ???????"
CHINA,Tsinghua University,SC4061,COMPUTER VISION,Major-PE,70240083,Computer Vision,3,Approved,2024,1,"Continuous Assessment, Exams",48,3,"Knowing that the course ""Machine Vision"" offered by EEE THU has a record of successful match to SC4061, but the content does not attract me much. I found this more interesting.",,Xing Junliang ( jlxing@tsinghua.edu.cn ),,"This course is an essential course for students majoring in computer application and artificial intelligence, mainly introducing the basic knowledge of computer vision. It combines the latest research achievements and development trends in machine vision to teach the core content of computer vision, including an introduction to computer vision, basic knowledge it relies on, the image formation process, low-level, mid-level, and high-level vision, as well as the integration of computer vision and other disciplines. The content of this course will help students master the core research content, typical algorithm technology, and research ideas and methods of computer vision, laying a solid foundation for research and cross- innovation in related fields. Full information, please refer to: Link: https://mubu.com/doc/6cxbV47Exq- Passcode: 4g99","Richard Szelisk, Computer Vision: Algorithms and Applications, 2nd ed., Springer, 2022 ?Chapter not mentioned)"
CHINA,Tsinghua University,SC4061,COMPUTER VISION,Major-PE,70240083-0,Computer Vision,3,Approved,2024,1,?????4?? ???????1? ????????? ???????????,48,3,030924-130125,,??? ( jlxing@tsinghua.edu.cn ),https://learn.tsinghua.edu.cn/f/wlxt/kc/v_kcxx_jskcxx/student/beforeXskcxx?wlkcid=2024-2025-1148441844&sfgk=0,"This course is essential for graduate students majoring in computer application and artificial intelligence, mainly introducing the basic knowledge of computer vision. It combines the latest research achievements and development trends in machine vision to teach the core content of computer vision, including an introduction to computer vision, basic knowledge it relies on, the image formation process, low-level, mid-level, and high-level vision, as well as the integration of computer vision and other disciplines. The content of this course will help students master the core research content, typical algorithm technology, and research ideas and methods of computer vision, laying a solid foundation for research and cross- innovation in related fields.","??? Richard Szelisk, Computer Vision: Algorithms and Applications, 2nd ed., Springer, 2022. ???? ????????? ??????????????????, ????????2012?? ????????????????????????4?????? ?????2021?? ?????????????????2016? ????????????????????????????? ??2020?"
CHINA,Tsinghua University,SC4061,COMPUTER VISION,Major-PE,80231302,Machine Vision,3,Approved,2024,1,Exam,32,2,"Above information is taken from school intranet, taken during semester 1",,?? ( fanglu@tsinghua.edu.cn ),https://zhjw.cic.tsinghua.edu.cn/js.vjsKcbBs.do?m=showToXs&p_id=2020990148;80231302,"Machine vision is an interdisciplinary research area in the field of artificial intelligence, which aims to explore the usage of machines instead of human eyes to measure and judge, so as to support intelligent decision- making of unmanned systems. It is characterized by high throughput, high efficiency and high robustness. Machine vision technology involves artificial intelligence, computer science, optics, neurobiology, robotics and other fields. The course content includes the basic theory, model and algorithm of machine vision, the latest research results in the field and their applications. The contents include Camera and Imaging;Onboard Photogrammetry such as Camera Model and Monocular Vision, Epipolor Geometry, Multi-view Geometry, Photometric Geometry; Onboard Understanding such as DNN and Transformer, Model Compression, Light- weight Real-time Detection and Recognition; Embodied AI such as Visual Language Navigation, Rearrangement; Frontiers and Applications of Machine Vision in Autonomous Driving and Smart Factory.","[1] ""Machine Vision: Theory, Algorithms, Practicalities"" ,E. R. Davies; [2] ??????[?],???????? ???????? ?; [3] ???? ???????,???, C. ????, M. ???, C. ??? ??? ???; [4] ""Digital Image Processing"" ,Rafael C. Gonzalez and Richard E. Woods; [5] ""Multiple View Geometry in Computer Vision"" , Richard Hartley and Andrew Zisserman."
CHINA,Tsinghua University,SC4061,COMPUTER VISION,Major-PE,40470353,Computer Vision,3,Approved,2023,2,no available information,48 hours,3 credits,-,,?? ( gaoyangiiis@mail.tsinghua.edu.cn ),,"Course Description: This course introduce both of the basics and advances of computer vision. The content ranges from computer vision basics, such as image formation, image processing, to recent development of feature extraction, 3D vision, as well as recent breakthroughs such as deep learning, image recognition and object detection. We emphasize on the foundation of computer vision, but we also teach the most recent technology advancement. We hope the students can have a good understanding of the foundation of computer vision, and at the same time be enthusiastic about the cool stuff in computer vision.",no available information
CHINA,Tsinghua University,SC4061,COMPUTER VISION,Major-PE,70240083,Computer Vision,3,Approved,2023,2,"Continuous Assessment, Exams",48,3,"Knowing that the course ""Machine Vision"" offered by EEE THU has a record of successful match to SC4061, but the content does not attract me much. I found this more interesting.",,Xing Junliang ( jlxing@tsinghua.edu.cn ),,"This course is an essential course for students majoring in computer application and artificial intelligence, mainly introducing the basic knowledge of computer vision. It combines the latest research achievements and development trends in machine vision to teach the core content of computer vision, including an introduction to computer vision, basic knowledge it relies on, the image formation process, low-level, mid-level, and high-level vision, as well as the integration of computer vision and other disciplines. The content of this course will help students master the core research content, typical algorithm technology, and research ideas and methods of computer vision, laying a solid foundation for research and cross- innovation in related fields. Full information, please refer to: Link: https://mubu.com/doc/6cxbV47Exq- Passcode: 4g99","Richard Szelisk, Computer Vision: Algorithms and Applications, 2nd ed., Springer, 2022 ?Chapter not mentioned)"
CHINA,Tsinghua University,SC4061,COMPUTER VISION,BDE,80231302,Machine Vision,3,Approved,2023,1,Exam,32,2,"Above information is taken from school intranet, taken during semester 1",,?? ( fanglu@tsinghua.edu.cn ),https://zhjw.cic.tsinghua.edu.cn/js.vjsKcbBs.do?m=showToXs&p_id=2020990148;80231302,"Machine vision is an interdisciplinary research area in the field of artificial intelligence, which aims to explore the usage of machines instead of human eyes to measure and judge, so as to support intelligent decision- making of unmanned systems. It is characterized by high throughput, high efficiency and high robustness. Machine vision technology involves artificial intelligence, computer science, optics, neurobiology, robotics and other fields. The course content includes the basic theory, model and algorithm of machine vision, the latest research results in the field and their applications. The contents include Camera and Imaging;Onboard Photogrammetry such as Camera Model and Monocular Vision, Epipolor Geometry, Multi-view Geometry, Photometric Geometry; Onboard Understanding such as DNN and Transformer, Model Compression, Light- weight Real-time Detection and Recognition; Embodied AI such as Visual Language Navigation, Rearrangement; Frontiers and Applications of Machine Vision in Autonomous Driving and Smart Factory.","[1] ""Machine Vision: Theory, Algorithms, Practicalities"" ,E. R. Davies; [2] ??????[?],???????? ???????? ?; [3] ???? ???????,???, C. ????, M. ???, C. ??? ??? ???; [4] ""Digital Image Processing"" ,Rafael C. Gonzalez and Richard E. Woods; [5] ""Multiple View Geometry in Computer Vision"" , Richard Hartley and Andrew Zisserman."
CHINA,Tsinghua University,SC3020,DATABASE SYSTEM PRINCIPLES,Major-PE,70240063,Distributed Database Systems,3,Rejected,2024,2,Assignments (30%) Group project (60%) Attendance (10 %),48,3,"Hi Prof, I would like to challenge myself to take a technical course in Chinese",Mismatch in course content.,?? ( fengling@tsinghua.edu.cn ),https://webvpn.tsinghua.edu.cn/http/77726476706e69737468656265737421eaff4b8b69336153301c9aa596522b20bc86e6e559a9b290/js.vjsKcbBs.do?m=showToXs&p_id=2006990132;70240063,"Course Objectives: 1) to enhance the previous knowledge of database systems by deepening the understanding of the theoretical and practical aspects of the database technologies; showing the need for distributed database technology to tackle deficiencies of centralized database systems; 2) to introduce basic principles and implementation techniques of distributed database systems, including distributed database design and architecture, query processing and optimization, transaction management, recovery, and reliability protocols; 3) to expose active and emerging research issues in distributed database systems and application development, including parallel and streaming data management, data warehousing and OLAP, NoSQL and NewSQL; 4) to apply theory to practice by building a data center in a distributed context. After the course, the students can 1) get familiar with the currently available models, technologies for and approaches to building distributed database systems; 2) have developed practical skills in the use of these models and approaches to be able to select and apply the appropriate methods for a particular case; 3) be aware of the current research directions in the field and their possible outcomes; 4) be able to carry out research on a relevant topic, identify primary references, analyze them, and come up with meaningful conclusions; 5) be able to apply learned skills to solving a big data management problem.","M. Tamer Ozsu and Patrick Valduriez. Principles of Distributed Database Systems (third Edition), Springer, 2011."
CHINA,Tsinghua University,SC3020,DATABASE SYSTEM PRINCIPLES,Major-PE,70240063,Distributed Database Systems,3,Rejected,2024,1,Assignments (30%) Group project (60%) Attendance (10 %),48,3,"Hi Prof, I would like to challenge myself to take a technical course in Chinese",Mismatch in course content.,?? ( fengling@tsinghua.edu.cn ),https://webvpn.tsinghua.edu.cn/http/77726476706e69737468656265737421eaff4b8b69336153301c9aa596522b20bc86e6e559a9b290/js.vjsKcbBs.do?m=showToXs&p_id=2006990132;70240063,"Course Objectives: 1) to enhance the previous knowledge of database systems by deepening the understanding of the theoretical and practical aspects of the database technologies; showing the need for distributed database technology to tackle deficiencies of centralized database systems; 2) to introduce basic principles and implementation techniques of distributed database systems, including distributed database design and architecture, query processing and optimization, transaction management, recovery, and reliability protocols; 3) to expose active and emerging research issues in distributed database systems and application development, including parallel and streaming data management, data warehousing and OLAP, NoSQL and NewSQL; 4) to apply theory to practice by building a data center in a distributed context. After the course, the students can 1) get familiar with the currently available models, technologies for and approaches to building distributed database systems; 2) have developed practical skills in the use of these models and approaches to be able to select and apply the appropriate methods for a particular case; 3) be aware of the current research directions in the field and their possible outcomes; 4) be able to carry out research on a relevant topic, identify primary references, analyze them, and come up with meaningful conclusions; 5) be able to apply learned skills to solving a big data management problem.","M. Tamer Ozsu and Patrick Valduriez. Principles of Distributed Database Systems (third Edition), Springer, 2011."
CHINA,Tsinghua University,SC3020,DATABASE SYSTEM PRINCIPLES,Major-PE,40470414,Database Systems,3,Rejected,2023,2,Unavailable,64,4,Teaching staff details taken from past years (current year's details unavailable),The course does not just focus on database internals. No details of projects related to this.,Zhang Huanchen ( huanchen@tsinghua.edu.cn ),https://www.tsinghua.edu.cn/en/pdf/ut2022.pdf,"This course is designed to introduce the fundamental concepts and implementations of modern database management systems. This is not a course that teaches you how to build database applications (e.g., schema design, SQL programming). It is designed as a systems course, with an emphasis on database internals. Topics include relational model and SQL, storage and indexing, query processing and optimization, transactions and concurrency control, distributed and cloud databases, as well as advanced research topics in the field. Students taking this course should have basic knowledge on computer systems. No prior database experience is assumed. The course consists of lectures, written assignments, and projects. Assignments and projects are designed to reinforce what the student learned in lectures and to provide hands-on experience in building a database system. Upon successful completion of this course, the student should feel confident taking a job as a database developer or conducting database-related research in graduate school.",Unavailable
CHINA,Tsinghua University,SC3020,DATABASE SYSTEM PRINCIPLES,Major-PE,70240063,Distributed Database Systems,3,Rejected,2023,1,Assignments (30%) Group project (60%) Attendance (10 %),48,3,"Hi Prof, I would like to challenge myself to take a technical course in Chinese",Mismatch in course content.,?? ( fengling@tsinghua.edu.cn ),https://webvpn.tsinghua.edu.cn/http/77726476706e69737468656265737421eaff4b8b69336153301c9aa596522b20bc86e6e559a9b290/js.vjsKcbBs.do?m=showToXs&p_id=2006990132;70240063,"Course Objectives: 1) to enhance the previous knowledge of database systems by deepening the understanding of the theoretical and practical aspects of the database technologies; showing the need for distributed database technology to tackle deficiencies of centralized database systems; 2) to introduce basic principles and implementation techniques of distributed database systems, including distributed database design and architecture, query processing and optimization, transaction management, recovery, and reliability protocols; 3) to expose active and emerging research issues in distributed database systems and application development, including parallel and streaming data management, data warehousing and OLAP, NoSQL and NewSQL; 4) to apply theory to practice by building a data center in a distributed context. After the course, the students can 1) get familiar with the currently available models, technologies for and approaches to building distributed database systems; 2) have developed practical skills in the use of these models and approaches to be able to select and apply the appropriate methods for a particular case; 3) be aware of the current research directions in the field and their possible outcomes; 4) be able to carry out research on a relevant topic, identify primary references, analyze them, and come up with meaningful conclusions; 5) be able to apply learned skills to solving a big data management problem.","M. Tamer Ozsu and Patrick Valduriez. Principles of Distributed Database Systems (third Edition), Springer, 2011."
CHINA,Tsinghua University,SC3020,DATABASE SYSTEM PRINCIPLES,Major-PE,80240693,Introduction to Big Data Systems,3,Rejected,2023,1,Not stated,48,3,nil,Mismatch in course content.,CHEN Wen Guang ??? ( cwg@tsinghua.edu.cn ),,"This course takes common big data algorithms as an example to introduce how to use various existing big data systems to complete big data processing, including big data storage systems, big data computing frameworks, in-memory computing frameworks, stream processing, graph computing systems and big data visualization systems, etc., and through a series of experiments, master the ability 29 to use the above big data systems to carry out big data analysis in practical work. Part 1: Principles of parallel and distributed computing Parallel computing concepts Parallelism, load balance, fault tolerance (W1) Traditional parallel programming paradigm(W2) Threads, MPI ,OpenMP Part 2: Store Big data HDFS(W3) Processing Big data Hadoop MapReduce (W4) In memory computing: Spark(W5,W6) Stream computing and queue (W7) Graph based framework(W9,W10) Part 3: Extended subjects Distributed machine learning(W11) Graph Neural Networks(W12) Federated Machine Learning and MPCs(W13) Block chain(W14) Part 4 (Optional): A project to design a big data system module or an optimization extension for an existing big data system Support SparkSQL on the core system we provided, or Name your own projects",Not stated
CHINA,Tsinghua University,SC3050,ADVANCED COMPUTER ARCHITECTURE,Major-PE,40240443,Computer Architecture,,Rejected,2024,2,Closed-book exam (50%) + Labs (25%) + Homework (10%) + Class Participation/Overall Performance (15%),64,3,"Hi Prof, I would like to challenge myself and take a technical course in Chinese","good foundation course. Unfortunately, does not cover GPU, etc..",??? ( gyzh@tsinghua.edu.cn ),https://webvpn.tsinghua.edu.cn/http/77726476706e69737468656265737421eaff4b8b227e6b597d469dbf915b243d1569e38ddd4b59c06f/js.vjsKcbBs.do?m=showToXs&p_id=2008990061;40240443,"Week 1: Course introduction, basic concepts, and design methods Week 2: Basic concepts and design methods, computer instruction set architecture Week 3: Computer instruction set architecture Week 4: Cache system design Week 5: Cache system optimization Week 6: Cache system optimization Week 7: Parallel main memory system Week 8: Pipelining technology Week 9: Dynamic pipelining technology Week 10: Dynamic pipelining technology Week 11: Interconnection and communication Week 12: Interconnection and communication Week 13: Vector processing technology Week 14: Cache coherence in multi-core systems Week 15: Cache coherence in multi-core systems Week 16: Synchronization mechanisms","Computer System Architecture Tutorial, by Zhang Chenxi et al."
CHINA,Tsinghua University,SC3103,EMBEDDED PROGRAMMING,Core,40240552,Embedded System,3,Rejected,2023,1,end of term/semester exam,32,2,nil,Cannot access the web site. Course seems very general and too board.,"??,??? ( taopin@mail.tsinghua.edu.cn )",http://zhjw.cic.tsinghua.edu.cn/js.vjsKcbBs.do?m=showToXs&p_id=2002990096;40240552,"Running deep learning on the card-size Raspberry embedded device! Yes, it works in this course. Embedded system is the technology foundation of the Internet of things, robot and intelligent equipment. This course is a computer engineering course, aims at providing comprehensive knowledge of embedded system for senior computer science students, including digital logic, computer principle, program design, data structure, operating systems, compiler theory, machine learning, multimedia processing, etc. The course go through the knowledge of embedded system hardware, system software architecture, algorithm processing and other aspects of knowledge. We try to teach you how to design the function dedicated embedded computing systems. ?????????????????????????????? ?????????? ???????????????????? ?????????????????????????????? ?????????????????????????????? ????????????????????????????? ?????????????????????????????? ?????????????????????????????? ????????????","????????????? Wayne Wolf??????? ?Linux? ?????? ???, ???, ?????? ????????? [?]Simon Monk ?? ???????"
CHINA,Tsinghua University,SC4001,NEURAL NETWORK & DEEP LEARNING,Major-PE,80250993,Machine Learning,3,Rejected,2024,1,Homework & course projects midterm test final exam,48,3,"approved match to SC4000, but seems to match SC4001's content as well as there is coverage of neural networks and deep learning",can match with SC4000,??? ( zhangxg@mail.tsinghua.edu.cn ),,"This is an introductory course on Machine Learning for graduate students and senior undergraduate students of relevant backgrounds. The course will cover the basic concepts of machine learning and pattern recognition, basic mathematical development for major methods that play key roles in the discipline, and introduction to a broad range of representative machine learning methods and applications. All lectures will be given in English. Homework and exams can be in English or Chinese. 1. Introduction 2. Linear learning machines 3. Assessment of pattern recognition methods 4. Artificial neural networks 5. Support vector machines 6. Generalization and statistical learning theory 7. Nonparametric pattern recognition methods 8. Bayesian decision and probabilistic learning 9. Density estimation and mixture models 10. Clustering and unsupervised pattern recognition 11. Feature transformation and dimensionality reduction 12. Feature selection 13. Deep learning I: CNN 14. Deep learning II: RNN and LSTM 15. Deep learning III: Deep beliefe networks and generative models 16. Discussion: the history and the future","Xuegong Zhang, Machine Learning: A Balanced View, in press, 2020 (draft chapters will be distributed on class) R.O. Duda P.E. Hart, D.G. Stork, Pattern Classification (2nd edition), John Wiley & Sons, Inc, 2001 Christopher M. Bishop, Pattern Recognition and Machine Learning, Springer, 2006 S. Shalev-Shwartz & S. Ben-David, Understanding Machine Learning: From Theory to Algorithms, Cambridge University Press, 2014 I. Goodfellow, Y. Bengio, A. Courville, Deep Learning, MIT Press, 2017"
CHINA,Tsinghua University,SC4001,NEURAL NETWORK & DEEP LEARNING,Major-PE,90250052,Performance Evaluation and Optimization for Complex Systems,3,Rejected,2023,1,Not stated,32,2,nil,not match,JIA Qingshan ??? ( jiaqs@tsinghua.edu.cn ),,"NEWS! Since the fall semester of 2020, our course will include a substantial discussion on Reinforcement Learning including a treatment from theories, methods, algorithms, and applications. If you are interested in this important and vivid research field that sits in the very core of the current wave of Artificial Intelligence, welcome to join us in this course. See you in one month! This course is taught in English. We focus on the modeling and simulation of complex man- made systems in this course, and discuss the fundamental theory and related toolbox for the performance evaluation and optimization. We will discuss the unique position of discrete event dynamic system (DEDS) and other complex man-made systems in modern civilization; clarify the difference from the continuous variable dynamic system; discuss the related mathematics such as probability, queuing theory, and stochastic process; the models of DEDS (both simulation and mathematical models) such as the generalized semi-Markov process; the tools for performance optimization such as ordinal optimization; the sample-path based analysis methods such as perturbation analysis (PA); the optimization and decision making for classical dynamic systems; Markov decision process (MDP); and Reinforcement Learning algorithms. Chapter 1 Introduction 1.1 Concept of DEDS 1.2 Examples of DEDS 1.3 Models for DEDS 1.4 Future research directions in DEDS Chapter 2 Fundamentals of Probability 2.1 Memoryless property 2.2 Balance equation for probability flow equation Chapter 3 Fundamentals of Queuing Theory 3.1 A/B/m/K 3.2 M/M/1 3.3 Little?s law and application 3.4 Burke?s formula 3.5 Product form and Buzen formula 3.6 Traffic equation, nodal equation; QNA and MPX Chapter 4 Elements of Simulation 4.1 Event scheduling simulation and GSMP 4.2 Random number generation and random variable generation 4.3 Sampling, central limit theorem, and confidence interval 4.4 Order statistics 4.5 Other related issues 4.6 The Alias method Chapter 5 Fundamentals of Stochastic Process 5.1 Stochastic sequence 5.2 Independence and white noise 5.3 The Markov assumption 5.4 Gaussian sequence and Gaussian-Markovian sequence 5.5 Stationary process 5.6 Stochastic process 5.7 Markov chain and semi-Markov process 5.8 Markov process 5.9 Random walk and birth-death process 5.10 Kleinrock diagram 5.11 Generalized semi-Markov process (GSMP) and others Chapter 6 Ordinal optimization 6.1 Limit of cardinal optimization 6.2 Price for finding the global optimum 6.3 Two basic ideas of ordinal optimization 6.4 Ordered performance curve, the good enough set (G), the selected set (S), the alignment probability 6.5 Selection rules 6.6 Vector ordinal optimization 6.7 Constrained ordinal optimization 6.8 Applications Chapter 7 No Free Lunch Theorem 7.1 The no-free-lunch theorem 7.2 Performance limits in complexity 7.3 Performance limits in system security Chapter 8 Sample-Path Analysis 8.1 Sample path 8.2 Sensitivity analysis and the twin evils 8.3 The intuitive explanation of perturbation analysis 8.4 Perturbation generation 8.5 Perturbation propagation 8.6 Infinitesimal perturbation analysis 8.7 Generalized perturbation analysis 8.8 Standard clock Chapter 9 Optimization and Decision-Making in Classical Dynamic Systems 9.1 Dynamic systems 9.2 Kalman filter 9.3 Dynamic programming and optimal control 9.4 Linear-Quadratic-Gaussian problems Chapter 10 Markov Decision Process 10.1 Problem formulation 10.2 Classification of MDPs 10.3 The optimality equation and the Bellman optimality 10.4 Algorithms for MDP Chapter 11 Reinforcement Learning 11.1 RL theories 11.2 RL algorithms 11.3 Deep RL 11.4 Some recent development","Y.C. Ho, Q.C. Zhao, Q.S. Jia, Ordinal Optimization: Soft Optimization for Hard Problems, Springer, 2007. C.G. Cassandras, S. Lafortune, Introduction to Discrete Event Systems, Springer 2008. X.-R. Cao, Stochastic Learning and Optimization, Springer, 2007. D. Bertsekas, Dynamic Programming and Optimal Control vol. 2: Approximate Dynamic Programming, 4th Edition, Athena, 2012. R. S. Sutton, A. G. Barto, Reinforcement Learning: An Introduction, Second Edition, The MIT Press, Cambridge, MA, 2018."
CHINA,Tsinghua University,SC4002,NATURAL LANG PROCESSING,Major-PE,70240123,Digital Processing of Speech Signals,3,Rejected,2023,1,Unavailable,48,3,nil,,?? ( wangdong99@mails.tsinghua.edu.cn ),http://zhjw.cic.tsinghua.edu.cn/js.vjsKcbBs.do?m=showToXs&p_id=2012990004;70240123,"Digital processing of speech signal (DPSS) introduces the fundamental theories of speech production and speech perception, and dicuss the classical models and concurrent research in several application domains, including speech recognition, speaker recognition, emotion recognition and speech synthesis. The students will build theoretical understanding of speech signals, and harvest the knowledge of historical methods and SotA proress on speech recognition, emotion recognition and speech synthesis. Moreover, students will also gain skills of solving real-life problems on speech information processing by integrating fundamental tools including signal processing, pattern recognition and machine learning, hence paving the way to deeper research on their own area. ?????????????????????????????? ????????????????????????????? ?? ???????????????????????????? ?????????????????????????????? ?????????????????????????????? ?????????????????????????????? ?",???????????????????????????? ?????????????2021. ?????????????? ??????2021.
CHINA,Tsinghua University,SC4003,INTELLIGENT AGENTS,Major-PE,80240793,Big Data intelligence,3,Rejected,2023,1,Not stated,48,3,nil,not match,ZHU Wenwu ??? ( wwzhu@tsinghua.edu.cn ),,"This course will introduce fundamentals for data science, such as data analytics for data science, statistical machine learning approaches, data mining strategies, deep learning models, basic artificial intelligence methods and cutting-edge neural networks for various applications. Topics include but not limited to: 1. Data Cleaning 2. Data Sampling 3. Data Representation and Modelling 4. Probabilistic Theories 5. Deep Neural Networks 6. Logic and Predicate 7. Frequent Itemsets and Association Rules 8. Near Neighbour Search in High Dimensional Data 9. Locality Sensitive Hashing (LSH) 10. Dimensionality Reduction 11. Regression 12. Clustering 13. Link Analysis 14. Large-Scale Supervised Machine Learning 15. Data Streams 16. Mining the Web for Structured Data 17. Recommendation Systems 18. MapReduce and Spark as Tools 19. Multi-modal/Cross-modal Analysis 20. Data-driven and Knowledge- driven Analysis 21. Big Data and AI Applications 22. Common Sense Knowledge 23. Logic and Reasoning 24. Knowledge Graph and Knowledge Representation 25. Meta-learning 26. Automated Machine Learning",Not Stated
CHINA,Tsinghua University,SC4010,APPLIED CRYPTOGRAPHY,Major-PE,40470463,Cryptographic Protocols: Zero-Knowledge Proofs and MPC,3,Rejected,2024,1,not specified,48,3,nil,wrong course matching. find a firstgeneral course in crypto. this is theoretical crypto topic,??? ( yfsong@mail.tsinghua.edu.cn ),,"Zero-knowledge and Secure Multiparty Computation are the most popular and interesting topics in Cryptography. In this course, we will start from the background and definition of these two notions and learn how the basic constructions work and why they are secure.",Foundations of Cryptography Chapter 4 and Chapter 7
CHINA,Tsinghua University,SC4015,CYBER PHYSICAL SYSTEM SECURITY,Major-PE,30240573,Cybersecurity Fundamentals,3,Rejected,2023,2,Experiment + Exam,48,3,26 Feb - 15 Jul 2024,This is a general security/crypto course. Nothing related to CPS.,?? Xu Ke ( xuke@tsinghua.edu.cn ),,"Cybersecurity Fundamentals is an interdisciplinary course combining different subject areas. It focuses on the fundamental theories, problems, and mechanisms related to cybersecurity, which enables students to systematically understand the framework of cybersecurity and the basics of cybersecurity, to realize threats in cyberspace, and to strengthen their awareness on the cybersecurity issues. The specific contents of this course are as follows: fundamental theories of cybersecurity, mechanisms and algorithms, applied cryptography, system security, network security, application security, data security, etc. This course combines typical real-world security events with deep analysis, which will inspire students to think highly of cybersecurity and help them perceive the analytical methods and the corresponding countermeasures. Meanwhile, the well- designed in-class experiments will allow the students to further understand real-world cybersecurity issues. Content Outline: 1. Internet to Cyberspace 2. Cryptology Basics 3. Data Encryption 4. Privacy Protection 5. IP Protocol Security 6. TCP Protocol Security 7. DNS Security 8. PKI Security 9. Authentic and Trustworthy Internet SAVA Architecture and Key Technologies 10. System Hardware Security 11. Operating System Security 12. Distributed System Security 13. Cryptographic Algorithms 14. Artificial Intelligence Algorithm Security","Xu Ke, Li Qi, Shen Meng, Zhu Min. ""Cyberspace Security Principles and Practice"". Tsinghua University Press ??,??,??,??.?????????????.?????? ?.2022"
CHINA,Tsinghua University,SC4020,DATA ANALYTICS & MINING,Major-PE,80240632,Big Data Analysis and processing,3,Rejected,2023,2,Tests,32,2,-,Mismatch in course content.,"???,?? ( wwzhu@tsinghua.edu.cn, xin_wang@tsinghua.edu.cn )",,"In various fields such as the Internet, political economy, society, public health, finance, medical health, environment, oceans, etc., there are petabytes of data to be studied, and the results of big data analysis have already produced practical effects. This course will teach the basic methods and tools of big data analysis and processing from different levels, including the mathematical foundation of data statistical analysis, big data intelligent analysis and processing methods, big data distributed processing and parallel computing, and big data intelligence and applications. and applications. Specific contents include: (1) Basics of big data analysis and processing: the development of data science; the importance and necessity of big data analysis and processing; major challenges and scientific issues of big data analysis, etc. (2) Mathematical basis of data statistical analysis: review of data statistical knowledge; multidimensional data distribution; data sampling; principal component analysis and factor analysis; hypothesis testing; linear correlation and regression; nonlinear regression; analysis of variance; confidence interval analysis, etc. (3) Intelligent processing of big data: association mining; time series analysis; dynamic Bayesian network; matrix factorization theory; statistical machine learning; deep learning; online learning; reinforcement learning; causal inference; graph machine learning, etc. (4) Distributed processing and parallel computing of big data: the concepts of distributed processing and parallel computing; Hadoop and MapReduce; distributed parallelization of data analysis and intelligent processing methods based on Hadoop and MapReduce; TensorFlow and PyTorch analysis platforms, etc. (5) Big data analysis and intelligence: artificial intelligence, big data intelligence, the development trend of big data analysis in finance, medical and other industries; the frontier of big data analysis and processing, etc.",Unavailable
CHINA,Tsinghua University,SC4020,DATA ANALYTICS & MINING,Major-PE,80240663,Advanced Network Management,3,Rejected,2023,2,Attendance: 10%; Personal Assignment 1: 10%; Personal Assignment 2: 20% Team Project: 60%,48,3,-,Mismatch in course content.,?? ( peidan@tsinghua.edu.cn ),https://netman.aiops.org/courses/anm2024/,"AIOps stands for Autonomous IT Operations or Artificial Intelligence for IT Operations. It is a interdisciplinary research field between Machine Learning and Systems/Networking, which is why this course had this historical title ?Advanced Network Management?. Imagine that you are running a large Internet-based service with hundreds of thousands of servers and many software modules. You want to achieve 99.999% service reliability, but the terabytes of machine-generated monitoring data and hundreds of operators (IT operation engineers) alone won?t get you there, because of the high complexity and sheer scale of the software/hardware system and the vast amount of machine-generated data. What do we do? Machine Learning to the rescue! This course will cover the latest progress in major topics of AIOps using case studies from recent research papers in top conferences in all major computer science fields, including Machine Learning, Data Mining, System/Networking, Software Engineering, Database, Multimedia, etc. Through these case studies, we will show how the latest Machine Learning Algorithms are applied to solve the unique challenges in AIOps. The basics of these Machine Learning algorithms will be briefly reviewed in an easy-to-understand way, without going through the detailed theory behind them. Thus by the end of the course, you will be able to learn roughly how these algorithms work, and how it can be applied to solve real-world problems. 1. Deep Learning 2. Deep Neural Networks for Time Series or Sequence 3. Deep Generative Model (VAE, GAN) 4. Deep Reinforcement Learning 5. Natural Language Processing 6. Causal Inference The major topics of AIOps are the following: 1. Anomaly Detection in Time Series, Logs (semi-structured text), Traces (program execution trace), and Graphs 2. Anomaly Localization 3. Failure/Event Prediction 4. Causal Inference and its application in Root Cause Analysis. 5. Resource Allocation","?Site Reliability Engineering --How Google Runs Production Systems?, by Betsy Beyer, Chris Jones, Jennifer Petoff & Niall Richard Murphy ?Data Science for Business--What you need to know about data mining and data-analytical thinking?Foster Provost & Tom Fawcett"
CHINA,Tsinghua University,SC4020,DATA ANALYTICS & MINING,Major-PE,80240793,Big Data Intelligence,3,Rejected,2023,1,Unavailable,48,3,None,Mismatch in course content.,Zhu Wen Wu ( wwzhu@tsinghua.edu.cn ),,"The increasing number of media data such as video, audio, and text has accelerated the era of big data. Mining intelligent information from big data is one of the essential reasons for the success of current data-driven machine learning methods represented by deep learning in computer vision, natural language processing and other fields. The arrival of big data has changed our way of thinking from the past knowledge-driven to today's data-driven, and the interaction, influence and penetration between multi-modal, multi-dimensional, multi-source heterogeneous data are giving big data more valuable information; The rapid development of artificial intelligence has brought many challenges to the current big data intelligent analysis, and is prompting us to change to a dual-drive way of thinking that combines data-driven and knowledge-driven. Big data intelligence is the foundation of our big data and artificial intelligence today, and finding reliable knowledge from uncertain complex data to guide our intelligent decision-making has now become an essential capability for scientific and technological research and managers. Therefore, it is of great importance for graduate students to master these concepts, knowledge and abilities. This course will strive to enable students to understand and master the relevant theories and methods of data science and artificial intelligence, and will strive to improve students' knowledge and ability in the following three aspects: 1. Master the theories and methods of data science. 2. Master the theoretical methods related to artificial intelligence. 3. Be able to combine data science and artificial intelligence related theories, and use known (or improved) algorithms to efficiently process and analyze big data. The scope of knowledge of this course covers basic methods of data analysis and processing in data science, statistical machine learning theories such as regression analysis and probability theory, and artificial intelligence theories and methods such as predicate logic, deep learning, reinforcement learning, meta-learning, and automatic machine learning. This course will achieve the teaching purpose through classroom lectures and other assessment methods. The development of the Internet makes more and more students get interested in related technologies. The Internet is facing regeneration, and the key technologies of new generation Internet are in dire need of spread. The course aims to enable students further understand and master the key technologies (including technical principles and specific realization) of new generation Internet after an overall understanding, and tentatively cultivate students? research ability in this field.",Unavailable
CHINA,Tsinghua University,SC4021,INFORMATION RETRIEVAL,Major-PE,40240372,Information Retrieval,3,Rejected,2023,1,Unavailable,32,2,nil,Language of instruction must be English.,??? ( sms@mail.tsinghua.edu.cn ),http://zhjw.cic.tsinghua.edu.cn/js.vjsKcbBs.do?m=showToXs&p_id=1988990371;40240372,"The content includes: WWW and information retrieval, general information retrieval models, text preprocessing techniques, text field indexing methods (TR * IDF, LSI, etc.). Automatic text retrieval methods, retrieval performance evaluation methods, automatic text classification, clustering, and filtering techniques, cross language retrieval techniques, natural language processing and new generation search engines, special problems in Chinese information retrieval. ?????WWW???????????????????? ????????????TR*IDF?LSI???????????? ?????????????????????????????? ??????????????????????????????",1.???????????? 2.???????????? 3.???? ?????? 4.?TREC?WWW??????
CHINA,Tsinghua University,SC4022,NETWORK SCIENCE,Major-PE,30231034,Communications and Networks,3,Rejected,2023,2,Unavailable,64,4,-,Mismatch in course content.,?? ( sheng.zhou@tsinghua.edu.cn ),,"Communications and networks? is one of the ten core courses of Dept. EE, Tsinghua University. Based on the systematic roadmaps and scientific theories of course reform progress of Dept. EE, this course focuses on the interactions of information barrier and system, or more specifically, the interactions of data packets and networks. It is a new course that is rebuilt based on the classic course titled principles of the modern commutations. This course system was tested in a small group of students in the spring semester, 2012. Later on, it opens for all students in EE department.","Simon Haykin, Communication Systems. 4th ed. Wiley, 2001 - John G. Proakis, Digital Communications. 4th ed. McGraw-Hill, 2001 - Larry L. Peterson, Bruce S. Davie, Computer Networks: A Systems Approach, 3rd ed. Morgan Kaufmann Publishers, 2003."
CHINA,Tsinghua University,SC4022,NETWORK SCIENCE,Major-PE,40240513,Theory of Computer Network,3,Rejected,2023,2,Unavailable,48,3,-,Mismatch in course content.,LI ZONGPENG ( zongpeng@tsinghua.edu.cn ),,"Introduces the concepts, principles and architecture of computer networks, focusing on the basic principles and protocols of the physical layer, data link layer, media access sublayer, network layer, transport layer and application layer. Through experiments, master the basic implementation technology of computer networks.",Unavailable
CHINA,Tsinghua University,SC4022,NETWORK SCIENCE,Major-PE,80240362,Network Management,3,Rejected,2023,2,Regular grades such as class reports 20% Final assignment 80%,32,2,-,Mismatch in course content.,??? ( wjl@tsinghua.edu.cn ),,"The Internet has become one of the most important infrastructures in modern society. With the rapid development of the Internet, it has also brought new problems and challenges, among which network management is a major challenge. Ensuring the service quality of the network, responding to network security attacks and maintaining the health and smoothness of thousands of network devices and lines are the prerequisites for the sustainable development of the Internet.Based on the real-world operation and management of large- scale Internet, the course will show the real Internet and its management problems through case study and discussion, and learn the views and solutions of academia and industry on related problems.",Unavailable
CHINA,Tsinghua University,SC4023,BIG DATA MANAGEMENT,Major-PE,80240632,Big Data Analysis and processing,3,Rejected,2023,2,Tests,32,2,-,Mismatch in course content.,"???,?? ( wwzhu@tsinghua.edu.cn, xin_wang@tsinghua.edu.cn )",,"In various fields such as the Internet, political economy, society, public health, finance, medical health, environment, oceans, etc., there are petabytes of data to be studied, and the results of big data analysis have already produced practical effects. This course will teach the basic methods and tools of big data analysis and processing from different levels, including the mathematical foundation of data statistical analysis, big data intelligent analysis and processing methods, big data distributed processing and parallel computing, and big data intelligence and applications. and applications. Specific contents include: (1) Basics of big data analysis and processing: the development of data science; the importance and necessity of big data analysis and processing; major challenges and scientific issues of big data analysis, etc. (2) Mathematical basis of data statistical analysis: review of data statistical knowledge; multidimensional data distribution; data sampling; principal component analysis and factor analysis; hypothesis testing; linear correlation and regression; nonlinear regression; analysis of variance; confidence interval analysis, etc. (3) Intelligent processing of big data: association mining; time series analysis; dynamic Bayesian network; matrix factorization theory; statistical machine learning; deep learning; online learning; reinforcement learning; causal inference; graph machine learning, etc. (4) Distributed processing and parallel computing of big data: the concepts of distributed processing and parallel computing; Hadoop and MapReduce; distributed parallelization of data analysis and intelligent processing methods based on Hadoop and MapReduce; TensorFlow and PyTorch analysis platforms, etc. (5) Big data analysis and intelligence: artificial intelligence, big data intelligence, the development trend of big data analysis in finance, medical and other industries; the frontier of big data analysis and processing, etc.",Unavailable
CHINA,Tsinghua University,SC4023,BIG DATA MANAGEMENT,Major-PE,80240663,Advanced Network Management,3,Rejected,2023,2,Attendance: 10%; Personal Assignment 1: 10%; Personal Assignment 2: 20% Team Project: 60%,48,3,-,Mismatch in course content.,?? ( peidan@tsinghua.edu.cn ),https://netman.aiops.org/courses/anm2024/,"AIOps stands for Autonomous IT Operations or Artificial Intelligence for IT Operations. It is a interdisciplinary research field between Machine Learning and Systems/Networking, which is why this course had this historical title ?Advanced Network Management?. Imagine that you are running a large Internet-based service with hundreds of thousands of servers and many software modules. You want to achieve 99.999% service reliability, but the terabytes of machine-generated monitoring data and hundreds of operators (IT operation engineers) alone won?t get you there, because of the high complexity and sheer scale of the software/hardware system and the vast amount of machine-generated data. What do we do? Machine Learning to the rescue! This course will cover the latest progress in major topics of AIOps using case studies from recent research papers in top conferences in all major computer science fields, including Machine Learning, Data Mining, System/Networking, Software Engineering, Database, Multimedia, etc. Through these case studies, we will show how the latest Machine Learning Algorithms are applied to solve the unique challenges in AIOps. The basics of these Machine Learning algorithms will be briefly reviewed in an easy-to-understand way, without going through the detailed theory behind them. Thus by the end of the course, you will be able to learn roughly how these algorithms work, and how it can be applied to solve real-world problems. 1. Deep Learning 2. Deep Neural Networks for Time Series or Sequence 3. Deep Generative Model (VAE, GAN) 4. Deep Reinforcement Learning 5. Natural Language Processing 6. Causal Inference The major topics of AIOps are the following: 1. Anomaly Detection in Time Series, Logs (semi-structured text), Traces (program execution trace), and Graphs 2. Anomaly Localization 3. Failure/Event Prediction 4. Causal Inference and its application in Root Cause Analysis. 5. Resource Allocation","?Site Reliability Engineering --How Google Runs Production Systems?, by Betsy Beyer, Chris Jones, Jennifer Petoff & Niall Richard Murphy ?Data Science for Business--What you need to know about data mining and data-analytical thinking?Foster Provost & Tom Fawcett"
CHINA,Tsinghua University,SC4023,BIG DATA MANAGEMENT,Major-PE,80240693,Introduction to Big Data Systems,3,Rejected,2023,1,Not stated,48 hours,3,nil,Mismatch in course content.,CHEN Wen Guang ??? ( cwg@tsinghua.edu.cn ),,"This course uses commonly used big data algorithms as examples to introduce how to use various existing big data systems to complete big data processing, including big data storage systems, big data computing frameworks, memory computing frameworks, stream processing, graph computing systems, and Big data visualization systems, etc., and through a series of experiments, master the ability to use the above big data systems to carry out big data analysis in actual work. Part 1: Principles of parallel and distributed computing Parallel computing concepts Parallelism, load balance, fault tolerance (W1) Traditional parallel programming paradigm(W2) Threads, MPI ,OpenMP Part 2: Store Big data HDFS(W3) Processing Big data Hadoop MapReduce (W4) In memory computing: Spark(W5,W6) Stream computing and queue (W7) Graph based framework(W9,W10) Part 3: Extended subjects Distributed machine learning(W11) Graph Neural Networks(W12) Federated Machine Learning and MPCs(W13) Block chain(W14) Part 4 (Optional): A project to design a big data system module or an optimization extension for an existing big data system Support SparkSQL on the core system we provided, or Name your own projects",Not stated
CHINA,Tsinghua University,SC4023,BIG DATA MANAGEMENT,Major-PE,80240793,Big Data Intelligence,3,Rejected,2023,1,Unavailable,48,3,NIL,Mismatch in course content.,Zhu Wen Wu ( wwzhu@tsinghua.edu.cn ),,"The increasing number of media data such as video, audio, and text has accelerated the era of big data. Mining intelligent information from big data is one of the essential reasons for the success of current data-driven machine learning methods represented by deep learning in computer vision, natural language processing and other fields. The arrival of big data has changed our way of thinking from the past knowledge-driven to today's data-driven, and the interaction, influence and penetration between multi-modal, multi-dimensional, multi-source heterogeneous data are giving big data more valuable information; The rapid development of artificial intelligence has brought many challenges to the current big data intelligent analysis, and is prompting us to change to a dual-drive way of thinking that combines data-driven and knowledge-driven. Big data intelligence is the foundation of our big data and artificial intelligence today, and finding reliable knowledge from uncertain complex data to guide our intelligent decision- making has now become an essential capability for scientific and technological research and managers. Therefore, it is of great importance for graduate students to master these concepts, knowledge and abilities. This course will strive to enable students to understand and master the relevant theories and methods of data science and artificial intelligence, and will strive to improve students' knowledge and ability in the following three aspects: 1. Master the theories and methods of data science. 2. Master the theoretical methods related to artificial intelligence. 3. Be able to combine data science and artificial intelligence related theories, and use known (or improved) algorithms to efficiently process and analyze big data. The scope of knowledge of this course covers basic methods of data analysis and processing in data science, statistical machine learning theories such as regression analysis and probability theory, and artificial intelligence theories and methods such as 30 predicate logic, deep learning, reinforcement learning, meta-learning, and automatic machine learning. This course will achieve the teaching purpose through classroom lectures and other assessment methods.The development of the Internet makes more and more students get interested in related technologies. The Internet is facing regeneration, and the key technologies of new generation Internet are in dire need of spread. The course aims to enable students further understand and master the key technologies (including technical principles and specific realization) of new generation Internet after an overall understanding, and tentatively cultivate students? research ability in this field.",Unavailable
CHINA,Tsinghua University,SC4024,DATA VISUALISATION,Major-PE,80240683,Data visualization,3,Rejected,2023,2,Tests,32,2,-,The content described has nothing to do with data visualization. Language of instruction is not English.,??? ( shz@tsinghua.edu.cn ),,"In various fields such as the Internet, political economy, society, public health, finance, medical health, environment, oceans, etc., there are petabytes of data to be studied, and the results of big data analysis have already produced practical effects. This course will teach the basic methods and tools of big data analysis and processing from different levels, including the mathematical foundation of data statistical analysis, big data intelligent analysis and processing methods, big data distributed processing and parallel computing, and big data intelligence and applications. and applications. Specific contents include: (1) Basics of big data analysis and processing: the development of data science; the importance and necessity of big data analysis and processing; major challenges and scientific issues of big data analysis, etc. (2) Mathematical basis of data statistical analysis: review of data statistical knowledge; multidimensional data distribution; data sampling; principal component analysis and factor analysis; hypothesis testing; linear correlation and regression; nonlinear regression; analysis of variance; confidence interval analysis, etc. (3) Intelligent processing of big data: association mining; time series analysis; dynamic Bayesian network; matrix factorization theory; statistical machine learning; deep learning; online learning; reinforcement learning; causal inference; graph machine learning, etc. (4) Distributed processing and parallel computing of big data: the concepts of distributed processing and parallel computing; Hadoop and MapReduce; distributed parallelization of data analysis and intelligent processing methods based on Hadoop and MapReduce; TensorFlow and PyTorch analysis platforms, etc. (5) Big data analysis and intelligence: artificial intelligence, big data intelligence, the development trend of big data analysis in finance, medical and other industries; the frontier of big data analysis and processing, etc.","Data Visualisation, Wei Chen"
CHINA,Tsinghua University,SC4024,DATA VISUALISATION,Major-PE,80240543,Introduction to Big Data Systems,3,Rejected,2023,1,Unavailable,48,3,NIL,Mismatch in course content.,Zhang Yong ( zhangyong05@tsinghua.edu.cn ),,"This course takes common big data algorithms as an example to introduce how to use various existing big data systems to complete big data processing, including big data storage systems, big data computing frameworks, in-memory computing frameworks, stream processing, graph computing systems and big data visualization systems, etc., and through a series of experiments, master the ability 29 to use the above big data systems to carry out big data analysis in practical work.Entropy coding: Huffman coding, AC, entropy coding of GG sources, enumerative coding and Tunstall coding - Quantization: scalar and vector quantizations, TCQ and RD optimized quantization - Multimedia compression standards: jpeg, jpeg2000, H.26x, MPEGx - Multimedia streaming: RTP/UDP, HTTP/TCP, error resilience - DRM: crypto introduction, DRM.",Unavailable
CHINA,Tsinghua University,SC4040,ADVANCED TOPICS IN  ALGORITHMS,Major-PE,70240384,Combinatorics and Algorithms Design,3,Rejected,2023,1,Unavailable,64,4,NIL,about 40% content are covered by SC2001/CX2101,Zhao Ying ( yingz@tsinghua.edu.cn ),,"This course covers topics in Combinatorics and Algorithms Design. We comprehensively discuss basic concepts, theories, methods, and instances in Combinatorics while focusing on concepts and ideas. Selected topics include: the Pigeonhole Principle, counting, combinations, Polya counting, recurrence relations and generating functions, graph, and linear programming etc. We also discuss basic mathematics concepts in algorithms design including growth of function, Big-O notations and recurrence relations etc., and basic strategies of algorithms design including search, divide and conquer, and greedy etc. Finally, we show examples of algorithms design in Combinatorics, including basic algorithms on Graph, minimum spanning tree algorithms, and algorithms for linear programming etc",Unavailable
CHINA,Tsinghua University,SC4051,DISTRIBUTED SYSTEMS,Major-PE,70240063,Distributed Database Systems,3,Rejected,2024,1,Assignments (30%) Group project (60%) Attendance (10 %),48,3,"Course taken during semester 1, attached is the file containing the course information screenshot as it can only be accessed with THU's intranet",The content does not match.,?? ( fengling@tsinghua.edu.cn ),https://zhjw.cic.tsinghua.edu.cn/js.vjsKcbBs.do?m=showToXs&p_id=2006990132;70240063,"Course Objectives: 1) to enhance the previous knowledge of database systems by deepening the understanding of the theoretical and practical aspects of the database technologies; showing the need for distributed database technology to tackle deficiencies of centralized database systems; 2) to introduce basic principles and implementation techniques of distributed database systems, including distributed database design and architecture, query processing and optimization, transaction management, recovery, and reliability protocols; 3) to expose active and emerging research issues in distributed database systems and application development, including parallel and streaming data management, data warehousing and OLAP, NoSQL and NewSQL; 4) to apply theory to practice by building a data center in a distributed context. After the course, the students can 1) get familiar with the currently available models, technologies for and approaches to building distributed database systems; 2) have developed practical skills in the use of these models and approaches to be able to select and apply the appropriate methods for a particular case; 3) be aware of the current research directions in the field and their possible outcomes; 4) be able to carry out research on a relevant topic, identify primary references, analyze them, and come up with meaningful conclusions; 5) be able to apply learned skills to solving a big data management problem. 1. ???? Course Overview 2. ??????????? Historic Development of Data Management Technologies 3. ?????????? Introduction to Distributed Database Systems 4. ???????? Distributed Database Design 5. ?????????? Distributed Database Query Processing 6. ?????? Optimization of Distributed Database Queries 7. ??????? Distributed Transaction Management 8. ??????? Distributed Concurrency Control 9. ??????????????? Failure Recovery and Reliability in Distributed Databases 10.???????? State-of-Art Data Management Technologies 11.????????? Parallel and Streaming Data Management Technologies 12.??????????? Data Warehousing & OLAP",name: Principles of Distributed Database Systems Publisher: Prentice-Hall Published date 2011 Edition 3 Main editor M. Tamer Ozsu and Patrick Valduriez Editor-in-Chief Springer
CHINA,Tsinghua University,SC4053,BLOCKCHAIN TECHNOLOGY,Major-PE,80240733,Cyber Intellective Economic and Block Chain,3,Rejected,2023,1,Unavailable,48,3,nil,The focus of two courses are quite different. Please find courses that are closer in contents.,?? ( xuke@tsinghua.edu.cn ),http://zhjw.cic.tsinghua.edu.cn/js.vjsKcbBs.do?m=showToXs&p_id=2001990135;80240733,"After decades of development, the Internet has evolved into the information infrastructure of modern society. The Internet has been highly integrated with human society, and humanity has entered the era of cyberspace. The Internet has not only changed people's daily lifestyles, but also the way the economic system operates, giving birth to a new economic model called the ""Cyber New Economy"". In the era of cyber new economy, traditional production, exchange, consumption, finance and other links have undergone changes, and the operation of the new economic system has also presented many new features and phenomena. To understand these new things and laws, and to be proficient in the cyber era, it is necessary to understand and master the new thinking mode of ""computational thinking"". This course systematically introduces the basic concepts of computational thinking, focusing on the relationship between computational thinking and the core of cybereconomy - algorithms. It also emphasizes the basic knowledge of related algorithms and their role in the cybereconomy. In addition, the course introduces blockchain technology as a representative case of computational thinking. Students will master the concepts and operational mechanisms of computational thinking, understand the core role of algorithms in the cybernetic era, and learn how to apply computational thinking to practical problems. ???????????????????????????? ?????????????????????????????? ????????????????????????????? ??????????????????????????????? ?????????????????????????????? ?????????????????????????????? ?????????????????????????????? ?? ???????????????????????????? ?????????????????????????????? ?????????????????????????????? ?????????????????????????????? ?????????????????????????????? ?????",??????? 1 ??? ?? ???-???????? 2 ?? ? ??????
CHINA,Tsinghua University,SC4061,COMPUTER VISION,2nd Spec-PE,80231302,Computer Vision,3,Rejected,2023,2,Unavailable,32,2,Reference to past years' course offering,Totally different content,Unavailable ( Unavailable ),,"Machine vision is an interdisciplinary research area in the field of artificial intelligence, which aims to explore the usage of machines instead of human eyes to measure and judge, so as to support intelligent decision-making of unmanned systems. It is characterized by high throughput, high efficiency and high robustness. Machine vision technology involves artificial intelligence, computer science, optics, neurobiology, robotics and other fields. The course content includes the basic theory, model and algorithm of machine vision, the latest research results in the field and their applications. The contents include Camera and Imaging; Onboard Photogrammetry such as Camera Model and Monocular Vision, Epipolor Geometry, Multi-view Geometry, Photometric Geometry; Onboard Understanding such as DNN and Transformer, Model Compression, Light-weight Real-time Detection and Recognition; Embodied AI such as Visual Language Navigation, Rearrangement; Frontiers and Applications of Machine Vision in Autonomous Driving and Smart Factory. [Syllabus] Chapter1. History and Introduction (2 credit hours) Lecture 1. Introduction to Machine Vision (2 credit hours) What is Machine Vision? Application Scenarios Chapter2. Machine Vision for Imaging - Camera and Optics (6 credit hours) Lecture 2. Optical Imaging (2 credit hours) Light Field Hardware: Sensor and Lens Software: ISP Pipeline Lecture 3. Camera Model (2 credit hours) Perspective Camera Model Camera Calibration Lecture 4. Camera Aarray (2 credit hours) Multi-camera Model Heterogeneous Fusion Project-Part 1: Stereo Camera Module Task: Construct the stereo camera module, complete the calibration of embedded camera Goal: Be proficient in Python language, master basic process of camera model and calibration Duration: 2 weeks Chapter3 Machine Vision for Perception - Photogrammetry and Understanding (12 credit hours) Lecture 5. Epipolor Geometry (2 credit hours) Essential Matrix and Fundamental Matrix Depth from Stereo Vision Lecture 6. Structured Light (2 credit hours) Structured Light for Monocular Vision Structured Light for Stereo Vision Lecture 7. Multi- view Geometry (2 credit hours) Optical Flow Visual Inertial Odometry Real-time Bundle Adjustment Lecture 8. Model Compression (2 credit hours) Pruning Quantization Knowledge Distillation Lecture 9. Midterm Examination (2 credit hours) Lecture 10. Light-weight Real- time Detection (2 credit hours) Learning for Detection On-board Deployment Lecture 11. Light-weight Real-time Recognition (2 credit hours) Learning for Recognition On-board Deployment Project-Part 2: On-board Perception Module Task: Design a compact model to implement on-board detection tasks Goal: Master the basic principles of detection algorithms and learn to do network pruning Duration: 2 weeks Chapter4 Machine Vision for Autonomy - Embodied AI (10 credit hours) Lecture 12. From Internet AI to Embodied AI (2 credit hours) Embodied AI Tasks SOTA of Embodied AI Lecture 13. Machine Vision for Navigation (2 credit hours) Re-localization Visual Affordance Visual Language Navigation Lecture 14. Machine Vision for Manipulation (2 credit hours) Workpiece Localization Grasp Detection Rearrangement Lecture 15. Machine Vision for Autonomous Driving (Baidu Apollo Park) (2 credit hours) Lecture 16. Machine Vision for Smart Factory (Foxconn) (2 credit hours) Project-Part3?Select the topic according to the content of Chapter 4, and implement the project using the content of this course Duration: 4 weeks",Unavailable
CHINA,Tsinghua University - All (Except Eee),AB3602,STRATEGIC MANAGEMENT,Core,30510992,Strategic Management,3,Approved,2025,2,In-class participation 20% Individual assignments 30% In-class quizzes 30% Group case assignment 20%,32,2,-,,wangrui ( wangrui@sem.tsinghua.edu.cn ),https://webvpn.tsinghua.edu.cn/http/77726476706e69737468656265737421eaff4b8b69336153301c9aa596522b20bc86e6e559a9b290/js.vjsKcbBs.do?m=showToXs&p_id=2025990119;30510992,"This course introduces the concepts and tools of strategy formulation and competitive analysis. You will learn about why some firms survive and prosper while others do not, and develop critical analysis and communication skills to create and implement firm strategy. The course focuses on the analyses, organizational processes, skills and business judgment managers must use to craft strategies, position their businesses so as to maximize long-term profits upon uncertainty and competition. Strategic Management is an integrative and interdisciplinary course, which takes a general management perspective. It views the firm as a whole, and examines how policies in each functional area (such as accounting, economics, finance, marketing, and organizational behavior) are integrated into an overall competitive strategy. It is intended that you develop a ?general management point of view? in this course. This point of view is the best vantage point for making decisions that lead to sustainable business performance. The key strategic business decisions of concern involve determining organizational purpose to evolving opportunities, creating competitive advantages, choosing competitive strategies, securing and defending sustainable market positions, and allocating critical resources over long periods. Decisions such as these can only be made effectively by viewing a firm holistically, and over the long term. Week Topics Assignments 1 Introduction: What is strategy & course outline 2 External environment?Industrial Organization (I/O) perspective (5 Forces & PESTEL) 3 Internal organization?Resource-based view. Case study: Apple Inc. in 2015 4 Frontier discussion: AI Wars (You can refer to external sources). Quiz 1 and Assignment 1 due 5 Business-level strategy?Part I 6 Business-level strategy?Part II 7 Case Study: 3M: Profile of an Innovating Company. Quiz 2 and Assignment 2 due 8 Competitive strategy 9 Corporate strategy. Case Study: The Walt Disney Company. Option 1: Assignment 3 due 10 Acquisition & restructuring strategies. Quiz 3 11 Cooperative strategy 12 Case Study: The Walt Disney Company and Pixar Inc.: To acquire or not to acquire?Option 2: Assignment 3 due 13 Corporate governance & Strategic leadership 14 Platform Strategy. Case study: Airbnb 15 Group presentations. Critic & peer evaluation 16 Group presentations cont?d and wrap-up. Critic & peer evaluation",Strategic Management: Concepts and Cases: Competitiveness and Globalization by cengage
CHINA,Tsinghua University - All (Except Eee),AB3602,STRATEGIC MANAGEMENT,Core,80511493,Strategic Managment,3,Approved,2025,1,NA,48,3,"Postgraduate Course offered at host university, planning to take in Sem 1",,Xu Mingtao ( xumt@sem.tsinghua.edu.cn ),,"Strategic Management deals with the organization, management, and strategic positioning of the firm so as to gain long-term competitive advantages. In this course, you will develop your skills at: ? Understanding how firms gain and sustain competitive advantage ? Analyzing strategic business situations and formulating strategies ? Selecting the best strategy for a company ? Providing quantitative support for recommendations ? Implementing the strategy and organizing the firm for strategic success. To accomplish these objectives, this course introduces and employs various analytical frameworks that help us to identify the sources of competitive advantage from both an industry and firm perspective. By focusing on what makes some competitive strategies strong and viable, while others remain weak and vulnerable, we shall develop the ability to consider the impact of change and other important environmental forces on the opportunities for establishing and sustaining competitive advantage",NA
CHINA,Tsinghua University - All (Except Eee),AC2401,ACCOUNTING INFO SYS,Core,30510643,Accounting Information System,4,Approved,2025,1,NA,48,3,2025 Sem 1,,Yin Cheng ( yincheng@sem.tsinghua.edu.cn ),https://www.tsinghua.edu.cn/en/pdf/ut2022.pdf,"Information systems (IS) have become a necessity for modern companies to improve business processes, enhance management, innovate business models and build up core competitiveness. Accounting is in general concerned with the identification, collection, processing, analysis and communication of financial information about an organization. Accounting information systems (AIS) is the core subset of IS and the infrastructure for accounting information procession. Accounting departments and accounting professionals are facing the huge opportunities and challenges of adopting and using contemporary AIS application. This course introduces AIS from both technical and managerial perspectives. The course consists of 4 parts. Part 1 introduces AIS concepts and tools, including introduction to AIS, business processes and AIS data, documenting AIS, and identifying risks and controls in business processes. Part 2 introduces the components of AIS, including understanding and design of accounting data, queries & reports, and forms. Part 3 introduces basic business processes combined with the utilization of an AIS software, including the acquisition cycle and the revenue cycle. Part 4 covers three topics on managing information technology and IS development: IS application and evolution in enterprises, managing and controlling IS, and the introduction to IS development. The targeting audience of the course is the 3rd year college students majoring in accounting. It requires students to pay both heed to abstract concepts and knowledge as well as tools and skills related to AIS. The objectives of this course is to give students the fundamental knowledge and tools which could help them to understand the concepts and components of AIS, to master the methods and tools to analyse, design and evaluate AIS, to knowabout a typical AIS software, to comprehend the trend of contemporary AIS application and its effect to accounting professionals.",NA
CHINA,Tsinghua University - All (Except Eee),BC2406,ANALYTICS I:VISUAL&PREDICT TEC,BDE,40512492,Data Analytics in Business Intelligence,4,Approved,2025,1,"Class participation, Course assignments, Group Assignment",32,2,-,,?? (Zhao Yu) ( zhaoyu@sem.tsinghua.edu.cn ),,"This course will introduce students to a wide range of topics in data analytics, and discuss their applications in the business intelligence context. Students will be able to provide data analysis reports, deliver diagnostics and interpretable insights to teams and stakeholders in business settings. Additionally, this course will introduce recently developed data analytics methods and their applications from top marketing research journals, which will offer students a comprehensive understanding of real-world problems and perspectives for practitioners and academics.",-
CHINA,Tsinghua University - All (Except Eee),BC2407,ANALYTICS II: ADV PRED TECH,Core,30160203,Applied Statistics and Data Analytics,4,Approved,2025,2,"Theoretical Assignments, R-language Assignments , Midterm, Finals, Group Project",48,3,-,,?? ( chwang@tsinghua.edu.cn ),,"The course deals with using models of applied statistics to analyze data. The topics covered in this course include estimation, hypothesis testing, linear regression models, model assessment and selection, and a selective list of statistical learning topics such as generalized linear models, classification, and cluster analysis. This course aims to cover a reasonably wide range of applied statistics models, and emphasize both theoretical and hands-on aspects of those models. Students who have finished this class should understand the basics of statistics, and would be ready for continuing with advanced courses in data analytics and statistical learning. Course Schedule (English Translation) Statistical Models and Concepts of Estimation Maximum Likelihood Estimation (MLE) Parameter Estimation for Normal Distribution (I) Parameter Estimation for Normal Distribution (II) Properties of Estimators Hypothesis Testing Two-Sample Comparisons Other Important Tests Simple Linear Regression Multiple Linear Regression Model Diagnostics and Variable Transformation Qualitative Predictors (Categorical Variables) Regularization and Model Selection Logistic Regression and Generalized Linear Models (GLM) Dimension Reduction and Clustering","1. Morris H. DeGroot, Mark J. Schervish (2011). Probability and Statistics, 4th Ed., Pearson. 2. Trevor Hastie, Robert Tibshirani, Jerome Friedman (2009). The Elements of Statistical Learning: Mining, Inference, and Prediction, 2nd Ed., Springer."
CHINA,Tsinghua University - All (Except Eee),BC2408,SUPPLY CHAIN ANALYTICS,Major-PE,80160223,Logistics and Supply Chain Management,4,Approved,2025,2,NA,48,3,Will take the course in 2026 Spring if avail,,HUANG Simin ??? ZHANG Chi ?? ( huangsimin@tsinghua.edu.cn ),https://masonabroad.gmu.edu/_customtags/ct_FileRetrieve.cfm?File_ID=01067577744F07060C06717305061C70097A7714737D73046E07030406777402750005737004060001,"Develop a knowledge and understanding of the issues and technologies underlying supply chain management with a focus on analysis and design skills for Logistics systems, including demand management, inventory management, logistics network design, supply chain risk, etc.",NA
CHINA,Tsinghua University - All (Except Eee),BC2409,SUPPLY CHAIN ANALYTICS,Major-PE,40510223,Production and Operation Management,3,Approved,2025,2,class participation 10??report 20%?group presentation 20??final examination 50?,48,3,NA,,?? ( NA ),,"The operational processes of an enterprise refer to the transformation of production factors (inputs) such as human resources, materials, equipment, capital, information, and technology into tangible products and intangible services (outputs). Operations management encompasses the various decisions made and rules established throughout this process, enabling the enterprise to create maximum value for customers at lower costs. The principal content of this course encompasses: (1) the relationship between operational strategy and corporate competitiveness; (2) operational system design, including selection of operational processes, facility siting and layout; (3) operational system planning, organisation and control, including forecasting techniques, integrated planning and inventory management; (4) supply chain management, including supply chain design, supplier selection, bullwhip effect and the value of information within supply chains.","1?Nahmias, Steven. 2018. Production and operations analysis. ??? ????(?????????????) 2?Lawrence V. Snyder, Zuo-Jun Max Shen. 2019. Fundamentals of Supply Chain Theory. Wiley (???????)"
CHINA,Tsinghua University - All (Except Eee),BC3410,FIN SERVICE PRO & ANALYTICS,Major-PE,30510202,Management Information Systems,3,Approved,2025,2,NA,32,2,NA,,WEI Qiang ( weiq@sem.tsinghua.edu.cn ),https://www.tsinghua.edu.cn/en/pdf/ut2023.pdf,"The objectives of the Management Information Systems (MIS) course are to provide the students with (1) a understanding of MIS essentials and prospects from a combined perspective of technology and management, in the context of big data; (2) a mastery of some classical MIS theories and methods; (3) a mastery of some new MIS concepts and techniques; and (4) a understanding of certain key issues of and thoughts on information technology (IT) management. In light of rapid advances in information technology (IT) and Internet applications, the course covers a series of related materials as follows: (1) Gaining competitive advantages with IT (e.g., supply chain management and ERP, customer relationship management, business intelligence); (2) Business analytics for decision support (e.g., knowledge types, knowledge discovery techniques, associative patterns); (3) Modeling and decisions in having information systems (e.g., in-sourcing cycle, data modeling, business descriptions, 15outsourcing); (5) Emerging trends (e.g., big data/cloud computing and data-centric businesses). The content of the course also includes case discussions (e.g., Digital China, CSC and General Dynamics), lab studies (e.g., SAP ERP, Weka, Node XL) etc",NA
CHINA,Tsinghua University - All (Except Eee),BC3411,LEAN OPERATIONS & ANALYTICS,Major-PE,40160092,Production Planning and Control,3,Approved,2025,2,NA,32,2,-,,"???,??? ( NA )",,"This course adopts a lean operations perspective to examine how production systems can achieve sustainable competitive advantage. It begins with production strategy and capacity planning, incorporating the impact of learning curves to support efficient resource utilisation. Demand forecasting is then addressed through both qualitative and quantitative methods to enable more responsive and waste-minimising planning. Integrated planning and master production scheduling are explored as tools for aligning production capacity with fluctuating demand while maintaining flow and reducing excess inventory. Inventory control theory focuses on determining order quantities, reorder points, and order cycles under both deterministic and uncertain demand, including the use of batch discount strategies and ABC classification to prioritise materials management. Material requirements planning is examined through decomposition algorithms and production batch sizing techniques that support coordinated, pull-oriented production. Operations scheduling introduces key scheduling objectives and rules, presenting standard algorithms for both flow shop and make-to-order environments to enhance throughput and delivery performance. Lean production principles are emphasised through the study of kanban systems, level production, quick changeovers, autonomous quality control, flexible manufacturing, and continuous improvement. Finally, constraint management is addressed through synchronised production planning that focuses on system bottlenecks to improve overall flow and operational efficiency.","Steven Nahmias and Tava Lennon Olsen, Production and Operations Analysis, 7th edition, 2015, Waveland Press, Inc"
CHINA,Tsinghua University - All (Except Eee),BC3413,PROG FOR BUSINESS TRANS,Major-PE,40160682,User Experience Design,3,Approved,2025,2,NA,32,2,NA,,??? ( NA ),,"In this course students will learn basic theories of user experience design and basic principles of human-computer interaction design through case studies. Students will learn the process of collecting user needs and products design. In addition, this course will provide students opportunities to engage themselves in their own researches, which will help them to improve the skill of user center design. The course includes many topics: persona, user requirements gathering, usability requirements analysis, internet of things, virtual reality, augmented reality, machine learning, artificial intelligence, evaluation of web accessibility, etc. Schedule: Introduction to User Experience Case: User Experience Design for IoT Workshop: Interact with IoT Growing a Business by Meeting Customer Needs Workshop: Design for Whom? A Case Study in Personas Internet industry in China Two Contrast Case Studies in Integrating Business Analysis with Usability Requirements Analysis and User Interface Design A case Study combining Requirements Gathering and User Interface Evaluation Service design Raising Awareness at the Company Level Incorporating Web Accessibility into the Design Process",NA
CHINA,Tsinghua University - All (Except Eee),BC3413,PROG FOR BUSINESS TRANS,Major-PE,40512563,Human-AI Interaction Design,3,Approved,2025,2,NA,48,3,-,,?? ( yich@sem.tsinghua.edu.cn ),,"This course is designed for students seeking to bridge the gap between Artificial Intelligence (AI), Machine Learning (ML), and Human- Computer Interaction (HCI). The aim of this module is to enhance your technical skillset in designing and developing user experiences for AI- driven software systems. Students will receive rigorous theoretical training in the analysis, design, and evaluation of user interfaces, while gaining individual hands-on practices to hone their Graphical User Interface (GUI) design skills through practical projects. By the end of this course, you will be equipped with the ability to design sophisticated interfaces that seamlessly integrate AI technologies, applying cognitive and emotional design principles to foster intuitive Human-AI interactions. Furthermore, you will learn to utilize modern interfaces and AI-assisted methodologies to transform complex information into user-centric solutions. The course also places a significant focus on the critical assessment of interaction experiences, particularly from the dimensions of usability, explainability, and ethics, ensuring the development of responsible and effective business solutions.",NA
CHINA,Tsinghua University - All (Except Eee),BDE,BDE,BDE,20660012,The Introduction to Xi Jinping Thought on the Rule of Law,3,Approved,2025,2,Final Test,32,2,NIL,,Tu Kai ( tukai@mail.tsinghua.edu.cn. ),,"Xi Jinping Thought is the foundation of Socialism with Chinese Characteristics, and explains recent political developments in China. This course aims to equip students with the key tenets of Xi Jinping Thought.",Introduction to Xi Jinping Thought (?????????????? ?????????????????????2021???ISBN 978- 7-04-056943-8)
CHINA,Tsinghua University - All (Except Eee),BDE,BDE,BDE,40510682,Social Insurance,2,Approved,2025,2,unavailable,32,2,AY 25/26 Sem 2,,Feng Runhuan ( fengrh@sem.tsinghua.edu.cn ),,"The demand for social welfare protection in modern society has arisen with the development of the industrial revolution. From personal fulfillment to national economic development, social insurance is a critical component of everyone?s personal life in the modern society and everyone assumes certain rights and responsibilities for social insurance programs.This course explains the emergence, development, and design of social insurance systems from the industrial revolution to the modern society. The course discussesthe insurance protection needs of the society as a whole, discussing many benefit programs designed to reduce economic uncertainty, including social security, health insurance, workers' compensation, unemployment compensation, and disability insurance. We discuss principles, features, and policy issues related to social insurance and public assistance programs. Case Study Report Requirements: 1.Group Composition: - Students must form groups of five or six members. - Each group may designate one or two presenters for their case study presentation. 2.Report Submission: - Each group is required to submit one case study report. - The report must not exceed 20 pages, using a font size of 12. - Reports can be written in either English or Chinese. However, all presentations and handouts must be in English. 3. Report Quality: - Reports will be evaluated based on professionalism, clarity, and overall quality. - The inclusion of infographics, visualizations, and other illustrative elements is encouraged, as these often contribute to higher- quality submissions. 4. Presentation Guidelines: - Each group will deliver a 30-minute presentation, followed by a 15- minute discussion session. - Prior to each presentation, groups must distribute pre-reads or fact- sheets to their classmates to facilitate engagement and understanding. 5. Class Participation: - Throughout the semester, each group is expected to ask at least three questions during other groups? presentations or discussions. 6.Contributions Section: - Every report must include a dedicated section outlining the contributions of each group member (i.e., who was responsible for which tasks) ?????????????????????????????? ?????????????????????????????? ?????????????????????????????? ?????????????????????????????? ??????????","M. Dalton, J. Dalton (2022) Retirement Planning and Employee Benefits, 18th Edition, Money Education.G. E. Rejda (2012) Social Insurance and Economic Security. 7thEdition, Routledge, Taylor & Francis Group, London and New Year"
CHINA,Tsinghua University - All (Except Eee),BDE,BDE,BDE,80240613,Introduction to Distributed Systems,3,Approved,2025,2,Exam,60,3,Period of stay during exchange: 20 February 2026 to 15 July 2026 The more detailed syllabus in the new support documents file (the old one was mistakenly uploaded),,Zhang Mingxing ( zhang_mingxing@mail.tsinghua.edu.cn ),,"This course will introduce the principles of distributd systems as well as some of the current influential distributed systms such as Google File System, MapReduce, Bigtable, Amazon Dynamo etc. The course will emphasize on the internal structure of the corresponding systems and the general principles for designing distributed systems. Here are some of the topices that will be covered in this course: the programming model of distributed systems, distributed locking, data replications, distribted consensus and some issues related to security in real systems.","None given, but it was mentioned that the course will adapt from MIT 6.824"
CHINA,Tsinghua University - All (Except Eee),BDE,BDE,BDE,80470322,3D Visual Computing,2,Approved,2025,2,Exam,32,2,Period of exchange: 20 February 2026 - 15 July 2026,,Li Yi ( ericyi@mail.tsinghua.edu.cn ),,"This course will focus on the advanced technologies in 3D visual computing in the era of big data. The course will cover a brief introduction to the basic concepts in the geometric analysis including curve, surface, 3D representations, 3D transformations, etc., with the goal of fostering students? geometric understanding of 3D data. After establishing the geometric foundations, the course will go from 3D reconstruction to 3D recognition. On one hand, the course will explain popular ways of reconstructing 3D data, covering multi-view stereo, single image-based 3D reconstruction, NeRF, surface reconstruction, etc. On the other hand, the course will delve deep into 3D recognition and understanding, analyzing recent 3D deep learning techniques and introducing their applications in a range of important 3D perception problems including 3D object detection, 3D segmentation, pose estimation, intrinsic analysis, etc. The course will also briefly introduce the recent research directions for 3D visual computing. Through this course, students will understand the key problems, state-of-the-art solutions as well as limitations in the current 3D visual computing area. Students will form a more comprehensive landscape of 3D visual computing in modern AI systems and understand their interactions with planning, decision making, and control.","[1] Yonghuai Liu, Nick Pears, Paul L. Rosin, Patrik Huber. 3D Imaging, Analysis and Applications, 2nd edition, Springer, 2020 [1] Yi Ma, Stefano Soatto, Jana Kosecka, Shankar Sastry. An Invitation to 3-D Vision From Images to Models, Springer, 2003."
CHINA,Tsinghua University - All (Except Eee),BDE,BDE,BDE,?30510812,Marketing Management,2,Approved,2025,2,NA,32,2,AY25/26 Sem 2,,Liu Xi ( liuxi@sem.tsinghua.edu.cn ),https://masonabroad.gmu.edu/_customtags/ct_FileRetrieve.cfm?File_ID=01067577744F07060C06717305061C70097A7714737D73046E07030406777402750005737004060001,"Marketing is the core of an operating business, and also the management process through which goods and services move from concept to the customer. Marketing is based on thinking about the business in terms of customer needs and their satisfaction. Marketing differs from selling because it has less to do with getting customers to pay for your product as it does developing a demand for that product and fulfilling the customer's needs. Marketing entails planning and executing the conception, pricing, promotion, and distribution of ideas, goods, and services. It starts with identifying and measuring consumers' needs and wants, assessing the competitive environment, selecting the most appropriate customer targets and developing marketing strategy and implementation program for an offering that satisfies consumers' needs better than the competition. Marketing is the art and science of creating customer value and market place exchanges that benefit the organization and its stakeholders. The objective of this course is to introduce students to the concepts, analyses, and activities that comprise marketing management, and to provide practice in assessing and solving marketing problems. The course is also a foundation for advanced electives in marketing as well as other business/social science disciplines. We will explore the theory and applications of marketing concepts through a mix of cases, discussions, lectures, guest speakers, individual assignments, and group projects. We will draw materials from a variety of sources and settings including services, consumer and business-to- business products",NA
CHINA,Tsinghua University - All (Except Eee),BDE,BDE,BDE,40512492,Data Analytics in Business Intelligence,2,Approved,2025,1,"Class participation, Course assignments, Group Assignment",32,2,-,,?? (Zhao Yu) ( zhaoyu@sem.tsinghua.edu.cn ),,"This course will introduce students to a wide range of topics in data analytics, and discuss their applications in the business intelligence context. Students will be able to provide data analysis reports, deliver diagnostics and interpretable insights to teams and stakeholders in business settings. Additionally, this course will introduce recently developed data analytics methods and their applications from top marketing research journals, which will offer students a comprehensive understanding of real-world problems and perspectives for practitioners and academics.",-
CHINA,Tsinghua University - All (Except Eee),BF2221,DER SECUR & HEDGING STRATEGIES,Major-PE,40511423-1,Investment,3,Approved,2025,2,NA,48,3,AY25/26 Sem 2,,WANG Yintian ( wangyt2@sem.tsinghua.edu.cn ),,"his course will introduce and delineate basic concepts and techniques in investments by examining such topics as risk-return tradeoff, optimal portfolio construction, Capital Asset Pricing model, APT, Market efficiency, bonds and futures. On the theoretical side, this course introduces fundamental knowledge for investment strategies and portfolio management. On the practical side, this course covers recent topics that are related to the investment strategies and portfolio management. Some projects of portfolio management are specially designed to let you apply the theoretical knowledge to practice. This course introduces the theory and practice of investment management. It provides you with fundamental knowledge of financial markets and asset pricing, and recent development of investment tools and strategies. This course is highly recommended for students who intend to pursue a finance career or further studies in derivatives, fixed income securities, or portfolio management. By the end of the class, you will have a basic grasp of the following topics: 1. The risk-return tradeoff in financial markets; computing security risk and return and equity indices. 2. Basics of investing mechanism, including buying securities on margin, selling short securities, asset allocation strategies, and active versus passive investment management. 3. Overview of different asset classes such as equity, fixed-income securities and derivatives; introduction to the concepts of fixed-income securities and derivatives. 4. Measuring portfolio risk and return, forming optimal portfolio using mean- variance analysis, portfolio diversification, deriving efficient frontier. 5. The security market line and capital asset pricing model (CAPM) 6. Understanding the concepts of financial market efficiency and anomalies; examining evidence on profitable trading strategies in US and around the world. 7. Investigating different types of mutual funds; developing performance measures of mutual funds; using these measures to evaluate mutual fund performance in the U.S..",NA
CHINA,Tsinghua University - All (Except Eee),BF3216,FIXED INCOME SECURITIES,Major-PE,40511263,Fixed Income Securities Analysis,3,Approved,2025,2,unavailable,48,3,NA,,WANG Hao ( wanghao@sem.tsinghua.edu.cn ),,"also know as: Fixed Income Securities and Interest Rate Modeling This course provides a systematic overview of fixed income securities and analytical tools. In the first part of the course, the students will become familiar with the basics of fixed income, interest rate models, and derivatives. The second part will focus on introducing corporate debts, credit risk modeling and derivatives, including CDS and CDO. The students will understand through practice the available modeling approaches. The course will catch the interaction between finance modeling and the practices in Chinese and overseas markets, such as the US sub-prime mortgage. https://www.sem.tsinghua.edu.cn/en/info/1244/7171.htm",unavailable
CHINA,Tsinghua University - All (Except Eee),BF3223,BLOCKCHAIN & AI IN FINANCE,BDE,40512182,FinTech,3,Approved,2025,2,NA,32,2,Will take course in AY25/26 Sem 2 if available.,,??? ( fengrh@sem.tsinghua.edu.cn ),https://www.tsinghua.edu.cn/en/pdf/ut2023.pdf,"Financial technology (FinTech) is revolutionary and rapidly changing the financial services industries. This undergraduate course provides an introduction to FinTech such as blockchain, cryptocurrencies (e.g., Bitcoin and Ethereum), and so on. Students are expected to develop a broad understanding of the recent FinTech development and its impact in the financial industries especially through mutual fund and hedge fund investment. Topics may include but are not limited to: blockchain and cryptocurrencies, Bitcoin, Ethereum, Altcoins, and mutual funds investment.",NA
CHINA,Tsinghua University - All (Except Eee),BR3229,CLIMATE RISK ANALYTICS,Major-PE,700500112,Environmental Risk Analysis,3,Approved,2025,2,NA,32,2,AY25/26 Sem 2,,LI Jinhui ( jinhui@tsinghua.edu.cn ),https://www.tsinghua.edu.cn/enven/info/1055/1765.htm,"The content of this course covers of different aspects of environmental risk analysis, including analysis on accident risk, human health risk and ecological risk. The course will firstly introduce and elucidate the basic concepts and definitions of environmental risk analysis, methods for qualitative and quantitative analyzing, the fate (including release, transport, and transformation) of contaminants and pollution, and the models on the toxic effect to human. Then, we will focus on the methods on analyzing the environmental risk and their application in environment management. The course aims to identify unifying concepts to discuss the methods currently in use, examine their application and give examples of risk assessment in practice, and orient students to sources of information relevant to environmental risk assessment (ERA).",NA
CHINA,Tsinghua University - All (Except Eee),BR3229,CLIMATE RISK ANALYTICS,Major-PE,80050253,?Global Environmental Issues,3,Approved,2025,2,NA,48,3,Ay25/26 Sem 2,,WANG Can ( canwang@tsinghua.edu.cn ),,"The course will target to five important global environmental issues, including 1) global change, 2) Persistent Organic Pollutants, 3) curriculum-transboundary movement of hazardous waste and international chemicals management, 4) biodiversity and conservation, and 5) global and regional air pollution. On the global climate change, the following aspects will be introduced: the scientific envidence and courses of global climate change, the impacts of and adaption to climate change, the social economic impacts of mitigation, the UNFCCC and its negotiation progress, the global carbon market, the global energy issues, and so on. Several discussion topics will be identified amonge the afforementioned issues. Regarding the issue of Persistent Organic Pollutants (POPs), the course will firstly introduce the Origin of POPs as an environmental concern, followed by Properties and global transport of POPs, Process of developing the nternational treaty, Main POPs included in the Stockholm Convention, Obligations required by the Stockholm Convention, Existing barriers for developing coutries to implement the Convention, Obligation of developed countries in fianacial and technology transfer, Trend and main problems of the Stockholm Convention. The discussion topics will focus on listing new POPs into the Stockholm Convention. The part on curriculum- transboundary movement of hazardous waste and international chemicals management will cover the following issues: International Conventions related to transboundary movement of hazardous waste and international chemicals management will be introduced and discussed in this course. Based on the introduction of hazardous waste, origin, main content and development trend of Basel Convention will be instructed, with an emphasis on hot topics.",NA
CHINA,Tsinghua University - All (Except Eee),BR3229,CLIMATE RISK ANALYTICS,Major-PE,40511003,Environmental and Resource Economics,3,Approved,2025,1,"Homework (30%), exams (40%), presentations and activities in class (30%)",48,3,AY25/26 Sem 1,,Cao jing ( caojing@sem.tsinghua.edu.cn ),https://www.tsinghua.edu.cn/en/pdf/ut2022.pdf,"This course is an introduction of Environmental and Natural Resource Economics. The objective of this course is for students to learn how basic economic theory can be used to understand and analyze environmental pollution and resource degradation problems. The course covers both conceptual and methodological topics and recent applications in China, US and European countries. Examples of local, regional, national and international environmental and natural resource issues are presented and discussed. This course is structured into four parts. The first part of this course is an introduction to the basic principles of environmental and resource economics; cost and benefit analysis. In the second part the focus is on environmental economics and policy, including economics of pollution control, valuing the environment, regional and global air pollution, water pollution and so forth. The third part is focused on natural resource economics, both renewable and non-renewable resources. The last part is on sustainable development and macroeconomic aspect of environmental policy. Weekly Schedule: 1. Introduction to Environmental and Resource Economics; Basic Pessimist Model vs. Basic Optimist Model; 2. Basic Tools and Economic Principles for Environmental and Resource Economics: Property Rights, Externalities, and Environmental Problems, Public Goods, Coase Theorem 3. Cost-Benefit Analysis 4. Cost Estimation Methods and Application 5. Benefit Estimation Methods and Applications 6. Economic Instruments for Pollution Control; Stationary-Source Local Air Pollution 7. Regional Pollution: Acid Rain; Montreal Protocol and Ozone Depletion 8. Climate Change: Science, Policy and Models; Stern Review and Critiques; IPCC Report, New Climate Economy and etc. 9. Air Pollution, Pollution Exposure and Health, and Individual Behavior Changes (Empirical Studies, Peltzman Effects) 10. Optimal Extraction & Use of Non-renewable Resources 11. Depletable, Non-recyclable Energy Resources, Energy Economics, Price Control and Impacts, OPEC 12. Fishery Economics 13. Forestry Economics, Sloping Land Conversion Program in China; Payment for Ecosystem Services 14. Sustainability, Economic Growth and the Environment 15. Final Exam (in-class exam)",??????????????????????????????? 2019
CHINA,Tsinghua University - All (Except Eee),BT2404,SERVICES OPERATIONS MGT,Major-PE,70160033,Production Management,3,Approved,2025,2,NA,48,3,NA,,?? ( NA ),,"The course provide lectures on the following topics: strategy and competition, capacity planning, forecasting demand, aggregate planning, inventory control subject to known demand, inventory control subject to uncertain demand, material requirement planning, service operations scheduling, project scheduling, facilities layout and location, lean production system, theory of constraints.","Steven Nahmias and Tava Lennon Olsen, Production and Operations Analysis, Seventh Edition, 2015, Waveland Press, Inc. ??????? ????7????????????, 2018 ISBN: 978-7-302-51665-1"
CHINA,Tsinghua University - All (Except Eee),BT2404,SERVICES OPERATIONS MGT,Major-PE,80168062,Service Operations Management,3,Approved,2025,2,NA,32,2,NA,,Li LeFei ( lilefei@tsinghua.edu.cn ),,"This course focuses on service strategy, service operations, and related information technologies. It aims to train students to adopt the concepts and methods of management science to solve strategic planning and operational management problems in the service industry. The course will focus on the teaching of concepts and methods, supplemented by rich case studies of domestic and foreign service industries, plus practice or experiments on individual topics, with an emphasis on service innovation. [Syllabus] Service Operations & Management Overview 1 week Service strategy and new service development 2 weeks Service quality, service-related technology 2 weeks Service contact, support facility 2 weeks Service Facility Positioning and Information Technology 1 week Service demand forecasting and management 1 week Service Capacity Management and Queuing Model 2 weeks Service Supply Relationship and Item Management 1 week Service Innovation Case Study 1 week Visit practice 1 week Project report 1 week Experiment 1 week",NA
CHINA,Tsinghua University - All (Except Eee),BU5703,INTL BUSINESS ENVIRONMENT,BDE,40511202,International Business,3,Approved,2025,1,"Attendance and Participation , After class homework, final exam, final project",32,2,Sem 1,,Huiyan Zhang ( zhanghuiyan@sem.tsinghua.edu.cn ),,"International Business is the basic introductory course to international business and management. Its goal is to familiarize students with key aspects of the international political, economic, and institutional environment in which firms operate. The course is intended for students who are interested in managing, advising or analyzing global operations for both mature companies and startups. This course is designed to familiarize students with the essential concepts and practices of international business. Through a combination of lectures, case studies, and interactive discussions and final exam, students will explore how various factors influence business strategy, operations, and performance on a global scale. The course begins with an overview of the global landscape at a macro level, covering different aspects of international trade and trade policy. We then turn to foreign investment and the factors that influence the foreign investment decisions of multinational firm managers. Topics include the returns and costs to trade, tariffs and non-tariff barriers, global and regional trade arrangements, determinants of the form of FDI, IP and knowledge diffusions, taxation of MNEs and ESG (Environmental, Social, and Governance). While much of this course is in a lecture format, there will be small cases that allow students to synthesize the extensive materials on multinational 2 management, international institutions, and economic policies with a goal towards formulating multinational firm strategy.","Course content is primarily based on my lectures and assigned readings. If you would like to gain a systematic background knowledge in international economics and business, you could refer to the following resources: ?Head, K. (2007). Elements of multinational strategy. Springer Science & Business Media.? The digital version is available in our library."
CHINA,Tsinghua University - All (Except Eee),DA5009,EXPLORATIONS IN A.I. GEN ART,BDE,40512563,Human-AI Interaction Design,3,Approved,2025,2,NA,48,3,Minor in AI,,?? ( yich@sem.tsinghua.edu.cn ),,"This course explores the foundations and creative practices of User Experience (UX) design for AI-driven software systems. The curriculum bridges core concepts in Artificial Intelligence, Machine Learning, and Human-Computer Interaction (HCI) through an interdisciplinary lens. Students will undergo theoretical training in interface analysis, design, and evaluation, while gaining practical skills through hands-on graphical user interface (GUI) design projects. By the end of the course, students will be equipped to: Design Human-AI interaction interfaces that seamlessly integrate AI technologies. Apply cognitive and emotional design principles to foster intuitive Human-AI engagement. Utilize prototyping tools and AI-assisted methodologies to drive innovative design solutions. Critically assess the interaction experience through the essential dimensions of usability, explainability, and ethics.",NA
CHINA,Tsinghua University - All (Except Eee),HE3013,ECONOMICS OF CORPORATE FINANCE,Major-PE,30511053,Corporate Finance,3,Approved,2025,1,Semester exam,48,3,-,,?? ( yinxiang@sem.tsinghua.edu.cn ),https://www.tsinghua.edu.cn/en/pdf/ut2023.pdf,"Firms compete in Consumer & Business Markets to sell their products & services, and they also compete in Capital Markets for the resources required to operate their business. Investors provide the capital (resources) to companies with the expectation that they will earn a competitive return on their capital and compensate themfor risk. A consumer or business manager is continuously faced with financial choices and meeting the demands of both of these arenas of competition. For the consumer these choices include, among others, financing a purchase, saving for retirement and evaluating investment products. For a business manager the choices include deciding which projects to pursue and alternative approaches to provide funds for these projects. Finance is the study of a framework that can be used to evaluate these choices consistent with the necessity of competing for investor capital. Regardless of your ultimate career, a solid understanding of the fundamentals of finance, will serve you well.",-
CHINA,Tsinghua University - All (Except Eee),HE3020,INTERNATIONAL ECONOMICS,Major-PE,40510763,International Economics-Theory and Policy,3,Approved,2025,2,"Homework, midterm quiz and final quiz",48,3,NIL,,Ma Hong ( mahong@sem.tsinghua.edu.cn ),,"This course consists of two parts. The first part of the course aims to provide students with a survey of fundamentals in international economics, in both theory and empirics. Topics include essential theories of international trade and empirical evidence. Through the course, you will have a better understanding about why countries trade, what they trade, the benefits and costs of trade, and the motivations for and the effects of government trade policies. The second part of the course develops a theoretical framework for the analysis of the determinants of international capital movements, trade imbalances, and nominal and real exchange rates. The theoretical framework is then used as the basis for the discussion of policy issues such as the emergence of the U.S. as the largest foreign debtor, global trade imbalances, developing country debt crises, the European financial crisis, exchange-rate-based inflation stabilization, currency unions, debt default, balance-of-payment crises, and the effect of the great recession of 2008 on the world economy","Robert C. Feenstra, Alan M. Taylor (2016), International Economics, 4th edition, Worth Publishers. Krugman, Paul, Maurice Obstfeld, and Marc Melitz (2012), International Economics: Theory & Policy, 10th edition, Addison- Wesley. Stephanie Schmitt-Grohe, Mart?n Uribe, and Michael Woodford? International Macroeconomics? A Modern Approach,? by Princeton University Press"
CHINA,Tsinghua University - All (Except Eee),HE3021,DEVELOPMENT ECONOMICS,Major-PE,30510863,Developmental Economics,3,Approved,2025,2,Reading Report and Final Presentation,48,3,NIL,,Xinzheng Shi ( shixzh@pku.edu.cn ),https://www.tsinghua.edu.cn/en/pdf/2018-2019UndergraduateEnglishTaughtCourses.pdf,"Development economics is a branch of economics that focuses on improving fiscal, economic, and social conditions in developing countries. Development economics considers factors such as health, education, working conditions, domestic and international policies, and market conditions with a focus on improving conditions in the world's poorest countries.","Development Economics, by Debraj Ray. Princeton University Press, 1998. Development Economics, by Gerard Roland. Pearson, 2014. Development Economics: Theory and Practice, by Alai"
CHINA,Tsinghua University - All (Except Eee),HE3021,DEVELOPMENT ECONOMICS,Major-PE,30510863,Developmental Economics,3,Approved,2025,1,Reading Report and Final Presentation,48,3,NIL,,Xinzheng Shi ( shixzh@pku.edu.cn ),https://www.tsinghua.edu.cn/en/pdf/2018-2019UndergraduateEnglishTaughtCourses.pdf,"Development economics is a branch of economics that focuses on improving fiscal, economic, and social conditions in developing countries. Development economics considers factors such as health, education, working conditions, domestic and international policies, and market conditions with a focus on improving conditions in the world's poorest countries.","Development Economics, by Debraj Ray. Princeton University Press, 1998. Development Economics, by Gerard Roland. Pearson, 2014. Development Economics: Theory and Practice, by Alai"
CHINA,Tsinghua University - All (Except Eee),HE3022,PUBLIC ECONOMICS,BDE,30510073,Public Finance,3,Approved,2025,1,Final exam + essay + homework,48,3,NA,,Wu Bin Zhen ( wubzh@sem.tsinghua.edu.cn ),https://webvpn.tsinghua.edu.cn/http/77726476706e69737468656265737421eaff4b8b227e6b597d469dbf915b243d1569e38ddd4b59c06f/js.vjsKcbBs.do?m=showToXs&p_id=2007990015;30510073,"Public Finance studies the role of the public sector in the economy. In this course, we will study the economic foundations that justify the existence of the public sector and the economic theories that describe its role. We will consider when governments should intervene in the economy and how they should do so, including the options they have and the effects of alternative policies. The focus is on government taxation and spending activities. We will also study how to evaluate government policies in practice, including how these policies affect individual and corporate decision-making and welfare.","The main text is: ?Public Finance and Public Policy?, 7th edition, by Jonathan Gruber, Worth Publishers, 2022. (Earlier versions should also work.) I also recommend the textbook, ?Public Finance?, 10th edition, by Harvey S Rosen, Ted Gayer, McGraw-Hill, McGraw-Hill 2014."
CHINA,Tsinghua University - All (Except Eee),HE3023,LABOUR ECONOMICS,BDE,40510973,Labor Economics,3,Approved,2025,1,NA,48,3,NA,,Shi Xinzheng ( NA ),https://webvpn.tsinghua.edu.cn/http/77726476706e69737468656265737421eaff4b8b227e6b597d469dbf915b243d1569e38ddd4b59c06f/js.vjsKcbBs.do?m=showToXs&p_id=2024611030;40510973,"Labor Economics is a course on the fundamental laws governing the operation of the labor market. Topics covered include labor supply and demand, labor market equilibrium, investment in and returns to human capital, wage determination, gender and racial discrimination, and other issues that have a significant impact on people?s daily lives. It examines how factors such as wages, prices, profits, working conditions, and government policies influence the behavior and decision-making of both the supply and demand sides of the labor market. [Original: ?????????????????????????? ?????????????????????????????? ?????????????????????????????? ?????????????????????????????? ?????????????????????]",NA
CHINA,Tsinghua University - All (Except Eee),HE3024,ENVIRONMENTAL ECONOMICS,Major-PE,40511003,Environmental and Resource Economics,3,Approved,2025,1,NA,48,3,NA,,NA ( NA ),https://www.tsinghua.edu.cn/en/pdf/2018-2019UndergraduateEnglishTaughtCourses.pdf,"This course is an introduction of Environmental and Natural Resource Economics. The objective of this course is for students to learn how basic economic theory can be used to understand and analyze environmental pollution and resource degradation problems. The course covers both conceptual and methodological topics and recent applications. Examples of local, regional, national and international environmental and natural resource issues are presented and discussed. The first part of this course is an introduction to the basic principles of environmental and resource economics; cost and benefit analysis. In the second part the focus is on environmental economics and policy, including economics of pollution control, valuing the environment, regional and global air pollution, water pollution and so forth. The third part is focused on natural resource economics, both renewable and non-renewable resources. The last part is on sustainable development and macroeconomic aspect of environmental policy, and Green Accounting.",NA
CHINA,Tsinghua University - All (Except Eee),HE3025,HEALTH ECONOMICS,BDE,40512103,Health Economics,3,Approved,2025,1,NA,48,3,NA,,??? ( liuchy3@sem.tsinghua.edu.cn ),https://webvpn.tsinghua.edu.cn/http/77726476706e69737468656265737421eaff4b8b227e6b597d469dbf915b243d1569e38ddd4b59c06f/js.vjsKcbBs.do?m=showToXs&p_id=2020990112;40512103,"Issues such as healthcare market operations, public health policies, and family health welfare have been widely discussed around the world. Accompanied by various public health emergencies (such as the COVID- 19 pandemic that broke out at the end of 2019) and successive rounds of healthcare reforms (such as China's ongoing healthcare reform since the 1990s and the Patient Protection and Affordable Care Act enacted by the United States in 2010), the significance of these topics is increasingly prominent. Health Economics, as an applied branch of microeconomics, uses economic tools to understand and analyze issues within the healthcare sector and provides theoretical foundations for public policies. Over recent decades, it has become an increasingly important discipline. This course systematically introduces various theoretical branches of health economics, covering topics including the demand for health and the supply of healthcare services, healthcare insurance systems (economic models such as risk aversion, adverse selection, moral hazard, etc.), healthcare market reforms, medical technology innovation, and public health policies. Besides introducing economic theoretical models, this course maintains a close connection with public health policies, offering detailed discussions on healthcare market systems and reform priorities across different countries. In addition, the course includes a module on health big data analysis, guiding students on how to apply empirical tools from microeconomics to analyze data and solve practical problems. [Original: ??????????????????????????? ???????????????????????2019?????? ????????????????????90?????????? ????????2010????????????????????? ??????????????????????????????? ??????????????????????????????? ?????????????????????? ????????? ??????????????????????????????? ??????????????????????????????? ?????????????????????????????? ??????????????????????????????? ??????????????????????????????? ????????????????????????????]",Publishing house: ????????? Publishing date: 2019
CHINA,Tsinghua University - All (Except Eee),HE3032,GAME THEORY,Major-PE,40511103,Game Theory,3,Approved,2025,2,"Homework(30%), Midterm Exam(30%), Final Exam(40%)",48,3,NIL,,Tracy Xiao Liu ( liuxiao@sem.tsinghua.edu.cn ),,"Game theory is a pillar of modern economics. It also plays an ever- increasing role in other social sciences as law and politics, and in natural science as biology. This course is an introduction to game theory, with 3 objectives: to understand basic ideas of game theory; to learn the basic concepts and analytical methods of game theory; and to acquire the preliminary ability of using game theory to observe economic behavior and phenomenon in the real world","Dixit, Avinash, and Susan Skeath, Games of Strategy, 3rd edition, W. W. Norton & Company, 2009."
CHINA,Tsinghua University - All (Except Eee),HE3602,GAME THEORY,Major-PE,40511103,Game Theory,3,Approved,2025,1,NA,48,3,NA,,Xiao LIU ( NA ),https://masonabroad.gmu.edu/_customtags/ct_FileRetrieve.cfm?File_ID=01067577744F07060C06717305061C70097A7714737D73046E07030406777402750005737004060001,"Game theory is the foundation of almost all modern economic theory. It is one of the most interesting courses in undergraduate economics. Emerged originally as a field of mathematics, it has been successfully applied to all fields of economics. Furthermore, game theory also plays an increasing role in other social sciences such as philosophy, law and politics, and in natural science such as evolutionary biology and computer science, etc. This course is an introduction to game theory, which puts emphasis in introducing basic game-theoretic analysis, including the conception, analytic techniques and applications for each type of games. We will discuss static games with perfect information, static games with imperfect information, and dynamic games with or without perfect information. Most class sessions will be delivered in English and will consist of both ?hands-on? experiences in structured strategic situations as well as lectures about the theory underlying these situations. Student participation is strongly encouraged.",NA
CHINA,Tsinghua University - All (Except Eee),HE4040,BEHAVIORAL ECONOMICS,Major-PE,40511223,Behavioral Economics,4,Approved,2025,1,NA,48 hours,3,NA,,Shi Xinzhen ( shixzh@sem.tsinghua.edu.cn ),https://www.tsinghua.edu.cn/en/pdf/2018-2019UndergraduateEnglishTaughtCourses.pdf,Do people really behave according to the standard neoclassical models of economics? Or do we sometimes have self-control problems? Do we care about other people as well as ourselves? Do we suffer from overconfidence? This course will examine the common deviations from neoclassical economic models in real world decision-making. We will then study how economics incorporates insights from psychology in order to more fully account for human economic behavior,NA
CHINA,Tsinghua University - All (Except Eee),HE4103,TIME SERIES ANA & APPLICATIONS,Major-PE,40510673,Empirical Finance,4,Approved,2025,1,(1) closed-book midterm; (2) biweekly assignments; (3) final group project and presentation.,48,3,nil,,?? ( liushuo3@sem.tsinghua.edu.cn ),,"Empirical Finance is a course for senior undergraduate students who are interested in applying real data to test classical asset pricing theories and in the applications of econometric methods to financial problems. This course mainly contains two parts: ?empirical asset pricing? and ?applied econometrics?. The first part discusses how to apply real data or simulation methods to test classical financial theories, including equity valuation, portfolio management analysis, CAPM model, Fama-Macbeth regression, Fama-French-Carhart factor model, Arbitrage Pricing Theory, and multi-factor pricing models for fixed income securities. The second part helps students review basic econometric theory, and further talks about more advanced time-series and panel data models, including ARIMA model, GARCH model, fixed/random effect models, and varying-coefficient models. Specifically, this course focuses on the application of econometric models to real financial or economic problems, for example, this course will cover the difference-in-difference analysis, solving endogeneity problem, model specification and selection issues. Also, after taking this course, students will have a general idea about how to write a research proposal and they should be able to construct appropriate reduced-form models for their topic of interest.","nalysis of Financial Time Series, Ruey S. Tsay, 3rd Edition, 2010."
CHINA,Tsinghua University - All (Except Eee),MH3510,REGRESSION ANALYSIS,Major-PE,40160803,Linear Regression Analysis,4,Approved,2025,1,Exams,48,3,Study materials will be in English,,Zhou Zaiying ( zyzhou@mail.tsinghua.edu.cn ),,"This course unfolds along the theme of ""regression,"" ranging from the simple linear regression to the multiple linear regression, along with the corresponding issues of parameter estimation and statistical inference. Finally, the special case of ANOVA is introduced. It covers the establishment of the simple and multiple linear regression models, parameter estimation, hypothesis testing, confidence intervals, power calculation, regression diagnosis of the models, remedial measures, extra sum of squares and general linear tests, multicollinearity, polynomial regression, interaction effect models, model selection, analysis of variance, and how to implement the corresponding statistical analyses using R.","Applied Linear Statistical Models, 5th Ed. by Kutner, Nachtsheim, Neter, and Li. Applied Linear Regression Models, by Neter, Wasserman, and Kutner? Applied Linear Regression, 4th Edition, by Weisberg Linear Models with R, 2nd Edition, by Faraway"
CHINA,Tsinghua University - All (Except Eee),MH4514,FINANCIAL MATHEMATICS,BDE,80428103,Mathematical Finance,4,Approved,2025,1,-,48,4,-,,??? ( - ),https://webvpn.tsinghua.edu.cn/http/77726476706e69737468656265737421eaff4b8b227e6b597d469dbf915b243d1569e38ddd4b59c06f/js.vjsKcbBs.do?m=showToXs&p_id=1997990109;80428103,??????????????????????????????? ??????????????????????????????? ??????????????????????????????? ??????????????????????Black-Scholes??? ?????????????????????????????? ??????????????????????????????? ??????????????????????????????,-
CHINA,Tsinghua University - All (Except Eee),MH4521,REINFORCEMENT LEARNING,Major-PE,90250052,Performance Evaluation and Optimization of Complex Systems,4,Approved,2025,1,Final exam (40%) + Assignments (20%) + Class discussions (20%) + Major course project (20%),32,2,-,,Jia Qingshan ( jiaqs@mail.tsinghua.edu.cn ),,"Since the fall semester of 2020, our course has included a substantial discussion on Reinforcement Learning including a treatment from theories, methods, algorithms, and applications. If you are interested in this important and vivid research field that sits in the very core of the current wave of Artificial Intelligence, welcome to join us in this course. This course is taught in English. We focus on the modeling and simulation of complex man- made systems in this course, and discuss the fundamental theory and related toolbox for the performance evaluation and optimization. We will discuss the unique position of discrete event dynamic system (DEDS) and other complex man-made systems in modern civilization; clarify the difference from the continuous variable dynamic system; discuss the related mathematics such as probability, queuing theory, and stochastic process; the models of DEDS (both simulation and mathematical models) such as the generalized semi- Markov process; the tools for performance optimization such as ordinal optimization; the sample-path based analysis methods such as perturbation analysis (PA); the optimization and decision making for classical dynamic systems; Markov decision process (MDP); and Reinforcement Learning algorithms. Reading Assignment (RA) - Chapter 1 (p. 1-50), Cassandras and Lafortune, Introduction to Discrete Event Systems, third edition, Springer, 2021. week 2 - Ordinal optimization, the fundamentals, the unconstrained case; RA - week 3 - Ordinal optimization, the extensions to VOO, COO, selection rules; RA- week 4 - MDP models, VI, PI (model-based) RA- week 5 - MDP algorithms (large state space, large action space) - unknown models? RA - Selected publications week 6 - RL elementary (model-free) Sutton and Barto, Reinforcement Learning - An Introduction, second edition, Chapter 3-5. week 7 - RL practice Sutton and Barto, Reinforcement Learning - An Introduction, second edition, Chapter 13. week 8 - RL algorithms (TRPO, GAE, PPO, DDPG) week 9 - Event-based optimization (models) week 10 - EBO key equations (performance difference, derivative) week 11 - EBO algorithms (policy iteration, policy gradient) week 12 - No-Free-Lunch-Theorem week 13 - Elements of Simulation, OCBA week 14 - Nested Partitions, memoryless triangle week 15 - Queueing theory fundamentals (Little's Law)","Y.C. Ho, Q.C. Zhao, Q.S. Jia, Ordinal Optimization: Soft Optimization for Hard Problems, Springer, 2007. C.G. Cassandras, S. Lafortune, Introduction to Discrete Event Systems, Springer 2008. X.-R. Cao, Stochastic Learning and Optimization, Springer, 2007. Bertsekas, Lessons from AlphaZero for Optimal, Model Predictive, and Adaptive Control, Athena, 2022. ????[?]???????[?]?????? ?????????????????????????2024."
CHINA,Tsinghua University - All (Except Eee),PE,PE,Major-PE,80240843,Hardware and software co-designed AI systems,3,Approved,2025,2,"Homework, project",48,3,MPE-1 (SC3xxx),,??? ( xuehaiq@tsinghua.edu.cn ),http://zhjwe.cic.tsinghua.edu.cn/js.vjsKcbBs.do?m=showToXs&p_id=2024990044;80240843,"This course offers an in-depth exploration of the principles, architectures, and optimization techniques that underpin modern AI systems. As Transformer architectures and Large Language Models (LLMs) become foundational in industry and research, the scalability, performance, and efficiency of ML systems have emerged as key enablers for innovation. The course emphasizes the co-design of algorithms, compilers, and hardware to achieve efficient training and inference across heterogeneous computing platforms. Core topics include the computational characteristics of deep learning workloads, GPU and CPU architectural differences, memory hierarchy and hardware-aware optimization methods such as fusion, parallelization, caching, blocking, and pipelining. Students will further study graph- level compilation, attention-level acceleration (e.g., FlashAttention, sparsity, low-rank approximation), and neural-level optimizations including pruning, quantization, and knowledge distillation. In addition, the course introduces distributed training strategies such as data, tensor, and pipeline parallelism, as well as recent frameworks like ZeRO, FSDP, and Alpa for large-scale deployment. Advanced topics on post-training enhancement, including reinforcement learning?based fine-tuning, reward modeling, and parameter- efficient adaptation, will also be discussed. Through proposal development, paper reproduction, and system implementation projects, students will gain hands-on experience in analyzing performance bottlenecks, designing scalable training and inference pipelines, and building end-to-end machine learning systems that integrate algorithmic innovation with hardware efficiency.",-
CHINA,Tsinghua University - All (Except Eee),PE,PE,Major-PE,80470322,3D Visual Computing,3,Approved,2025,2,Exam,32,2,Period of exchange: 20 February 2026 - 15 July 2026,,Li Yi ( ericyi@mail.tsinghua.edu.cn ),,"This course will focus on the advanced technologies in 3D visual computing in the era of big data. The course will cover a brief introduction to the basic concepts in the geometric analysis including curve, surface, 3D representations, 3D transformations, etc., with the goal of fostering students? geometric understanding of 3D data. After establishing the geometric foundations, the course will go from 3D reconstruction to 3D recognition. On one hand, the course will explain popular ways of reconstructing 3D data, covering multi-view stereo, single image-based 3D reconstruction, NeRF, surface reconstruction, etc. On the other hand, the course will delve deep into 3D recognition and understanding, analyzing recent 3D deep learning techniques and introducing their applications in a range of important 3D perception problems including 3D object detection, 3D segmentation, pose estimation, intrinsic analysis, etc. The course will also briefly introduce the recent research directions for 3D visual computing. Through this course, students will understand the key problems, state-of-the-art solutions as well as limitations in the current 3D visual computing area. Students will form a more comprehensive landscape of 3D visual computing in modern AI systems and understand their interactions with planning, decision making, and control.","[1] Yonghuai Liu, Nick Pears, Paul L. Rosin, Patrik Huber. 3D Imaging, Analysis and Applications, 2nd edition, Springer, 2020 [1] Yi Ma, Stefano Soatto, Jana Kosecka, Shankar Sastry. An Invitation to 3-D Vision From Images to Models, Springer, 2003."
CHINA,Tsinghua University - All (Except Eee),PE,PE,Major-PE,40512492,Data Analytics in Business Intelligence,4,Approved,2025,1,??????????????,32,2,"Map to ""HE4303 Machine Learning and Data Analytics """,,?? ( zhaoyu@sem.tsinghua.edu.cn ),,"This course will introduce students to a wide range of topics in data analytics, and discuss their applications in the business intelligence context. Students will be able to provide data analysis reports, deliver diagnostics and interpretable insights to teams and stakeholders in business settings. Additionally, this course will introduce recently developed data analytics methods and their applications from top marketing research journals, which will offer students a comprehensive understanding of real-world problems and perspectives for practitioners and academics.",unavailable
CHINA,Tsinghua University - All (Except Eee),PE,PE,Major-PE,70240063,Distributed Database Systems,3,Approved,2025,1,"Assignments (30%), Group project (60%), Attendance (10 %)",48,3,-,,?? (Feng Ling) ( fengling@tsinghua.edu.cn ),,"Course Objectives: 1) to enhance the previous knowledge of database systems by deepening the understanding of the theoretical and practical aspects of the database technologies; showing the need for distributed database technology to tackle deficiencies of centralized database systems; 2) to introduce basic principles and implementation techniques of distributed database systems, including distributed database design and architecture, query processing and optimization, transaction management, recovery, and reliability protocols; 3) to expose active and emerging research issues in distributed database systems and application development, including parallel and streaming data management, data warehousing and OLAP, NoSQL and NewSQL; 4) to apply theory to practice by building a data center in a distributed context. After the course, the students can 1) get familiar with the currently available models, technologies for and approaches to building distributed database systems; 2) have developed practical skills in the use of these models and approaches to be able to select and apply the appropriate methods for a particular case; 3) be aware of the current research directions in the field and their possible outcomes; 4) be able to carry out research on a relevant topic, identify primary references, analyze them, and come up with meaningful conclusions; 5) be able to apply learned skills to solving a big data management problem. Schedule 1. ???? Course Overview 2. ??????????? Historic Development of Data Management Technologies 3. ?????????? Introduction to Distributed Database Systems 4. ???????? Distributed Database Design 5. ?????????? Distributed Database Query Processing 6. ?????? Optimization of Distributed Database Queries 7. ??????? Distributed Transaction Management 8. ??????? Distributed Concurrency Control 9. ??????????????? Failure Recovery and Reliability in Distributed Databases 10.???????? State-of-Art Data Management Technologies 11.????????? Parallel and Streaming Data Management Technologies 12.??????????? Data Warehousing & OLAP","M. Tamer Ozsu and Patrick Valduriez. Principles of Distributed Database Systems (third Edition), Springer, 2011."
CHINA,Tsinghua University - All (Except Eee),SC2008,COMPUTER NETWORK,Core,40240513,Computer Network,3,Approved,2025,2,"Quizzes, assignments, and final exam",48,3,Approved by CourseFinder before,,LI ZONGPENG ( zongpeng@tsinghua.edu.cn ),https://webvpn.tsinghua.edu.cn/http/77726476706e69737468656265737421eaff4b8b227e6b597d469dbf915b243d1569e38ddd4b59c06f/js.vjsKcbBs.do?m=showToXs&p_id=2021690017;40240513,"Introduction to computer networking, using the Internet as an example. Starts with an overall introduction, followed by a layer-by-layer introduction to the Internet protocol stack. Key topics covered include: client-server architecture, circuit switch vs packet switch, multiplexing, flow control, congestion control, reliable data transfer (ARQ), TCP and UDP, routing algorithms, BGP, OSPF, control plane and data plane, software defined networking (SDN), Openflow, IP protocol, Multiple access control, WiFi and Ethernet, wireless networking, CDMA, error detection and correction.",Computer Networking: A top-down approach.
CHINA,Tsinghua University - All (Except Eee),SC2203,"AUTOMATA, COMPUT & COMPLEXITY",Core,30470134,THEORY OF COMPUTATION,3,Approved,2026,2,-,64,4,-,,?? ( - ),https://www.tsinghua.edu.cn/en/pdf/ut2023.pdf,"This course gives an introduction to the basics of computation theory, including: Mathematical Logic, Finite Automata, Context-Free Grammars, Turing machine, undecidablity, and computational intractable topics (NPcomplete, PSPACE, BPP, interactive proof, fine- grained complexity, etc)",-
CHINA,Tsinghua University - All (Except Eee),SC3000,ARTIFICIAL INTELLIGENCE,Major-PE,30240042,Introduction to Artificial Intelligence,3,Approved,2025,2,Exam,32,2,Reference to CourseFinder,,TBC ( TBC ),,"This course mainly introduces the general principles and basic ideas of problem solving approaches in artificial intelligence, including: the general searching problems, such as blind search and heuristic search; Adversarial search (or game search), such as game tree search, Monte Carlo tree search; Predicate calculus in artificial intelligence and its application; Statistical learning methods, such as Naive Bayesian method, SVM, decision tree, neural network and deep learning etc.","Ma Shaoping, ""Dr. Ai: A Brief Introduction to Artificial Intelligence"", Tsinghua University Press"
CHINA,Tsinghua University - All (Except Eee),SC3000,ARTIFICIAL INTELLIGENCE,Major-PE,40250182,Introduction to Artificial Intelligence,3,Approved,2025,2,"Quizzes, assignments, and final exam",32,2,Find in Course Finder,,??? ( zcs@mail.tsinghua.edu.cn ),,"This course mainly introduces the general principles and fundamental ideas of problem-solving methods in artificial intelligence, aiming to develop students? ability to apply the knowledge learned to solve real- world problems. The course covers general search problems, including uninformed search and heuristic search; adversarial search, including the ?-? pruning algorithm and Monte Carlo Tree Search (MCTS); predicate calculus in artificial intelligence and its applications; advanced search methods such as local search, simulated annealing, and genetic algorithms; statistical learning methods including Naive Bayes, Support Vector Machines (SVM), and decision trees; as well as neural networks and deep learning.",According to a 15-week semester schedule: Introduction Search Computer Vision Computer Audition Natural Language Processing and Understanding Knowledge Representation and Knowledge Graphs Machine Learning Discussion and Exchange Reasoning Multimodal Information Processing Multi-Agent Systems Trustworthy Artificial Intelligence Artificial Intelligence Ecosystem Field Visit
CHINA,Tsinghua University - All (Except Eee),SC3000,ARTIFICIAL INTELLIGENCE,Major-PE,80231392,Fundamentals of Software and Hardware Technologies for Artificial Intelligence,3,Approved,2025,2,Exams and projects,32,2,25 Feb to 29 Jun,,?? ( yu-wang@mail.tsinghua.edu.cn ),https://webvpn.tsinghua.edu.cn/http/77726476706e69737468656265737421eaff4b8b227e6b597d469dbf915b243d1569e38ddd4b59c06f/js.vjsKcbBs.do?m=showToXs&p_id=2009990043;80231392,"This course focuses on the core hardware and software technologies for artificial intelligence (AI) algorithms. It covers the historical development of AI hardware and software, fundamental concepts, and full-stack design and optimization methodologies for efficient AI training and inference across algorithms, software, and hardware. The course uses representative examples in algorithms, software, and hardware design to illustrate key ideas and to teach the design principles behind these methods. In addition, it introduces cutting-edge topics such as the latest advances in hardware?software co-design and co- optimization, major applications, and emerging trends in AI chip development.","L1 Introduction Background and course overview Algorithm-related foundations: history of AI, neural network basics, large models, and AIGC (Supplementary video materials) Hardware foundations What is hardware architecture: concepts of computation, storage, control, and data paths Overview of CPU, GPU, and NPU architectures Chip design workflow L2 Technology Stack Overview Using the example of running a neural network on GPU hardware to explain deployment and execution workflows GPU software stack GPU programming model and CUDA Using the example of running an agentic system on hardware to introduce emerging applications, algorithm trends, and new challenges for hardware?software systems Defining the design space for algorithm/software/hardware co-design and optimization, along with broad categories of goals and approaches L3?L4 (Part 1) Algorithm-Level Design and Optimization Model architecture design: efficient modules, model pruning, neural architecture search Performance-preserving techniques: knowledge distillation, dynamic inference Data representation optimization: model quantization L4 (Part 2)?L5 GPU-Oriented Software and System-Level Optimization Software-level design and optimization Operator optimization techniques System architecture and system-level design and optimization Core components of data centers Mapping and scheduling inference tasks on large-scale clusters Mapping and scheduling training tasks on large-scale clusters L6 Hardware-Level Design and Optimization Challenges faced by GPUs Hardware?software co-design paradigms Accelerator taxonomy Representative accelerator designs: DPU, Eyeriss, DianNao, TPU, TensorCore, Ascend, etc. L7 Hardware and Software Co-Optimization Dataflow and mapping optimization Compiler optimization techniques L8 Frontier Hardware?Software Co-Optimization I: Sparse Computing Sparse representations Activation sparsification and fine-grained weight sparsification Representative sparse computing architectures L9 Frontier Hardware?Software Co-Optimization II: Advanced Devices and Architectures In-memory computing Near-memory computing L10 Key Application Trend I Optimization for language and multimodal understanding and generation models L11 Key Application Trend II Optimization for embodied intelligence L12 Special Topic I Frontier system technologies L13 Special Topic II Frontier chip technologies: advanced packaging and chiplets"
CHINA,Tsinghua University - All (Except Eee),SC3000,ARTIFICIAL INTELLIGENCE,Major-PE,TBC,Introduction to Artificial Intelligence,3,Approved,2025,2,Exam,32,2,Reference to CourseFinder,,TBC ( TBC ),,"This course mainly introduces the general principles and basic ideas of problem solving approaches in artificial intelligence, including: the general searching problems, such as blind search and heuristic search; Adversarial search (or game search), such as game tree search, Monte Carlo tree search; Predicate calculus in artificial intelligence and its application; Statistical learning methods, such as Naive Bayesian method, SVM, decision tree, neural network and deep learning etc.","Ma Shaoping, ""Dr. Ai: A Brief Introduction to Artificial Intelligence"", Tsinghua University Press"
CHINA,Tsinghua University - All (Except Eee),SC3010,COMPUTER SECURITY,Major-PE,30240573,Cybersecurity Fundamentals,3,Approved,2025,2,examination,48,3,"Course taken during student exchange at Tsinghua University. Mandarin is my mother tongue, and I am comfortable with the course being conducted in Chinese.",,"??,?? ( qi01@tsinghua.edu.cn )",https://zhjwe.cic.tsinghua.edu.cn/js.vjsKcbBs.do?m=showToXs&p_id=2019990017;30240573,"Part 1: Basic Theory Session 1: From the Internet to Cyberspace 1.1 Complex Networks and the Internet 1.2 The Internet and Cyberspace 1.3 Cybersecurity 1.4 Basic Principles of Cybersecurity 1.5 Technical Architecture of Cybersecurity Session 2: Cryptography Basics 2.1 Symmetric Encryption 2.2 Message Authentication and Hash Functions 2.3 Public Key Encryption 2.4 Digital Signatures and Key Management 2.5 Random Numbers and Pseudo-Random Numbers Part Two: Data Security Session 3: Data Encryption 3.1 Encryption of Data Storage 3.2 Encryption of Data Retrieval 3.3 Data De-sensitization 3.4 Secure Data Transmission Session 4: Privacy Protection 4.1 Preliminary Exploration of Privacy Protection Technologies 4.2 De-identification 4.3 Differential Privacy 4.4 Homomorphic Encryption 4.5 Multi-party Secure Computing Part 3: Cybersecurity Session 5: IP Protocol Security 5.1 Working Principle of IP Protocol 5.2 Attacks on IP Protocol 5.3 GRE Protocol 5.4 IPSec Protocol Session 6: TCP Protocol Security 6.1 Working Principle of TCP Protocol 6.2 Attacks on TCP Protocol 6.3 Heartbleed Vulnerability 6.4 TLS Handshake Protocol 6.5 TLS Data Transmission Session 7: DNS Security 7.1 Overview of DNS 7.2 DNS Request Process 7.3 DNS Attacks 7.4 Preventing DNS Cache Poisoning Attacks 7.5 Denial-of-Service Attacks on DNS Servers Session 8: PKI Security 8.1 Public Key Certificates and Certification Authorities 8.2 Root CA and Intermediate CA 8.3 Attacks on Public Key Encryption 8.4 Defending against Man-in-the-Middle Attacks 8.5 Implementing Attacks on Public Key Infrastructure Session 9: Trusted and Reliable Internet SAVA Architecture and Key Technologies 9.1 Building a Trusted Next-Generation Internet Architecture 9.2 Network Addressing Architecture SAVA Based on Real IPv6 Source Address 9.3 Access Network Real Source Address Verification Technology SAVI 9.4 Intra-Domain Real Source Address Verification Technology 9.5 Inter-Domain Real Source Address Verification Technology SMA 9.6 Implementation, Deployment and Application of Source Address Verification System Part Four: System Security Lecture 10: System Hardware Security 10.1 Overview of Physical Security Technologies 10.2 Environmental Physical Security 10.3 Equipment Physical Security Chapter 11: Operating System Security 11.1 Overview of Operating System Security 11.2 Identification and Authentication Mechanisms 11.3 Storage Protection, Run-Time Protection, and I/O Protection 11.4 Security of Mobile Terminals 11.5 Security of Virtualization Systems Lecture 12: Distributed System Security 12.1 Overview of Distributed Systems 12.2 The Byzantine General Problem 12.3 Blockchain Technology 12.4 Security Issues in Blockchain Part Five: Algorithm Security Lecture 13: Cryptographic Algorithms 13.1 Block Cipher Algorithms 13.2 Hash Algorithms 13.3 Stream Cipher Algorithms 13.4 National Cryptographic Algorithms Lecture 14: Algorithm Security in Artificial Intelligence 14.1 Introduction to Artificial Intelligence Security 14.2 Data Security 14.3 Framework Security 14.4 Algorithm Security 14.5 Model Security 14.6 Operational Security",NA
CHINA,Tsinghua University - All (Except Eee),SC3030,ADV COMPUTER NETWORKS,Major-PE,60240083,Advanced Computer Network,3,Approved,2025,1,?????????50??????50??,48,3,-,,?? ( - ),https://webvpn.tsinghua.edu.cn/http/77726476706e69737468656265737421eaff4b8b227e6b597d469dbf915b243d1569e38ddd4b59c06f/js.vjsKcbBs.do?m=showToXs&p_id=2001990135;60240083,"??????????????????????????????? ??????????????????????????? ???? ??? ?1?Internet????????? ?2????????? ?3????????? ?4?Internet??? ?5???????? ?? ?6?P2P??????? ?7?????? ????????? ????????????????????????????? Based on a deep understanding of computer network principles, students will delve into the architecture, protocols, and algorithms of computer networks. Students will also gain a preliminary understanding and mastery of basic research methods in the field of computer networks. Key topics include: (1) Internet architecture design principles. (2) Routing protocols and algorithms. (3) Congestion control and flow control. (4) Internet multicast. (5) High-performance router design. (6) P2P and application layer networks. (7) Network security. The course is primarily lecture-based, with students required to complete a small amount of homework (primarily a paper reading report) and submit a paper report at the end of the semester.","?? ? ????????? ??????? ???30???????? ????? Xu Ke et al., ""Advanced Computer Networks,"" Tsinghua University Press. There are also about 30 papers as reading material."
CHINA,Tsinghua University - All (Except Eee),SC3040,ADVANCED SOFTWARE ENGINEERING,Major-PE,80240543,Process and Methods of Software Project Management,3,Approved,2025,1,"1. Virtual Project(homework, presentation, and sitcom) 50% 2. Open-book Examination 45% 3. Others 5%",48,3,Approved in previous years,,Zhang Yong ( zhangyong05@tsinghua.edu.cn ),,"Software project management is the art and science of planning and leading software projects. It is a interdiscipline of software development and project management in which software projects are planned, monitored and controlled. Using software development life cycle and process groups as two main threads, this course introduces the procedures and methods of software project management, which will help keep projects under control, and produce software with required functions in shorter time, higher quality and predicable cost. This course follows the ten Project Management Knowledge Areas that are defined in PMBOK - integration, scope, schedule, cost, quality, resource, communications, risk, procurement, and stakeholder - using the experiences of real-life businesses involving software. The students are organized in groups to do the homework and give presentations. Virtual software projects are assigned to groups. Typical scenarios are designed in the projects to help students understand the ten knowledge areas by solving the issues in the projects through group discussion and collaboration. 01. Introduction of Software Project Management 02. Software Development Context and Maturity model 03. Software Project Management Process Groups and Stakeholder Management 04. Software Project Integration Management 05. Software Project Scope Management 06. Software Project Time Management 07. Software Project Cost Management 08. Mid-Term Report 09. Software Project Quality Management 10. Software Project Human Resource Management 11. Software Project Communications Management 12. Software Project Risk Management 13. Software Project Procurement Management 14. PRINCE2 15. Short Sitcoms","Textbook:?Information Technology Project Management (9th)?, Kathy Schwalbe, Cengage Learning, 2018 Reference books: (1)PMBOK? Guide ? Sixth Edition, Project Management Institute, 2017. (2) ?Software Project Management 5th Revised ed. Edition?, Bob Hughes, Mike Cotterell, McGraw-Hill Education, 2009."
CHINA,Tsinghua University - All (Except Eee),SC3060,COMPUTER GRAPHICS & VISUAL,Major-PE,80240593,Fundamentals of Computer Graphics,3,Approved,2025,2,Homework: 60% x weight1 - Projects: 40% x weight1 (choose two from four candidates #1: #2: #3; #4),48,3,-,,Liu YongJin ( liuyongjin@tsinghua.edu.cn ),https://webvpn.tsinghua.edu.cn/http/77726476706e69737468656265737421eaff4b8b227e6b597d469dbf915b243d1569e38ddd4b59c06f/js.vjsKcbBs.do?m=showToXs&p_id=2006990006;80240593,"This course is designed for postgraduates in computer science department. The course content covers 16 weeks, every week three units, every unit is 45 minutes. The credit of this course is 3. This course gives an introduction to computer graphics, by integrating various skills in computer science such as programming, data structure and algorithm design. With the aid of OpenGL programming, students will learn these fundamental knowledge in computer science in terms of fancy graphics effects that reduce the learning load through abstract data visualization. The content of this course includes raster graphics, interactive graphics, matrix representation of 3D transformation, curve and surface design, ray tracing and visual realism, all provided with OpenGL programming training (in tutorial with TA). Prerequisites: l C++ programming l Linear algebra Course Content:","F.Hill, S. Kelley. Computer Graphics using OpenGL, 3rd edition. Pearson Prentice Hall. 1. Introduction to computer graphics (Week 1) 1.1. What is computer graphics 1.2. Graphics display devices 1.3. Graphics input primitives and devices Supplement (1) slides: lecture1-introduction.pdf 2. Raster graphics (Week 2) 2.1. Scan conversion of line, circle and ellipse using mid-points algorithms 2.2. Filling polygonal regions 2.3. Begin to use OpenGL Supplement (1) slides: lecture2-part 1.pdf, lecture2-part 2.pdf; (2) homework 2 + solution 3. Modeling shape with polygonal meshes (Week 3~4) 5.1. OpenGL programming: buffer techniques 5.2. Solid modeling with polygonal meshes 5.3. Mesh approximation to smooth objects 5.4. Mesh generation and simplification 5.5. Mesh deformation and refinement Supplement (1) slides: lecture3-part 1.pdf, lecture3-part 2.pdf, lecture3- part 3.pdf; (2) lecture3-part3-reading material.pdf; (3) homework 3 + solution 4. Color theory and texture mapping (Week 5) 4.1. Introduction: physiological basis for human color 4.2. CIE standard 4.3. Color space 4.4. OpenGL programming: texture mapping Supplement (1) slides: slides: lecture4-part 1.pdf, lecture4-part 2.pdf; (2) homework 4 + solution 5. Parametric curve and surface modeling (Week 6) 5.1. Describing curves using polynomials 5.2. Bezier curves 5.3. B-spline curves 5.4. Tensor product surfaces Supplement (1) slides: slides: lecture5-part 1.pdf, lecture5-part 2.pdf; (2) homework 5 + solution 6. Visual realism (Week 7) 6.1. Shading modeling 6.2. Specular reflection 6.3. Diffuse component 6.4. Ambient light 6.5. Shading in graphics pipeline Supplement (1) slides: lecture6-part 1.pdf, lecture6-part 2.pdf, lecture6- part 3.pdf; (2) homework 6 + solution 7. OpenGL pipeline (Week 8) 7.1. 2D/3D transformations 7.2. OpenGL lighting 7.3. Textures and shadows 7.4. Shader development Supplement (1) slides: lecture7-part 1.pdf, lecture7-part 2.pdf; (2) homework 7 + solution 8. Ray tracing (Week 9~10) 8.1. Overview of the ray tracing process 8.2. Intersection of a ray with an object 8.3. Antialiasing ray tracing 8.4. Acceleration in ray tracing Supplement (1) slides: lecture8-part 1, 2, 3, 4, 5, 6.pdf (2) homework 8 + solution 9. Radiosity (Week 11) 9.1. Application scenarios 9.2. Basic radiosity model 9.3. Substructure and hierarchy 9.4. State-of-the-art radiosity 9.5. A 3DMax tutorial Supplement (1) slides: lecture9.pdf (2) homework 9 + solution 10. Photon mapping (Week 12) 10.1. Application scenarios 10.2. Caustics 10.3. Rendering equation 10.4. Photon tracing 10.5. Hybrid algorithm Supplement (1) slides: lecture10.pdf (2) homework 10 + solution 11. Particle systems (Week 13) 11.1. Representing objects with particles 11.2. System framework 11.3. Kinematics of particles 11.4. Newton?s laws 11.5. Particle rendering and simulation Supplement (1) slides: lecture11.pdf (2) homework 11 + solution 12. Non-photorealistic rendering (Week 14) 12.1. NPR applications 12.2. Pen-and-ink illustration 12.3. Stipple rendering 12.4. Tone shading 12.5. Cartoon rendering Supplement (1) slides: lecture12.pdf (2) homework 12 + solution 13. Advanced topic (Week 15) Supplement (1) lecture13-advanced topic.pdf (2) lecture13-reading material.pdf 14. Project presentation & summary (Week 16) Supplement (1) slides: lecture14-summarization.pdf"
CHINA,Tsinghua University - All (Except Eee),SC3060,COMPUTER GRAPHICS & VISUAL,Major-PE,80470322,3D Visual Computing,3,Approved,2025,2,"Assignment, Mid-term Quiz, Project",32,2,MPE-1,,?? ( ericyi0124@gmail.com ),https://zhjwe.cic.tsinghua.edu.cn/js.vjsKcbBs.do?m=showToXs&p_id=2021990086;80470322,"This course will focus on the advanced technologies in 3D visual computing in the era of big data. The course will cover a brief introduction to the basic concepts in the geometric analysis including curve, surface, 3D representations, 3D transformations, etc., with the goal of fostering students? geometric understanding of 3D data. After establishing the geometric foundations, the course will go from 3D reconstruction to 3D recognition. On one hand, the course will explain popular ways of reconstructing 3D data, covering multi-view stereo, single image-based 3D reconstruction, NeRF, surface reconstruction, etc. On the other hand, the course will delve deep into 3D recognition and understanding, analyzing recent 3D deep learning techniques and introducing their applications in a range of important 3D perception problems including 3D object detection, 3D segmentation, pose estimation, intrinsic analysis, etc. The course will also briefly introduce the recent research directions for 3D visual computing. Through this course, students will understand the key problems, state-of-the-art solutions as well as limitations in the current 3D visual computing area. Students will form a more comprehensive landscape of 3D visual computing in modern AI systems and understand their interactions with planning, decision making, and control.","[1] Yonghuai Liu, Nick Pears, Paul L. Rosin, Patrik Huber. 3D Imaging, Analysis and Applications, 2nd edition, Springer, 2020 [1] Yi Ma, Stefano Soatto, Jana Kosecka, Shankar Sastry. An Invitation to 3-D Vision From Images to Models, Springer, 2003."
CHINA,Tsinghua University - All (Except Eee),SC3060,COMPUTER GRAPHICS & VISUAL,Major-PE,60240073,Fundamentals of Computer Graphics,3,Approved,2025,1,in-class assessment,48,3,A student has mapped this,,shi min ( shimin@mail.tsinghua.edu.cn ),https://webvpn.tsinghua.edu.cn/http/77726476706e69737468656265737421eaff4b8b227e6b597d469dbf915b243d1569e38ddd4b59c06f/js.vjsKcbBs.do?m=showToXs&p_id=1998990027;70240243,"This course mainly introduce the rendering and synthesis of realistic graphics, Including introduction, local illumination model, global illumination model, ray tracing and acceleration, radiosity algorithm, image editing and generation, 3D scene modeling, skeleton based deformation, Poison and Laplace editing of 3D models, feature sensitive geometry processing, etc. This course mainly teaches the basic concepts, principles, algorithms, and fundamental systems of computer graphics. The main topics include: 2D shape generation and editing, 3D shape generation and editing, as well as computer graphics devices and systems. Key focuses are on curve and surface modeling, 3D modeling with OpenGL, lighting models, and textures. All content is explained alongside OpenGL example code. Week 1: Overview of Computer Graphics Definition of Computer Graphics (CG) Development process of CG technology Several frontier directions of CG technology Week 2: Raster Graphics Scan conversion Area filling OpenGL programming (TA guidance) Week 3: Introduction to OpenGL Programming Basic concepts of OpenGL Particle systems OpenGL programming (TA guidance) OpenGL programming major assignment Week 4: 3D Modeling Techniques Basics of OpenGL Mesh generation and representation OpenGL programming (TA guidance) Week 5: Color and Texture Mapping Basic concepts of color Color spaces Texture mapping techniques OpenGL programming (TA guidance) Week 6: Parametric Curves and Surfaces Bezier curves and surfaces B-spline curves and surfaces OpenGL programming (TA guidance) Week 7: Realistic Graphics OpenGL lighting model OpenGL programming (TA guidance) Week 8: OpenGL Rendering Pipeline OpenGL pipeline OpenGL programming major assignment OpenGL programming (TA guidance) Weeks 9?10: Global Illumination Model I Ray tracing OpenGL programming major assignment OpenGL programming (TA guidance) Week 11: Global Illumination Model II Radiosity method OpenGL programming major assignment OpenGL programming (TA guidance) Week 12: Global Illumination Model III Photon mapping method OpenGL programming major assignment OpenGL programming (TA guidance) Week 13: Lecture on Frontier Technologies in CG Weeks 14?15: In-Class Group Presentations Each student presents their course project and evaluates others? projects Week 16: Final Summary",Computer Graphics using OpenGL
CHINA,Tsinghua University - All (Except Eee),SC3061,HUMAN COMPUTER INTERACTION,Major-PE,80160132,Human Computer Interface Design,3,Approved,2025,2,Literature and case discussions and special studies,32,2,-,,?? ( rpl@mail.tsinghua.edu.cn ),https://webvpn.tsinghua.edu.cn/http/77726476706e69737468656265737421eaff4b8b227e6b597d469dbf915b243d1569e38ddd4b59c06f/js.vjsKcbBs.do?m=showToXs&p_id=2002990130;80160132,"The course is designed to widen students? understanding in interaction design and familiarize students with the contemporary research topics in the field of human-computer interaction with a focus on social computing. Particular topics to be covered include: social computing, internet advertising and marketing, internet of things, accessibility, and intellectual property issues. It is highly recommended that students have already taken a basic course in human-computer interaction. Schedule: Interaction design Understanding human cognition Data visualization Social interaction and social media Internet of things Interacting with AI Human-Robot Interaction AR/VR Intellectual property and HCI","??? Sharp, H., Rogers, Y., & Preece, J. (2019). Interaction Design (5th edition). Wiley. (eBook available from Tsinghua Library) The content of the first 4 lectures are based on this book. Shneiderman, B. et al. (2009). Designing the User Interface: Strategies for Effective Human-Computer Interaction , 5th ed. Pearson. Johnson, J. (2014). Designing with the Mind in Mind. Morgan Kaufmann. Krug, S. (2014). Don't Make Me Think (Revisited). New Riders ???????????, Salvendy, G. (2016). ? ???:????????????. ???????."
CHINA,Tsinghua University - All (Except Eee),SC3102,"SIGNALS, SYSTEMS & TRANSFORMS",Core,40220653,Signals and Systems,3,Approved,2025,2,exam,48,3,course taken during student exchange at Tsinghua University.,,Lu Chao ( luchao@tsinghua.edu.cn ),,"Signals and systems, the characteristics of signals, the properties of systems, the responses of systems to input signals, etc., are common problems encountered in various academic fields. This course focuses on learning the basic concepts, theories, and methods for analyzing the characteristics of signals and the properties of systems. With the widespread application of computers and digital systems, a large number of problems related to the analysis of discrete signals and discrete systems have emerged. Based on the basic analysis methods for continuous signals and continuous systems, this course further studies the basic analysis methods for discrete signals and discrete systems, with system analysis limited to linear time-invariant systems. The methods of signal and system analysis covered in this course include time domain, frequency domain, and complex frequency domain. Time domain analysis: convolution for continuous systems and discrete systems, solving differential equations for continuous systems and difference equations for discrete systems. Frequency domain analysis: Fourier series and Fourier transforms for continuous and discrete signals, system frequency response characteristics, discrete Fourier transform (DFT) and fast Fourier transform (FFT) for computer applications. Complex frequency domain analysis: Laplace transform for continuous signals and continuous system analysis based on the Laplace transform, Z transform for discrete signals and discrete system analysis based on the Z transform, system function. This course emphasizes the relationships between different types of signal transformations.","Textbook: ""Fundamentals of Signal and System Analysis"", by Liu Weidong, published by Tsinghua University Press. References: 1. ""Signals and Systems"" (Second Edition), edited by Zheng Junli et al., published by Higher Education Press; 2. ""Signals and Systems"", translated by Liu Shutang, published by Xi'an Jiaotong University Press; or Alan V. Oppenheim, Signals and Systems, Second Edition."
CHINA,Tsinghua University - All (Except Eee),SC3103,EMBEDDED PROGRAMMING,Core,44100632,Embedded Systems,3,Approved,2025,2,"Quizzes, assignments, and final exam",32,2,25 Feb to 29 June,,He Yuan ( heyuan@tsinghua.edu.cn ),https://webvpn.tsinghua.edu.cn/http/77726476706e69737468656265737421eaff4b8b227e6b597d469dbf915b243d1569e38ddd4b59c06f/js.vjsKcbBs.do?m=showToXs&p_id=2013990094;44100632,"This course, building upon students' general knowledge of computer organization principles, delves deeply, comprehensively, and systematically into the fundamental knowledge, key technologies, organizational principles, and design methodologies of embedded systems, focusing on future trends in computer technology, particularly software technology innovation and application. Students will master the architecture and composition of embedded systems, become familiar with common embedded system development techniques and methods, and develop the ability to identify, analyze, and solve problems when developing embedded software, hardware, or combined hardware and software systems. The course content consists of theoretical lectures and classroom experiments, specifically including: * An overview of embedded systems, embedded processors and instruction sets; * Embedded operating systems, embedded software programming techniques, development environments and debugging techniques, and file systems; * Fundamentals of device driver design, character device driver design, block device driver design, and network device driver development; * Fundamentals of embedded design experiments, development environment setup, kernel and module construction, file system construction, debugging technique exercises, character device driver design, block device driver design, network device driver design, and more.",?????????????2??? ??:??????? ???:?? ?????
CHINA,Tsinghua University - All (Except Eee),SC4000,MACHINE LEARNING,Major-PE,30470104,Machine Learning,3,Approved,2026,1,TBC,64,4,Used to fulfil MPE Requirement,,?? ( yuanyang@tsinghua.edu.cn ),https://www.tsinghua.edu.cn/en/pdf/ut2023.pdf,"Machine learning studies how computers learn from experiences. Combining ideas from theoretical computer science and statistics, researchers have developed many successful learning methods for computer vision, bioinformatics, natural language processing etc. This course mainly covers the framework of machine learning, classical methods for solving various machine learning problems, and also basic machine learning theory. It includes linear methods, support vector machine, basic optimization and generalization theory, basic neural networks, popular classification/regression methods, clustering methods, nearest neighbor search, useful algebra methods, etc. This course is a basic course for machine learning, but it is challenging",-
CHINA,Tsinghua University - All (Except Eee),SC4000,MACHINE LEARNING,Major-PE,30250392,Pattern Recognition and Machine Learning,3,Approved,2025,2,examination,38,2,Course taken during student exchange at Tsinghua University.,,Wang XiaoWo ( xwwang@mail.tsinghua.edu.cn ),,"This course introduces the basic concepts and methodology framework of pattern recognition and machine learning. It starts from an angle of statistical learning. The course will cover major methods of traditional regression, classification and clustering, as well as support vector machines, neural networks and introductory deep learning. Feature selection, representation as well as model assessment will also be covered.",?????????????????????????4??????? ?????2021
CHINA,Tsinghua University - All (Except Eee),SC4000,MACHINE LEARNING,Major-PE,40470492,Multi-modal Machine Learning,3,Approved,2025,2,Unavailable,32,2,Refer to the Coursefinder and information in tsinghua_courses_in_english_fall_2019,,TBC ( TBC ),https://international.huji.ac.il/sites/default/files/intl/files/tsinghua_courses_in_english_fall_2019.pdf,"With the development of Internet, multimedia data have become increasingly accessible, such as images, audios, videos, texts, etc; the advances of artificial neural networks (e.g. large multi-modal model GPT4) have also made multimodal fusion a general trend in AI. This course covers applications including image/video processing and generation, audio/ speech processing and generation, natural language processing and generation. It introduces popular signal processing and machine learning techniques in the artificial intelligence field, such as data representation, data compression, sequence models, data synthesis, multimodal fusion, etc. Through lectures and course projects, students learn about the features of different signals, and their common ground. This class can be a follow up for computer vision and natural language processing classes.",Unavailable
CHINA,Tsinghua University - All (Except Eee),SC4000,MACHINE LEARNING,Major-PE,44100552,Machine Learning,3,Approved,2025,2,Class participation and Quero Classroom exercises account for 10%; regular homework accounts for 50%,32,2,Course taken during student exchange at Tsinghua University.,,Long MingSheng ( mingsheng@tsinghua.edu.cn ),,"Machine learning is the science of getting computers to act effectively without being explicitly programmed. In the past decade, machine learning has given us self-driving cars, speech recognition, machine translation, face recognition, web search, recommender system, and in- depth understanding of the human genome. Machine learning is widely believed to be the best approach to advancing human-level AI. This course will provide a systematic introduction to machine learning, spanning fundamental principles, classical models, efficient algorithms, and practical applications. Topics include: (1) Supervised learning (linear models, support vector machines, decision trees, boosting); (2) Unsupervised learning (clustering, quantization, dimensionality reduction, sparse coding); (3) Reinforcement learning (Markov decision process, Monte Carlo, temporal difference, value function approximation, policy gradient, actor-critic); (4) Learning theory (PAC learning, generalization bound, and bias-variance decomposition). The course will dive into mathematics derivations and programming practices to help students learn how to apply learning algorithms to real problems in big data and artificial intelligence.",https://cs.nyu.edu/~mohri/mlbook
CHINA,Tsinghua University - All (Except Eee),SC4000,MACHINE LEARNING,Core,80245013,Machine Learning,3,Approved,2025,1,"Homework 50%, Course project 50%",48,3,-,,?? ( jietang@tsinghua.edu.cn ),,The course introduces the advanced theory of machine learning and its related algorithms. The course will first review the state-of-the-art machine learning algorithms and the course?s content mainly consists of probabilistic generative learning and probabilistic discriminative learning. (1) Course Introduction; (2) Basic ML algorithms review; (3) Support Vector Machines; (4) Probabilistic topic model; (5) Markov Random Fields; (6) Non-Parametric Bayesian Learning; (7) Deep Learning; (8) Future trend.,"Text Book 1: Deep learning by Goodfellow, I., Bengio, Y., Courville, A, MIT Press Text Book 2: Pattern Recognition and Machine Learning by Christopher Bishop, Springer Text Book 3: The Elements of Statistical Learning by T. Hastie, R. Tibshirani, and J. Friedman, Springer (1) Course Introduction; (3hr) (2) Basic ML algorithms review; (6hr) & Invited talk (3hr) (3) Support Vector Machines; (6hr) (4) Probabilistic topic model; (6hr) & Invited talk (3hr) (5) Markov Random Fields; (6hr) (6) Non-Parametric Bayesian Learning; (6hr) (7) Deep Learning; (6hr) (6) Future trend. (3hr)"
CHINA,Tsinghua University - All (Except Eee),SC4000,MACHINE LEARNING,Core,80250993,Machine Learning,3,Approved,2025,1,Homework & course projects midterm test final exam,48,3,Nil,,Zhang Xuegong (???) ( zhangxg@mail.tsinghua.edu.cn ),,"This is an introductory course on Machine Learning for graduate students and senior undergraduate students of relevant backgrounds. The course will cover the basic concepts of machine learning and pattern recognition, basic mathematical development for major methods that play key roles in the discipline, and introduction to a broad range of representative machine learning methods and applications. All lectures will be given in English. Homework and exams can be in English or Chinese. 1. Introduction 2. Linear learning machines 3. Assessment of pattern recognition methods 4. Artificial neural networks 5. Support vector machines 6. Generalization and statistical learning theory 7. Nonparametric pattern recognition methods 8. Bayesian decision and probabilistic learning 9. Density estimation and mixture models 10. Clustering and unsupervised pattern recognition 11. Feature transformation and dimensionality reduction 12. Feature selection 13. Deep learning I: CNN 14. Deep learning II: RNN and LSTM 15. Deep learning III: Deep belief networks and generative models 16. Discussion: the history and the future","Xuegong Zhang, Machine Learning: A Balanced View, in press, 2020 (draft chapters will be distributed on class) R.O. Duda P.E. Hart, D.G. Stork, Pattern Classification (2nd edition), John Wiley & Sons, Inc, 2001 Christopher M. Bishop, Pattern Recognition and Machine Learning, Springer, 2006 S. Shalev-Shwartz & S. Ben-David, Understanding Machine Learning: From Theory to Algorithms, Cambridge University Press, 2014 I. Goodfellow, Y. Bengio, A. Courville, Deep Learning, MIT Press, 2017"
CHINA,Tsinghua University - All (Except Eee),SC4001,NEURAL NETWORK & DEEP LEARNING,Major-PE,40470363,DEEP LEARNING,3,Approved,2026,2,Homework and Course Project,48,3,Reference to CourseFinder,,Wu Yi ( - ),,"Deep learning is an important part of artificial intelligence. It is the one of the major driving forces for the resurgence of artificial intelligence in recent years. In this course, you will learn the basic concepts and history of deep learning as well as recent developments. The theoretical foundation and typical models will be elaborated. The cutting-edge research about deep learning will also be discussed. Specifically, we will study the typical models including the multi-layer Perceptron, convolutional neural network, self-organizing map, Elman recurrent neural network, long short-term memory network, Hopfield network, restricted Boltzmann network, deep belief network, variational auto- encoder, generative adversarial network, etc. Interesting applications of these models will be discussed. Python, a simple programming language and Pytorch, a neural network software, will be briefly introduced. In the end of the course, you are required to design a deep learning model for solving a practical problem, which can be chosen from a set of problems provided by the teacher or proposed by yourself, submit a course project report, and present the results in a poster. English is the teaching language.","Deep Learning by Ian Goodfellow and Yoshua Bengio and Aaron Courville, 2016"
CHINA,Tsinghua University - All (Except Eee),SC4001,NEURAL NETWORK & DEEP LEARNING,Major-PE,TBC,Deep Learning,3,Approved,2025,2,homework+course project,48,3,Reference to CourseFinder,,TBC ( TBC ),,"Deep learning is an important part of artificial intelligence. It is the one of the major driving forces for the resurgence of artificial intelligence in recent years. In this course, you will learn the basic concepts and history of deep learning as well as recent developments. The theoretical foundation and typical models will be elaborated. The cutting-edge research about deep learning will also be discussed. Specifically, we will study the typical models including the multi-layer Perceptron, convolutional neural network, self-organizing map, Elman recurrent neural network, long short-term memory network, Hopfield network, restricted Boltzmann network, deep belief network, variational auto- encoder, generative adversarial network, etc. Interesting applications of these models will be discussed. Python, a simple programming language and Pytorch, a neural network software, will be briefly introduced. In the end of the course, you are required to design a deep learning model for solving a practical problem, which can be chosen from a set of problems provided by the teacher or proposed by yourself, submit a course project report, and present the results in a poster. English is the teaching language.","Deep Learning by Ian Goodfellow and Yoshua Bengio and Aaron Courville, 2016"
CHINA,Tsinghua University - All (Except Eee),SC4001,NEURAL NETWORK & DEEP LEARNING,Major-PE,00240332,Introduction to Deep Learning,3,Approved,2025,1,Continuous Assessment / Coursework,36,2,More than 50% of the content is taught in English; the rest is in Chinese. Based on past year,,Hu Xiaolin ( xlhu@tsinghua.edu.cn ),,"Deep Learning is a key component of Artificial Intelligence and one of the main drivers behind its recent resurgence. This course introduces the concepts and history of deep learning, thoroughly explains its fundamental principles and typical models, and explores cutting-edge research topics. It covers models such as Multilayer Perceptrons, Convolutional Neural Networks (CNNs), Elman Recurrent Neural Networks, Long Short-Term Memory Networks (LSTMs), Deep Belief Networks, and Generative Adversarial Networks (GANs), along with their applications in computer vision, speech processing, and natural language processing. The course also includes a brief introduction to Python programming and deep learning tools like PyTorch and MindSpore. Students will choose a real-world application problem, build a model to solve it, submit a report, and present their work through a poster or slide presentation. Course topics include: (1) Introduction to deep learning concepts and history; (2) Fundamentals of mathematics, machine learning, and Python; (3) Regression and classification; (4) Multilayer perceptrons and training techniques I; (5) CNNs I; (6) CNNs II; (7) Training techniques II and PyTorch/MindSpore basics; (8) Applications in computer vision; (9) Recurrent Neural Networks; (10) Word embeddings; (11) Sentence processing; (12) Deep Belief Networks; (13) GANs; (14) Frontier topics; (15) Final project presentations.","Deep Learning Ian Goodfellow, Yoshua Bengio and Aaron Courville The MIT Press, 2018"
CHINA,Tsinghua University - All (Except Eee),SC4001,NEURAL NETWORK & DEEP LEARNING,Major-PE,30240312,Artificial Neural Networks,3,Approved,2025,1,"Lab , Projects",32,2,based on past year,,Huang ??? ( aihuang@tsinghua.edu.cn ),,"This course will provide a comprehensive foundation of neural networks, or artificial neural networks, multidisciplinary nature of the subject, such as learning mechanism, structure, as introductory material in first tow chapters. In the following four chapters, several kinds of typical neural networks are introduced, which are mainly Perceptrons (single layer and multilayer Perceptrons), Self-Organizing Maps (Kohonen network and ART). In the last part, SVM will be introduced as a new type of neural network and relationship with some interrelated areas such AI and Patter Recognition and the application of ANN are mentioned. The purpose of the course is to introduce you to some practical, useful concepts, designs, and algorithms in ANN with a minimum amount of mathematic rigor",Neural Networks and Intellect
CHINA,Tsinghua University - All (Except Eee),SC4002,NATURAL LANG PROCESSING,Major-PE,40470423,NATURAL LANG PROCESSING,3,Approved,2026,1,"Two assignments, one in-class test, and a course project in groups of three.",48,3,This will be used to fulfill a Second Major Elective Mapping follows successful approvals from previous years,,??? (He Tianxing) ( hetianxing@mail.tsinghua.edu.cn ),https://www.tsinghua.edu.cn/en/pdf/ut2023.pdf,"This course will cover recent advancements in the field of natural language processing, including neural network-related attention neural networks, pre-trained models, and agents, as well as some classic models before the rise of neural networks, such as hidden Markov models. The course focuses not only on the explanation of basic algorithms but also dedicates nearly half of the time to discussing open questions at the forefront of academic research.",-
CHINA,Tsinghua University - All (Except Eee),SC4002,NATURAL LANG PROCESSING,Major-PE,80240763,Natural Language Processing,3,Approved,2025,2,Exams and projects,64,3,-,,Liu ZhiYuan ( liuzy@tsinghua.edu.cn ),https://zhjwe.cic.tsinghua.edu.cn/js.vjsKcbBs.do?m=showToXs&p_id=2013990148;80240763,"This course provides a comprehensive overview of Natural Language Processing (NLP), large language models, and advanced AI systems. In Week 1, the course begins with a Brief Introduction to NLP, taught by Zhiyuan Liu. In Week 2, ML Basics are covered by Xu Han, and Homework 1 (HW1) is assigned. Week 3 introduces Language Model (LM) Architecture 1, taught by Zhiyuan Liu. Week 4 continues with LM Architecture 2, taught by Chaojun Xiao. In Week 5, students explore LLM Practices with Zhong Zhang, and Homework 1 is due. Week 6 focuses on Alignment 1, taught by Ning Ding. Week 7 continues with Alignment 2, taught by Ganqu Cui, and Homework 2 (HW2) is assigned. In Week 8, the topic is Retrieval-Augmented Generation (RAG), taught by Zhenghao Liu. Week 9 covers Tool Learning, taught by Yankai Lin, and the Final Project is introduced. Week 10 is a holiday. In Week 11, Multi- Agent systems are discussed by Chen Qian. Week 12 focuses on Multi- Modal models, taught by Yuan Yao, and Homework 2 is due. Week 13 covers Scaling laws and techniques, taught by Weize Chen. In Week 14, Interdisciplinary Areas for NLP are explored by Huimin Chen. Week 15 concludes the technical content with Large Model Analysis and Frontiers, taught by Zhiyuan Liu. Finally, Week 16 is dedicated to the Final Poster presentation. Overall, the course progresses from foundational machine learning and language model architectures to advanced topics such as alignment, RAG, tool learning, multi-agent systems, multimodal models, scaling, and frontier research, culminating in a final project and poster presentation.","Christopher D. Manning and Hinrich Schutze. Foundations of Statistical Natural Language Processing. Cambridge, MA: MIT Press."
CHINA,Tsinghua University - All (Except Eee),SC4002,NATURAL LANG PROCESSING,Major-PE,TBC,Natural Language Processing,3,Approved,2025,2,-,64,3,Reference to CourseFinder,,TBC ( TBC ),,"Natural language processing is the core issue of artificial intelligence. In recent years, it has been widely used in search engines, intelligent assistants, personalized news reading and other service systems. Therefore, it is of great significance to cultivate graduate students with basic knowledge and innovative abilities in this direction. This course will provide a comprehensive introduction to natural language processing, including historical evolution, main tasks and technologies.",-
CHINA,Tsinghua University - All (Except Eee),SC4002,NATURAL LANG PROCESSING,Major-PE,40470423,Natural Language Processing,3,Approved,2025,1,"Two assignments, one in-class test, and a course project in groups of three.",48,3,This will be used to fulfill a Second Major Elective Mapping follows successful approvals from previous years,,??? (He Tianxing) ( hetianxing@mail.tsinghua.edu.cn ),https://www.tsinghua.edu.cn/en/pdf/ut2023.pdf,"This course will cover recent advancements in the field of natural language processing, including neural network-related attention neural networks, pre-trained models, and agents, as well as some classic models before the rise of neural networks, such as hidden Markov models. The course focuses not only on the explanation of basic algorithms but also dedicates nearly half of the time to discussing open questions at the forefront of academic research.",-
CHINA,Tsinghua University - All (Except Eee),SC4002,NATURAL LANG PROCESSING,Major-PE,40470533,Large Language Models from Scratch: Theory and Practice,3,Approved,2025,1,"Four regular assignments, each worth 15% (mainly programming assignments); group project 40%.",48,3,Nil,,??? (Lu Kaifeng) ( klyu@mail.tsinghua.edu.cn ),,"In recent years, large language models (LLMs) have developed rapidly, demonstrating strong capabilities in fields such as natural language processing, code generation, and mathematical reasoning. This course focuses on large language models and systematically covers the complete workflow from pre-training to model alignment. Topics include model architecture design, scaling laws, training algorithms, data filtering, and other key components, with a particular emphasis on foundational theoretical issues. Through lectures and project-based practice, students will gain a deep understanding of the core technologies involved in training large models and the various factors that influence model performance. The course aims to cultivate students? comprehensive ability in both theoretical analysis and practical implementation, enabling them to independently read and understand the latest research developments and conduct systematic analysis when faced with real-world problems. This course can serve as an advanced follow-up to courses such as deep learning, natural language processing, and machine learning.",Nil
CHINA,Tsinghua University - All (Except Eee),SC4003,INTELLIGENT AGENTS,Major-PE,40470403,Intelligent Systems and Robotics,3,Approved,2026,1,Assignments: 45% Midterm exam: 25% Final project: 25% Class participation: 5%,48,3,Approved in previous years. Used to fulfil MPE requirement,,Jiang Yuchen ( jianyuchen@tsinghua.edu.cn ),,"Since humans learned to make tools, they have continuously attempted to construct increasingly powerful automated machines to help perform various tasks. This process has driven the development of a series of important disciplines (from mechanics and dynamics to computer science) and industries (from agriculture and industry to the information industry). Today, the world is experiencing a new wave of intelligent transformation and industrial revolution, with emerging disciplines (such as artificial intelligence and machine learning) and industries (such as autonomous driving and intelligent robotics) flourishing rapidly. Automated machines integrated with current intelligent technologies can be referred to as intelligent systems, and robots (including autonomous vehicles, robotic arms, legged robots, etc.) are important physical carriers of these systems. This course will systematically explain how to design the ""brain"" of intelligent systems and robots from the perspectives of artificial intelligence, machine learning, robotics, and control theory. This includes how to model the environment and systems, plan and control, and perform adaptive learning. Course topics include dynamic system modeling, optimal control, trajectory planning, reinforcement learning, estimation and perception, and more. Through this course, students will not only systematically master the major theories in the field of robotics and gain an in-depth understanding of the role and function of artificial intelligence within it, but also apply and practice theoretical knowledge through simulations or physical robot experiments. Course schedule: 1.Course introduction, 2. Rigid body motion, 3. Robot kinematics, 4. Robot planning (HW1 part 1), 5. Robot dynamics, 6. Robot control (HW1 part 2), 7. Model predictive control and optimization basics, 8. Optimal control, 9. Mid-term exam, 10. Trajectory optimization (HW2), 11. Reinforcement learning, 12. Deep reinforcement learning (HW3), 13. State estimation, 14. Advanced topics, 15. Course project presentation.",-
CHINA,Tsinghua University - All (Except Eee),SC4003,INTELLIGENT AGENTS,Major-PE,TBC,Intelligent Control,3,Approved,2025,2,1. write a paper/complete a project 2. 3 mini assessments,48,3,Reference to CourseFinder,,TBC ( TBC ),,"This course will systematically introduce fundamental theory and methods of artificial intelligence and intelligent control. It covers major aspects in such an interesting and emerging field: 1.Fuzzy Logic (I- type/II-type fuzzy set, fuzzy inference, and fuzzy control), 2.Artificial Neural Network (including: biological neuronal system, BP, Hopfield, Cognitron, CMAC, SOM, RBF, Elman, FNN, ESN, SHESN, deep learning, and NN-based control), and 3.Swarm Intelligence and Evolutionary Computing (e.g., GA, PSO, ACO, AIS, and particle filtering). In addition, deep reinforcement learning algorithm is also introduced briefly.","L. Fortuna, et al., Soft Computing: New Trends and Applications, Springer-Verlag, London, 2001."
CHINA,Tsinghua University - All (Except Eee),SC4003,INTELLIGENT AGENTS,Major-PE,40470403,Intelligent Systems and Robotics,3,Approved,2025,1,Assignments: 45% Midterm exam: 25% Final project: 25% Class participation: 5%,48,3,Approved in previous years. Used to fulfil MPE requirement,,Jiang Yuchen ( jianyuchen@tsinghua.edu.cn ),,"Since humans learned to make tools, they have continuously attempted to construct increasingly powerful automated machines to help perform various tasks. This process has driven the development of a series of important disciplines (from mechanics and dynamics to computer science) and industries (from agriculture and industry to the information industry). Today, the world is experiencing a new wave of intelligent transformation and industrial revolution, with emerging disciplines (such as artificial intelligence and machine learning) and industries (such as autonomous driving and intelligent robotics) flourishing rapidly. Automated machines integrated with current intelligent technologies can be referred to as intelligent systems, and robots (including autonomous vehicles, robotic arms, legged robots, etc.) are important physical carriers of these systems. This course will systematically explain how to design the ""brain"" of intelligent systems and robots from the perspectives of artificial intelligence, machine learning, robotics, and control theory. This includes how to model the environment and systems, plan and control, and perform adaptive learning. Course topics include dynamic system modeling, optimal control, trajectory planning, reinforcement learning, estimation and perception, and more. Through this course, students will not only systematically master the major theories in the field of robotics and gain an in-depth understanding of the role and function of artificial intelligence within it, but also apply and practice theoretical knowledge through simulations or physical robot experiments. Course schedule: 1.Course introduction, 2. Rigid body motion, 3. Robot kinematics, 4. Robot planning (HW1 part 1), 5. Robot dynamics, 6. Robot control (HW1 part 2), 7. Model predictive control and optimization basics, 8. Optimal control, 9. Mid-term exam, 10. Trajectory optimization (HW2), 11. Reinforcement learning, 12. Deep reinforcement learning (HW3), 13. State estimation, 14. Advanced topics, 15. Course project presentation.",-
CHINA,Tsinghua University - All (Except Eee),SC4020,DATA ANALYTICS & MINING,Major-PE,80240793,Big Data Intelligence,3,Approved,2026,1,3 assignments :55% Final Project + Presentation: 45%,48,3,"Previously approved. Postgraduate course, will be used to fulfill Second Major core",,??? (Zhu Wenwu) ( wwzhu@tsinghua.edu.cn ),,"The rapid increase of media data such as video, audio, and text accelerates the arrival of the big data era. Mining intelligent information from big data is one of the essential reasons for the success of data-driven machine learning methods represented by deep learning in fields such as computer vision and natural language processing. The arrival of big data has transformed our way of thinking from the past knowledge-driven mode to today's data- driven mode. The interaction, influence, and penetration among multimodal, multidimensional, and multi-source heterogeneous data endow big data with more valuable information; the rapid development of artificial intelligence has brought many challenges to current big data intelligent analysis, prompting us to shift towards a dual-driven way of thinking combining data-driven and knowledge- driven approaches. Big data intelligence is the foundation of today?s big data and artificial intelligence. Discovering reliable knowledge from uncertain and complex data to guide our intelligent decision- making has now become an essential capability for scientific research and managers. Therefore, it is very important for graduate students to master these concepts, knowledge, and abilities. This course strives to enable students to understand and master the related theories and methods of data science and artificial intelligence, specifically aiming to improve students' knowledge and abilities in the following three aspects: ?1?Master the theories and methods of data science ?2? Master the relevant theories and methods of artificial intelligence ?3? Be able to combine data science and artificial intelligence related theories and apply known (or improved) algorithms for efficient big data processing and analysis. The knowledge scope of this course covers basic methods of data analysis and processing in data science, statistical machine learning theories such as regression analysis and probability theory, as well as artificial intelligence theories and methods including predicate logic, deep learning, reinforcement learning, meta-learning, and automated machine learning. This course will achieve its teaching goals through classroom lectures and other assessment methods.","(Not Stated, From Previous Year Info) Topics include but not limited to: 1. Data Cleaning 2. Data Sampling 3. Data Representation and Modelling 4. Probabilistic Theories 5. Deep Neural Networks 6. Logic and Predicate 7. Frequent Itemsets and Association Rules 8. Near Neighbour Search in High Dimensional Data 9. Locality Sensitive Hashing (LSH) 10. Dimensionality Reduction 11. Regression 12. Clustering 13. Link Analysis 14. Large- Scale Supervised Machine Learning 15. Data Streams 16. Mining the Web for Structured Data 17. Recommendation Systems 18. MapReduce and Spark as Tools 19. Multi-modal/Cross-modal Analysis 20. Data-driven and Knowledge- driven Analysis 21. Big Data and AI Applications 22. Common Sense Knowledge 23. Logic and Reasoning 24. Knowledge Graph and Knowledge Representation 25. Meta- learning 26. Automated Machine Learning"
CHINA,Tsinghua University - All (Except Eee),SC4020,DATA ANALYTICS & MINING,BDE,40240492,Data Mining,3,Approved,2025,2,Exams and projects,32,2,25 Feb to 29 June,,??? ( lijuanzi@tsinghua.edu.cn ),https://webvpn.tsinghua.edu.cn/http/77726476706e69737468656265737421eaff4b8b227e6b597d469dbf915b243d1569e38ddd4b59c06f/js.vjsKcbBs.do?m=showToXs&p_id=2001990257;40240492,"Data mining automatically and intelligently extracts the knowledge and information hidden in massive amounts of data. It is an inevitable outcome of big data processing and has become an indispensable technique for data processing and solving real-world problems. The development of artificial intelligence, especially large-model technologies, has further advanced data mining techniques. The learning objectives of this course are: Systematically study the fundamental theories and the latest algorithms of data mining, and gain an in-depth understanding of the technical architecture of the multi-stage data mining process; Learn the skills to apply data mining techniques to solve real-world problems; Build a systematic knowledge structure in data mining to lay a foundation for future research and development in big data, artificial intelligence, and related fields. During the course, students will not only learn the latest data mining techniques based on large models but will also further understand how data mining techniques are applied within large models.","Course content: (1) Overview of data mining techniques; (2) Data representation and modeling: learning how to represent real- world data as data structures for computer processing, and studying data modeling and representation learning methods; (3) Data preprocessing techniques: learning methods to evaluate and obtain high-quality data, text preprocessing techniques for large language model training, and data synthesis methods; (4) Association rule mining and recommender systems: introduction to classic association rule mining algorithms and their application techniques in recommender systems; (5) Classification and prediction: study of classic statistical and deep learning classification and ensemble learning algorithms, and generative classification methods based on large models; (6) Clustering: study of deep clustering and density-based clustering algorithms for different types of data; (7) Graph data mining: learning the concepts and tasks of graph mining and large-scale graph representation learning methods; (8) Trends in data mining: developments and challenges in data mining techniques in the era of large AI models."
CHINA,Tsinghua University - All (Except Eee),SC4020,DATA ANALYTICS & MINING,Core,80240793,Big Data Intelligence,3,Approved,2025,1,3 assignments :55% Final Project + Presentation: 45%,48,3,"Previously approved. Postgraduate course, will be used to fulfill Second Major core",,??? (Zhu Wenwu) ( wwzhu@tsinghua.edu.cn ),,"The rapid increase of media data such as video, audio, and text accelerates the arrival of the big data era. Mining intelligent information from big data is one of the essential reasons for the success of data-driven machine learning methods represented by deep learning in fields such as computer vision and natural language processing. The arrival of big data has transformed our way of thinking from the past knowledge-driven mode to today's data- driven mode. The interaction, influence, and penetration among multimodal, multidimensional, and multi-source heterogeneous data endow big data with more valuable information; the rapid development of artificial intelligence has brought many challenges to current big data intelligent analysis, prompting us to shift towards a dual-driven way of thinking combining data-driven and knowledge- driven approaches. Big data intelligence is the foundation of today?s big data and artificial intelligence. Discovering reliable knowledge from uncertain and complex data to guide our intelligent decision- making has now become an essential capability for scientific research and managers. Therefore, it is very important for graduate students to master these concepts, knowledge, and abilities. This course strives to enable students to understand and master the related theories and methods of data science and artificial intelligence, specifically aiming to improve students' knowledge and abilities in the following three aspects: ?1?Master the theories and methods of data science ?2? Master the relevant theories and methods of artificial intelligence ?3? Be able to combine data science and artificial intelligence related theories and apply known (or improved) algorithms for efficient big data processing and analysis. The knowledge scope of this course covers basic methods of data analysis and processing in data science, statistical machine learning theories such as regression analysis and probability theory, as well as artificial intelligence theories and methods including predicate logic, deep learning, reinforcement learning, meta-learning, and automated machine learning. This course will achieve its teaching goals through classroom lectures and other assessment methods.","(Not Stated, From Previous Year Info) Topics include but not limited to: 1. Data Cleaning 2. Data Sampling 3. Data Representation and Modelling 4. Probabilistic Theories 5. Deep Neural Networks 6. Logic and Predicate 7. Frequent Itemsets and Association Rules 8. Near Neighbour Search in High Dimensional Data 9. Locality Sensitive Hashing (LSH) 10. Dimensionality Reduction 11. Regression 12. Clustering 13. Link Analysis 14. Large- Scale Supervised Machine Learning 15. Data Streams 16. Mining the Web for Structured Data 17. Recommendation Systems 18. MapReduce and Spark as Tools 19. Multi-modal/Cross-modal Analysis 20. Data-driven and Knowledge- driven Analysis 21. Big Data and AI Applications 22. Common Sense Knowledge 23. Logic and Reasoning 24. Knowledge Graph and Knowledge Representation 25. Meta- learning 26. Automated Machine Learning"
CHINA,Tsinghua University - All (Except Eee),SC4021,INFORMATION RETRIEVAL,BDE,80240573,Web Information Retrieval,3,Approved,2025,2,"Quizzes, assignments, and final exam",48,3,Approved by CourseFinder before.,,?? ( z-m@mail.tsinghua.edu.cn ),https://webvpn.tsinghua.edu.cn/http/77726476706e69737468656265737421eaff4b8b227e6b597d469dbf915b243d1569e38ddd4b59c06f/js.vjsKcbBs.do?m=showToXs&p_id=2021690017;40240513,"This course introduces the kernel and state-of-the-art technologies in Web information retrieval (Web IR, including search and personalized recommendation) research and practice, as well as open problems and challenges. Fresh Web applications and future IR design will be discussed in the course coffee time and seminar. Active thinking and discussion are highly encouraged in this course. Final scores are given by results of homework assignments + final project design & implementation and talk in the course workshop + course coffee time presentation (bonus).","May have some changes according to the students understanding and background. I. Web Search (1) IR and SE system architecture (2) Crawler, Indexing (3) Ranking models and dense retrieval (4) Link analysis (5) User behavior analysis (6) Evaluation and challenges II. Personalized recommendation (7) Tasks, information and evaluation (8) Content-based model (9) Collaborative filtering (10) Neural recommendation models (11) Challenges in recommender systems III. Other advanced topics, e.g. (12) Social computing (13) Visual IR (14) LLM and IR Textbook: Proceedings of top conferences such as SIGIR, WWW, WSDM, CIKM, RecSys, CHIIR; and ACM TOIS journal papers."
CHINA,Tsinghua University - All (Except Eee),SC4021,INFORMATION RETRIEVAL,Major-PE,TBC,Web Information Retrieval,3,Approved,2025,2,TBC,48,3,Reference to CourseFinder,,TBC ( TBC ),,"This course introduces the kernel and state-of-the-art technologies in Web information retrieval (Web IR, including search and personalized recommendation) research and practice, as well as open problems and challenges. Fresh Web applications and future IR design will be discussed in the course coffee time and seminar. Active thinking and discussion are highly encouraged in this course. Final scores are given by results of homework assignments + final project design & implementation and talk in the course workshop + course coffee time presentation (bonus). May have some changes according to the students understanding and background. I. Web Search (1) IR and SE system architecture (2) Crawler, Indexing (3) Ranking models and dense retrieval (4) Link analysis (5) User behavior analysis (6) Evaluation and challenges II. Personalized recommendation (7) Tasks, information and evaluation (8) Content-based model (9) Collaborative filtering (10) Neural recommendation models (11) Challenges in recommender systems III. Other advanced topics, e.g. (12) Social computing (13) Visual IR (14) LLM and IR","Proceedings of top conferences such as SIGIR, WWW, WSDM, CIKM, RecSys, CHIIR; and ACM TOIS journal papers."
CHINA,Tsinghua University - All (Except Eee),SC4023,BIG DATA MANAGEMENT,BDE,80240673,Big Data Analytics with In-Memory Computing,3,Approved,2025,2,Two major assignments and one classroom presentation,64,3,this course will be used to fulfil Second Major requirement (2M-C),,"???, ??? ( liguoliang@tsinghua.edu.cn, fengjh@mail.tsinghua.edu.cn )",,"The course mainly covers existing big data analysis algorithms, tools and systems, providing practical opportunities for students. The specific contents include: 1. Distributed file systems: GFS, HDFS; 2. Distributed processing systems: Hadoop, Hive, MapReduce; 3. Memory computing systems: Spark, Shark, SAP HANA; 4. Stream data management systems: Storm, S4; 5. New database systems: NoSQL, CAP theory, graph systems; 6. Data management on new media: SSD, PCM; 7. Distributed data mining; 8. Some experiences on conducting research.",NA
CHINA,Tsinghua University - All (Except Eee),SC4024,DATA VISUALISATION,BDE,80240683,Data visualization,3,Approved,2025,2,examine,48,3,this course will be used to fulfil Second Major requirement(2M-C),,Zhang SongHai ( shz@tsinghua.edu.cn ),,"This course introduces the definition, methods, benefits and practical tools of data visualization. The main contents include: the concept and application of data visualization; basic theories of visualization such as perception and cognition, color models; spatio-temporal data visualization; non-structured and non-geometric abstract data visualization; as well as the design principles, interaction and evaluation of visualization. This course not only teaches students the basic concepts and classic methods of data visualization, but also focuses on the introduction of the latest achievements and the cultivation of students' practical ability.",???????????????????????
CHINA,Tsinghua University - All (Except Eee),SC4024,DATA VISUALISATION,Major-PE,TBC,Data visualization,3,Approved,2025,2,exam,48,3,Reference to CourseFinder,,TBC ( TBC ),,"?Data visualization? mainly introduces concepts, methods and tools for visualization of Big data, including: perception and cognition, color model for visualization, and visualization of time-space data, non- structure and non-geometry data. Design principle, interaction and evaluation for visualization systems will also be discussed.","""Data Visualization"", authored by Chen Wei, Shen Zeqian, and others, and published by Electronic Industry Press"
CHINA,Tsinghua University - All (Except Eee),SC4040,ADVANCED TOPICS IN  ALGORITHMS,Major-PE,80240703,Advanced Algorithms,3,Approved,2025,2,"Classroom written test, classroom interview",48,3,Course taken during student exchange at Tsinghua University.,,CHEN TING ( tingchen@tsinghua.edu.cn ),,"Algorithm design and analysis are fundamental parts of computer science. This course introduces advanced techniques for algorithm design and analysis, with an emphasis on big data applications. The topics cover string algorithms, hash functions, locality-sensitive hashing, approximation algorithms, randomized algorithms, parallel algorithms, and AI-based algorithms. Students will gain a deeper understanding of the design, analysis, and implementation of efficient algorithms for a wide range of applications. Prerequisite: One undergraduate or graduate course in algorithms. Lecture Outlines 1. Dynamic Programming and String Alignments I 2. Dynamic Programming and String Alignments II 3. Hashing and Universal Hash Family 4. Open Addressing, Bloom Filter, MinHash 5. Advanced Algorithm Design 6. Locality Sensitive Hashing I 7. Locality Sensitive Hashing II 8. Approximation Algorithms I 9. Approximation Algorithms II 10. Randomized algorithms 11. Advanced Algorithm Design 12. AI in Algorithms 13. Parallel Algorithms 14. Theory of Computation 15. Streaming Algorithms & Massive Data",NA
CHINA,Tsinghua University - All (Except Eee),SC4050,PARALLEL COMPUTING,Major-PE,00740182,Fundamental of Parallel Computing,3,Approved,2025,2,Exams and projects,56,2,25 Feb to 29 Jun,,?? ( xuewei@mail.tsinghua.edu.cn ),https://webvpn.tsinghua.edu.cn/http/77726476706e69737468656265737421eaff4b8b227e6b597d469dbf915b243d1569e38ddd4b59c06f/js.vjsKcbBs.do?m=showToXs&p_id=2003990143;00740182,"This course is an undergraduate elective designed for students who are interested in learning how to improve program performance on modern computing systems. From smartphones to modern CPUs and GPUs, and even the world?s largest supercomputers, parallel computing is everywhere. To fully leverage these computing engines, one needs to understand and master parallel programming methods and techniques, as well as the key performance characteristics of computing hardware. The goal of this course is to develop a deep understanding of the fundamental principles and engineering trade-offs involved in designing programs for modern parallel computing systems. The course focuses on parallel programming techniques, performance analysis methods and tools that are essential for effectively utilizing modern computing systems, while also covering hardware design and how it influences the design of software and algorithms.","The course content is organized in a logical progression?from fundamental architectures, to parallel programming, to performance analysis and optimization. Case studies and tool demonstrations are incorporated to help students build intuitive understanding and learn in a structured, step-by-step manner. Main learning activities: 32 hours of lectures, supplemented by after-class review, selected extended readings, hands-on experiments, and the completion of assignments and a course project. Class discussions: At least one in-class discussion session will be organized, where students share their course project topics and progress. Ongoing Q&A support will also be provided throughout the course. Course topics include: An overview of parallel computing, serial program optimization, parallel programming models and principles, multithreaded programming and optimization, multiprocess programming and optimization, GPU programming and optimization, as well as performance analysis and modeling of parallel programs."
CHINA,Tsinghua University - All (Except Eee),SC4050,PARALLEL COMPUTING,Major-PE,70240263,Parallel Computing,3,Approved,2025,1,??+????+??????????? Attendance + computer experiment + research report (or closed-book exam),48,3,-,,??????????? ( - ),https://webvpn.tsinghua.edu.cn/http/77726476706e69737468656265737421eaff4b8b227e6b597d469dbf915b243d1569e38ddd4b59c06f/js.vjsKcbBs.do?m=showToXs&p_id=1999990007;70240263,"??????????????????????????????? ??????????????????????????????? ??????????21???????????????????? ??????????????????????????????? ??????????????????????????????? ??????????????????????????????? ??????????????????????????????? ???????????????????????????? ??? ??????????????????????????????? ??????????????????????????????? ??????????????????? Computational science and engineering have become fundamental scientific research tools alongside experimental observation and theoretical analysis. They are crucial drivers of engineering innovation and are crucial for advancing scientific research. Computational science and engineering is the most prevalent multidisciplinary approach of the 21st century, supporting both quantitative and precise descriptions. Parallel computing is an essential tool in both fields. This course covers the structural model of parallel computers, parallel algorithms, and the design principles and methods of parallel programs. From a computational perspective, it briefly introduces the architecture of contemporary mainstream computers and methods for evaluating the performance of parallel computing. It also introduces several commonly used parallel computing models, discusses the design methods, techniques, and processes of parallel algorithms, and discusses several numerical and non-numerical parallel algorithms. This course is intended for students from the Department of Computer Science and other departments of science and engineering with a strong computing focus. This course will help them gain a preliminary understanding of the fundamental principles of parallel computing and enable them to solve important problems in their disciplines using parallel computers.","??? ???? ????2004 ????????, ???????? 2006 ??????????????????????????? 2000 Ananth Grama et al Introduction to Parallel Computing Second Edition Pearson Edition Limited 2003. ????????????"
CHINA,Tsinghua University - All (Except Eee),SC4050,PARALLEL COMPUTING,Major-PE,80240693,Introduction to Big Data Systems,3,Approved,2025,1,"Assignments, labs, exams",48,3,"Map to ""F: Parallel Distributed Systems""",,Chen Wenguang ( cwg@tsinghua.edu.cn ),,"This course uses commonly used big data algorithms as examples to introduce how to utilize various existing big data systems for processing big data. It covers systems such as big data storage systems, big data computing frameworks, in-memory computing frameworks, stream processing, graph computing systems, and big data visualization systems. Through a series of experiments, students will gain the ability to use these big data systems to conduct big data analysis in real-world applications.","Parallelism, load balance, fault tolerance (Wk1), traditional parallel programming paradigms: Threads, MPI, OpenMP (Wk2), HDFS for big data storage (Wk3), Hadoop MapReduce for big data processing (Wk4), in-memory computing with Spark (Wk5?6), stream computing and message queues (Wk7?8), graph-based frameworks (Wk9?10), distributed machine learning (Wk11), graph neural networks (Wk12), federated machine learning and MPCs (Wk13), blockchain (Wk14), final project to design a big data system module or extend an existing one (e.g., support SparkSQL on given system or propose your own)."
CHINA,Tsinghua University - All (Except Eee),SC4051,DISTRIBUTED SYSTEMS,Major-PE,40470434,Operating Systems and Distributed Systems,3,Approved,2026,1,not specified,64,4,Taken to fulfil MPE requirement,,?? (Xu Wei) ( weixu@tsinghua.edu.cn ),https://www.tsinghua.edu.cn/en/pdf/ut2023.pdf,"The purpose of this course is to teach the principles and design of modern operating systems and distributed systems, as well as system programming. Topics include concepts of operating systems, networking and distributed systems, including multiple-programming systems (processes, inter-process communication, and synchronization), memory management (segmentation, paging), resource allocation and scheduling, file systems, networking (packet switching, flow control, reliability), transaction and recovery, distributed systems protocols (timing, mutual exclusion, consensus), remote procedure calls, distributed storage, distributed computing systems, distributed system security, and blockchain. Students are expected to complete a set of major design and implementation projects.",not specified
CHINA,Tsinghua University - All (Except Eee),SC4051,DISTRIBUTED SYSTEMS,Major-PE,80240613,Introduction to Distributed Systems,3,Approved,2025,2,"labs, assignments, and final exam",60,3,25 Feb to 29 Jun,,Kang Chen ( chenkang@tsinghua.edu.cn ),https://webvpn.tsinghua.edu.cn/http/77726476706e69737468656265737421eaff4b8b227e6b597d469dbf915b243d1569e38ddd4b59c06f/js.vjsKcbBs.do?m=showToXs&p_id=2022690013;80240613,"This course will introduce the principles of distributd systems as well as some of the current influential distributed systms such as Google File System, MapReduce, Bigtable, Amazon Dynamo etc. The course will emphasize on the internal structure of the corresponding systems and the general principles for designing distributed systems. Here are some of the topices that will be covered in this course: the programming model of distributed systems, distributed locking, data replications, distribted consensus and some issues related to security in real systems.","Lecture 1: Introduction. Distributed File System. (Google File System). Lecture 2: Time in distributed systems, Distributed Computing, MapReduce. Lecture 3: Distributed Storage(Distributed Key-Value Store). Lecture 4: Reliability: Replicated State Machine, Raft, or Paxos. Lecture 5: Distributed SQL. Lecture 6: Replicated Computing. virtual machine replication based fault tolerant Lecture 7: Global Snapshot. Lecture 8: Recoverable Computing: logs, 2PC. Lecture 9: Concurrent Control, 2Phase Locking. Lecture 10: OCC. Lecture 11: Distributed Shared Memory, Sequential Consistency. Lecture 12: Relaxed Consistency Models, Release Consistency. Lecture 13: Eventual Consistency. Lecture 14: Cryptography in distributed system. (TOR, Bitcoin, Blockchain)"
CHINA,Tsinghua University - All (Except Eee),SC4061,COMPUTER VISION,Major-PE,40470353,Computer Vision,3,Approved,2025,2,"Homework, Assignment, Final Exam",48,3,MPE-2,,?? ( gaoyangiiis@tsinghua.edu.cn ),http://zhjwe.cic.tsinghua.edu.cn/js.vjsKcbBs.do?m=showToXs&p_id=2020990104;40470353,"This course introduce both of the basics and advances of computer vision. The content ranges from computer vision basics, such as image formation, image processing, to recent development of feature extraction, 3D vision, as well as recent breakthroughs such as deep learning, image recognition and object detection. We emphasize on the foundation of computer vision, but we also teach the most recent technology advancement. Introduction Image Fundamentals and Filters Edges Keypoint Detection Keypoint Matching Camera Models Stereo Vision Image Classification Convolutional Neural Networks Object Detection Object Segmentation Optical Flow Action Recognition Self-Supervised Learning Summary",Rick Szeliski; Computer Vision: Algorithms and Applications
CHINA,Tsinghua University - All (Except Eee),SC4061,COMPUTER VISION,Major-PE,80251062,Computer Vision,3,Approved,2025,2,Total Grade = Assignment Grade * 70% + Presentation Grade * 30%,32,2,-,,Lu JiWen ( lujiwen@tsinghua.edu.cn ),,"This course mainly introduces the fundamental concepts and methodological framework of computer vision. It provides a comprehensive treatment of image representation learning from multiple perspectives, including image representation and modeling, non- parametric image understanding, and deep learning based methods. From a deep learning perspective, the course covers major computer vision research areas such as 2D vision, 3D vision, and video understanding. The course systematically presents image understanding tasks at different levels: Low-level vision (e.g., super- resolution, denoising), Mid- level vision (e.g., semantic segmentation, depth estimation), High-level vision (e.g., image classification, object detection, metric learning), along with classic theoretical methods for these tasks. In addition, the course introduces recent advances in computer vision, including diffusion models, model compression and acceleration, large-scale computer vision foundation models, and large-scale vision language models. Through this course, students will gain a deep understanding of the principles and applications of computer vision, master relevant knowledge and skills, and be able to conduct related research and practical applications.","Lu Jiwen, Duan Yueqi, Tang Yansong, and Chen Lei. Computer Vision. Beijing: Tsinghua University Press, 2025."
CHINA,Tsinghua University - All (Except Eee),SC4061,COMPUTER VISION,Major-PE,80940032,Intelligent imaging,3,Approved,2025,2,examination,32,2,Course taken during student exchange at Tsinghua University.,,Li XinYang ( xinyangli@tsinghua.edu.cn ),,"This course focuses on the intersection of artificial intelligence and scientific observations (macro imaging, micro imaging, astronomical observations), systematically teaching the basic theories, key technologies, and international cutting-edge advancements in intelligent imaging. The course content covers the basic principles and historical evolution of imaging techniques, image sensor technology, methods for image and video understanding, and the application of artificial intelligence in scientific observations. The course aims to help students establish a complete knowledge system from image acquisition to intelligent processing and scientific discovery, with a focus on explaining the mechanisms of the deep integration of machine learning, computer vision, image processing, and AI with new imaging instruments. Through analyzing typical research papers and real application cases (such as medical imaging, micro imaging, astronomical observations, etc.), the course explains the key roles of AI in various imaging scenarios in an easy-to-understand manner. At the same time, the course introduces international cutting-edge achievements and the latest technological trends, including high-sensitivity and high-resolution imaging, AI large models, intelligent imaging systems, and robotics technology, and discusses fundamental issues and physical limits in the field, encouraging students to conduct independent research and innovative exploration in cross-disciplinary areas in the future.",NA
CHINA,Tsinghua University - All (Except Eee),SC4061,COMPUTER VISION,Major-PE,70240083,Computer Vision,3,Approved,2025,1,"4 assignments, Course project and half open-book in-class quiz",48,3,Approved in previous years,,Xing Junliang ( jlxing@tsinghua.edu.cn ),https://www.mubu.com/doc/6cxbV47Exq-,"This course is essential for graduate students majoring in computer application and artificial intelligence, mainly introducing the basic knowledge of computer vision. It combines the latest research achievements and development trends in machine vision to teach the core content of computer vision, including an introduction to computer vision, basic knowledge it relies on, the image formation process, low-level, mid-level, and high- level vision, as well as the integration of computer vision and other disciplines. The content of this course will help students master the core research content, typical algorithm technology, and research ideas and methods of computer vision, laying a solid foundation for research and cross-innovation in related fields. Enter the link for more details: https://www.mubu.com/doc/6cxbV47Exq- Password: 4g99","Richard Szelisk, Computer Vision: Algorithms and Applications, 2nd ed., Springer, 2022."
CHINA,Tsinghua University - All (Except Eee),SC4061,COMPUTER VISION,Major-PE,80231303,Machine Vision,3,Approved,2025,1,"midterm exam, three projects",48,3,-,,?? (Fang Lu) ( fanglu@tsinghua.edu.cn ),,"Machine vision is a cutting-edge interdisciplinary field within artificial intelligence. It aims to explore the use of machines to replace human vision for tasks such as measurement and judgment, thereby supporting intelligent decision-making in unmanned systems. Its key characteristics are high throughput, high efficiency, and high robustness. Machine vision technology spans multiple disciplines, including artificial intelligence, computer science, optics, neurobiology, and robotics. The course content covers the fundamental theories, models, and algorithms of machine vision, as well as the latest research developments and their applications. More specifically, topics include: the background of machine vision, imaging principles, camera models, calibration methods, monocular measurement, optical flow estimation, depth computation, stereo vision, online understanding, model compression, visual mapping, multi-sensor fusion, embodied intelligence, and intelligent unmanned systems.",-
CHINA,Tsinghua University - All (Except Eee),SC4063,NETWORK SECURITY,Major-PE,80240352,Computer network security technologies,3,Approved,2025,2,Exams and projects,32,2,25 Feb to 29 Jun,,??? ( lbj@tsinghua.edu.cn ),https://webvpn.tsinghua.edu.cn/http/77726476706e69737468656265737421eaff4b8b227e6b597d469dbf915b243d1569e38ddd4b59c06f/js.vjsKcbBs.do?m=showToXs&p_id=2022990173;80240352,"The course content is updated annually to reflect advances in research and technological developments. The main topics include: Computer network security, hacker culture, and ethics Network scanning and information gathering Domain Name System (DNS) security Public Key Infrastructure (PKI) security on the Internet Research methodologies in computer network security Network time service security Network censorship mechanisms and VPNs Course project proposal presentations (group reports) Abuse of network infrastructure and security detection Guest expert talks Student group project presentations in class",'Internet Architecture and Its Security Foundations' 'Network Protocol Design'
CHINA,Tsinghua University - All (Except Eee),SP5990,USP ELECTIVE IN STS,USP(STS),40512643,AI for Strategic Decision Making and Innovation,3,Approved,2025,2,"Class participation, individual assignments, Group final project",48,3,NIL,,Wang Rui ( wangrui@sem.tsinghua.edu.cn ),,"This course explores how artificial intelligence (AI) reshapes strategic decision- making at the individual and organizational levels, particularly in the context of innovation. Students will learn foundational frameworks of strategic decision-making and examine how AI can enhance or undermine strategic reasoning across different levels and roles. The first half of the course focuses on individual and managerial decisions, analyzing both the bright and dark sides of AI in shaping how we generate, evaluate, and execute strategic choices. The second half extends these insights to strategic innovation at the organizational level, exploring how AI enables new forms of discovery, experimentation, and value creation while introducing novel dilemmas and managerial challenges.","Iansiti, M., & Lakhani, K. R. (2020). Competing in the age of AI: Strategy and leadership when algorithms and networks run the world. Harvard Business Press. Agrawal, A., Gans, J. and Goldfarb, A., 2018. Prediction Machines: The simple economics of artificial intelligence. Harvard Business Press. McAfee, A., & Brynjolfsson, E. (2017). Machine, platform, crowd: Harnessing our digital future. WW Norton & Company. Govindarajan, V., & Trimble, C. (2005). Ten rules for strategic innovators: From idea to execution. Harvard Business Press. Sterman, J. (2002). System Dynamics: systems thinking and modeling for a complex world."
CHINA,Tsinghua University - All (Except Eee),SP5992,USP ELECTIVE IN AHC,USP(AHC),40661493,Legal Reasoning,3,Approved,2025,1,NA,48,3,NA,,ROSOFF WILLIAM LEV ( NA ),https://webvpn.tsinghua.edu.cn/http/77726476706e69737468656265737421eaff4b8b227e6b597d469dbf915b243d1569e38ddd4b59c06f/js.vjsKcbBs.do?m=showToXs&p_id=2018611136;40661493,"The objective of the Legal Reasoning course is to teach students how to think like lawyers. This course will use methods of legal reasoning and critical analysis from the common law system to develop students? ability to identify, predict, and apply legal rules and legal principles. Based on the United States judicial system, the course will introduce the sources of law in the United States, including case law. A distinctive feature of the course is that it combines analytical techniques for statutes and cases with factors relating to the development of law, such as social, economic, historical, and jurisprudential considerations. Students will learn how to identify legal issues from cases, how to analyze legal issues, how to determine the relevant legal rules, and how to apply them to specific facts to reach reasonable conclusions. The course will be taught in English. [Original: ?????????????????????????? ?????????????????????????????? ????????????????????????????? ?????????????????????????????? ?????????????????????????????? ?????????????????????????????? ?????????????????????????????? ????????????????]",NA
CHINA,Tsinghua University - All (Except Eee),AB0602,COMM MANAGEMT STRATEGIES,Core,30510992,Strategic Management,4,Rejected,2025,2,NA,32,2,NA,The course content and coverage are different from AB0602.,GUO Yidi ( guoyd3@sem.tsinghua.edu.cn ),https://masonabroad.gmu.edu/_customtags/ct_FileRetrieve.cfm?File_ID=01067577744F07060C06717305061C70097A7714737D73046E07030406777402750005737004060001,"This course introduces the concepts and tools of strategy formulation. You will learn about why some firms survive and prosper while others do not, and develop critical analysis and communication skills to create and implement firm strategy. The course focuses on the analyses, organizational processes, skills and business judgment managers must use to craft strategies, position their businesses so as to maximize long-term profits upon uncertainty and competition. Strategic Management is an integrative and interdisciplinary course, which takes a general management perspective. It views the firm as a whole, and examines how policies in each functional area (such as accounting, economics, finance, marketing, and organizational behavior) are integrated into an overall competitive strategy. It is intended that you develop a ?general management point of view? in this course. This point of view is the best vantage point for making decisions that lead to sustainable business performance. The key strategic business decisions of concern involve determining organizational purpose to evolving opportunities, creating competitive advantages, choosing competitive strategies, securing and defending sustainable market positions, and allocating critical resources over long periods. Decisions such as these can only be made effectively by viewing a firm holistically, and over the long term.",NA
CHINA,Tsinghua University - All (Except Eee),AB0602,COMM MANAGEMT STRATEGIES,GER-Core,10510302,Introduction to Communication,4,Rejected,2025,2,"Indiv Presentation+report 25%, Quiz 20%, MOOC Assignment 20%, Team Presentation 20%, Class part 15%",32,2,NA,"This is a general communication course focused on workplace communication unlike AB0602. While there are few similarities, it does not meet the min req for course match.",Hao Jie ( haojie@sem.tsinghua.edu.cn ),,"Fundamentals of Communication is a general education course offered by Tsinghua University's School of Economics and Management for undergraduate students, focusing on core interpersonal communication skills essential in the business workplace. Grounded in theory yet practice-oriented, the course employs diverse teaching methods to cultivate students' critical thinking, expressive abilities, and awareness of mutually beneficial communication. The full programme covers: Communication Awareness and Core Elements; Communication Paradigms and Categories; Interpersonal Communication ? Situations and Techniques. This course aims to enhance students' awareness and skills in effective communication, focusing on the most common scenarios encountered throughout their careers. Content includes fundamental communication strategies and methods, presentation skills, negotiation skills, active listening, small group collaboration, and cross- cultural communication. The teaching process requires high levels of student interaction and participation, employing diverse methods such as case discussions, simulations etc. Upon completion of this course, students are expected to: 1. Master the depth and breadth of the discipline: Gain a systematic understanding of the field of communication, its scope and implications. 2. Understand communication categories and paradigms: Comprehend the logical and emotional foundations of communication methods, alongside contemporary communication barriers. 3. Enhance interpersonal communication abilities: Learn to communicate effectively and strategically with diverse audiences and needs through topics such as negotiating, listening, public speaking, and teamwork.","Hao, J. (2025). Managerial Communication, Beijing: Higher Education Press Hao, J. (2020). Introduction to Communication, Beijing: Higher Education Press."
CHINA,Tsinghua University - All (Except Eee),AD2102,MANAGERIAL ACCOUNTING,Core,40510343,Managerial Accounting,3,Rejected,2025,2,NA,48,3,Attached is the course list for spring 2025,"Please provide a detailed course outline, including the weekly schedule and the corresponding textbook chapters covered, to facilitate a more informed and accurate assessment.",ZHANG Haiyan / ?? ( NA ),https://masonabroad.gmu.edu/_customtags/ct_FileRetrieve.cfm?File_ID=01067577744F07060C06717305061C70097A7714737D73046E07030406777402750005737004060001,"This is the first course of the management accounting sequence. It introduces concepts, methods, and analytical techniques related to managerial accounting. Topics include fundamental cost concepts, Cost Volume Profit (CVP) analysis, activity-based costing (ABC), job-costing and process-costing systems, marketing and production decisions, budgets, management control system, and related decision-makings. The objective of this course is to enable you to solve real world managerial problems by applying managerial accounting concepts and techniques.",NA
CHINA,Tsinghua University - All (Except Eee),BE2602,"MGT PRINCIPLES, SKILLS & COMPE",Core,30510992,Corporate Strategy Management,3,Rejected,2025,2,NA,32,2,NA,There is less than 60% of course match.,??? ( NA ),https://www.tsinghua.edu.cn/en/pdf/ut2023.pdf,"This course introduces the concepts and tools of strategy formulation and competitive analysis. You will learn about why some firms survive and prosper while others do not, and develop critical analysis and communication skills to create and implement firm strategy. The course focuses on the analyses, organizational processes, skills and business judgment managers must use to craft strategies, position their businesses so as to maximize long-termprofits upon uncertainty and competition. Strategic Management is an integrative and interdisciplinary course, which takes a general management perspective. It views the firm as a whole, and examines how policies in each functional area (such as accounting, economics, finance, marketing, and organizational behavior) are integrated into an overall competitive strategy. It is intended that you develop a ?general management point of view? in this course. This point of view is the best vantage point for making decisions that lead to sustainable business performance. The key strategic business decisions of concern involve determining organizational purpose to evolving opportunities, creating competitive advantages, choosing competitive strategies, securing and defending sustainable market positions, and allocating critical resources over long periods. Decisions such as these can only be made effectively by viewing a firmholistically, and over the long term.",NA
CHINA,Tsinghua University - All (Except Eee),BF2229,GLOBAL FINANCIAL MKTS & INST,Major-PE,30510962,Financial Institution,3,Rejected,2025,1,N/A,32,2,Sem 1,Not much match,Peng Jiaren ( pangjr@sem.tsinghua.edu.cn ),https://www.tsinghua.edu.cn/en/pdf/ut2023.pdf,"A well-functioning financial system is crucial to economic growth and development as it promotes efficient capital allocation, provides risk sharing, and reduces transaction costs.This course will discuss the economic foundations of financial markets and management of financial institutions. It will also introduce the development of China?s financial system and compare it with its",N/A
CHINA,Tsinghua University - All (Except Eee),BF3212,"TRADE, STRU & SUPPLY CHAIN FIN",BDE,40510763,International Economics,2,Rejected,2025,2,NA,48,3,AY 25/26 sem2,link not accessible,MA Hong ?? ( mahong@sem.tsinghua.edu.cn ),,"This course aims to provide students with a survey of fundamentals in international economics, in both theory and empirics. The course consists of two parts: international trade and international finance, with an emphasis on the former. The first part includes topics on why countries trade, what they trade, the benefits and costs of trade, and themotivations for and the effects of government trade policies. The second part contains topics on how exchange rates are determined and the effects of global imbalance.",NA
CHINA,Tsinghua University - All (Except Eee),BF3213,ENTERPRISE RISK MGT IN COM MKT,BDE,40511012,Business Case Analysis,2,Rejected,2025,2,NA,32,2,AY25/26 Sem2,Link not accessible,JIAO Jie ( jiaoj@sem.tsinghua.edu.cn ),,"This course is designed for future managers who will face the new, globalized, and borderless world economy. Globalization and technological advances have created exciting opportunities for managers to pursue strategies in markets around the world. These developments also present managers with enormous complexity in terms of understanding diverse economic, political and social environments, managing the organizational tension inherent in coordinating activities worldwide, fostering innovation and cross-national learning, and interacting with employees and partners from diverse cultures. This course leverages the foundation built in other cornerstone courses to explore topics such as development of globalization, firms? foreign expansion strategies, the challenges of operating in dif erent cultures, the dif iculties of designing ef ective organizational structures for multinational operations, leadership in the global context, and so on. A balanced approach is taken to this course: on one hand, this course aims to arm students with necessary knowledge and skills by covering key aspects of business case analysis and problem solving. Particularly, a global orientation is reinforced by drawing on worldwide cases or examples; On the other hand, this course will offer students the opportunities of applying the contents of this course through class discussion, case analysis, field study, and communication with diverse types of international institutions. I would strongly encourage active class participation. My experience has been that students generally tend to under- (rather than over-) estimate the worth of what they have to say. Thus, please note that probing questions are as useful a form of class participation as presentations of logical analyses. The course should be of interest to students who expect to work in international organizations that seek to create value by having operations in or working with partners across national borders. Through the course of the semester, students will learn frameworks and approaches that will help them: ? Apply economic concepts and frameworks to the study of international management. ? Formulate strategies to create value in international markets. ? Manage the organizational tension inherent in coordinating activities worldwide. ? Manage operations across culturally diverse environments",NA
CHINA,Tsinghua University - All (Except Eee),BF3215,CORPORATE FINANCE & STRATEGY,Major-PE,30511053,Corporate Finance,3,Rejected,2025,1,NA,48,3,2025 Sem 1,This seems to be an introductory corporate finance course. Ours is a second/advanced course. This course would match to AB1201,Yin Xiang ( yinxiang@sem.tsinghua.edu.cn ),https://www.tsinghua.edu.cn/en/pdf/ut2023.pdf,"Firms compete in Consumer & Business Markets to sell their products & services, and they also compete in Capital Markets for the resources required to operate their business. Investors provide the capital (resources) to companies with the expectation that they will earn a competitive return on their capital and compensate themfor risk. A consumer or business manager is continuously faced with financial choices and meeting the demands of both of these arenas of competition. For the consumer these choices include, among others, financing a purchase, saving for retirement and evaluating investment products. For a business manager the choices include deciding which projects to pursue and alternative approaches to provide funds for these projects. Finance is the study of a framework that can be used to evaluate these choices consistent with the necessity of competing for investor capital. Regardless of your ultimate career, a solid understanding of the fundamentals of finance, will serve you well. Weekly Schedule Part 1: Basics of Finance Week 1?Introduction to Finance Week 2?Time Value of Money Week 3?Interest Rates, NPV and Capital Budgeting Part 2: Valuation of Stocks and Bonds Week 4: Bonds Week 5: Risk and Return: Portfolio Theory Week 6: Risk and Return: CAPM and Factor Models Week 7: Stocks Part 3: Capital Structure Week 8: MM Theorem & WACC Week 9: Optimal Capital Structure: Trade-off Theory Week 10: Optimal Capital Structure: Agency Problems Week 11: Financial Accounting and Free Cash Flow Week 12: Capital Reconstruction and the Valuation of a Firm (WACC and APV) Part 4: Lifecycle of a Firm Week 13: VC/PE Week 14: Merger & Acquisition Week 15: IPO Week 16: Wrap-up and Presentation for the group project",NA
CHINA,Tsinghua University - All (Except Eee),BR2210,FINANCIAL RISK MANAGEMENT,Major-PE,40512333,Financial Risk Management,3,Rejected,2025,1,nil,48,3,Sem 1 Mode of delivery: Bilingual (English and Chinese),The proposed course does not have enough overlap with NTU course,Gao Feng ( gaof@sem.tsinghua.edu.cn ),,"Through theoretical and case explanations, the course introduces the causes of financial risks in real financial markets, risk classification, risk measurement and risk management methods, and summarizes the issues that should be paid attention to when applying risk management theory to practice through risk control practices in financial markets.",nil
CHINA,Tsinghua University - All (Except Eee),SC2207,INTRODUCTION TO DATABASES,Core,40470414,DATABASE SYSTEMS,3,Rejected,2026,2,Exam and Assignments,64,4,Reference to CourseFinder,Mismatch in course content. Focuses more on database internals.,Zhang Huanchen ( - ),https://webvpn.tsinghua.edu.cn/http/77726476706e69737468656265737421eaff4b8b227e6b597d469dbf915b243d1569e38ddd4b59c06f/js.vjsKcbBs.do?m=showToXs&p_id=2021990006;40470414,"This course is designed to introduce the fundamental concepts and implementations of modern database management systems. This is not a course that teaches you how to build database applications (e.g., schema design, SQL programming). It is designed as a systems course, with an emphasis on database internals. Topics include relational model and SQL, storage and indexing, query processing and optimization, transactions and concurrency control, distributed and cloud databases, as well as advanced research topics in the field. Students taking this course should have basic knowledge on computer systems. No prior database experience is assumed. The course consists of lectures, written assignments, and projects. Assignments and projects are designed to reinforce what the student learned in lectures and to provide hands-on experience in building a database system. Upon successful completion of this course, the student should feel confident taking a job as a database developer or conducting database-related research in graduate school.",-
CHINA,Tsinghua University - All (Except Eee),SC2207,INTRODUCTION TO DATABASES,Core,20740063,Principle and Application of Database,3,Rejected,2025,2,TBC,48,3,Detail to be confirm Or can this be taken as SC3020 DATABASE SYSTEM PRINCIPLES,"No coverage of relational algebra, XML",??? ( NIL ),http://zhjwe.cic.tsinghua.edu.cn/js.vjsKcbBs.do?m=showToXs&p_id=2025990095;20740063,"This course systematically introduces database technology and applications, helping students move from ""knowing how to use databases"" to ""using databases to solve real-world data problems."" The course is divided into two parts: Part One: Database Technology Starting with the relational model, it delves into key technologies such as SQL, indexes, and query optimization, helping students understand why databases are designed this way and how they operate efficiently. Through practice, students will master the ability to use databases for data management, data analysis, and database application development. Part Two: Database Applications Focusing on the application of database technology in different fields, including: data science, application development, big data, and large- scale models. Through these case studies, students will see that databases are not only a ""tool-like technology,"" but also a set of core ideas influencing the design of data systems, application architectures, and AI systems. Specific content includes: - Course introduction and database history - Relational model - SQL - Performance optimization - Database design and application development - Data preparation - Data visualization - Databases and big data - Databases and large-scale models Teaching schedule: 48 class hours, 3 class hours per lecture.",No downloadable syllabus available
CHINA,Tsinghua University - All (Except Eee),SC2207,INTRODUCTION TO DATABASES,Core,30160333,Database Concepts and Applications,3,Rejected,2025,2,TBC,48,3,Detail not release yet Or can this be taken as SC3020 DATABASE SYSTEM PRINCIPLES,No coverage of relational algebra,??? ( chaokun@tsinghua.edu.cn ),http://zhjwe.cic.tsinghua.edu.cn/js.vjsKcbBs.do?m=showToXs&p_id=2006990024;30160333,"Course Overview: Database Systems & Big Data This course primarily covers the operation of Database Management Systems (DBMS), database design methodologies, and Big Data applications. The curriculum is divided into three core components: 1. Theoretical Instruction This section covers foundational knowledge, including: Core concepts of databases and data models. Relational databases and the SQL language. Database design and Entity-Relationship (ER) modeling. Programmatic interfaces, transaction management, and query processing. Data security, data warehousing, and Business Intelligence (BI). Spark engines, Spark SQL, and their practical applications. 2. Hands-on Practice Students will gain practical experience through: Installing and utilizing PostgreSQL. Executing database operations using SQL statements. Developing C and Python programs to interface with databases. Implementing Big Data applications via Spark SQL. 3. Course Project Students are required to design a micro-information system based on a specific real-world scenario. This includes designing the underlying database and writing the necessary code to implement the system's functionality.",No downloadable syllabus available
CHINA,Tsinghua University - All (Except Eee),SC2207,INTRODUCTION TO DATABASES,Core,40470414,Database Systems,3,Rejected,2025,2,Exam and Assignments,64,4,Reference to CourseFinder,Mismatch in course content. Focuses more on database internals.,Zhang Huanchen ( - ),https://webvpn.tsinghua.edu.cn/http/77726476706e69737468656265737421eaff4b8b227e6b597d469dbf915b243d1569e38ddd4b59c06f/js.vjsKcbBs.do?m=showToXs&p_id=2021990006;40470414,"This course is designed to introduce the fundamental concepts and implementations of modern database management systems. This is not a course that teaches you how to build database applications (e.g., schema design, SQL programming). It is designed as a systems course, with an emphasis on database internals. Topics include relational model and SQL, storage and indexing, query processing and optimization, transactions and concurrency control, distributed and cloud databases, as well as advanced research topics in the field. Students taking this course should have basic knowledge on computer systems. No prior database experience is assumed. The course consists of lectures, written assignments, and projects. Assignments and projects are designed to reinforce what the student learned in lectures and to provide hands-on experience in building a database system. Upon successful completion of this course, the student should feel confident taking a job as a database developer or conducting database-related research in graduate school.",-
CHINA,Tsinghua University - All (Except Eee),SC3021,DATA SCIENCE FUNDAMENTALS,BDE,00740262,Industrial Data Mining and Analysis,3,Rejected,2025,2,Coursework (Regular Assignments + Final Project) + Course Examination,32,2,-,Mismatch in course content.,?? ( xuhua@mail.tsinghua.edu.cn ),,"As one of the important contents of the teaching reform, since the Spring Festival semester in 2016, the teaching content of Industrial Data Mining and Analysis has been significantly adjusted, mainly focusing on the content related to ""data-driven product optimization"" in view of the rapid development and changes of current big data applications in the Internet field. This course will start from the exploratory analysis of mobile Internet products, teach the foundations of data science and its basic knowledge, and explain through the application examples around us, to help us master the excellent ideas and methods of extracting actionable insights. In 2017, this course was selected as one of Microsoft's Global TOP30 Innovative Talents Training Program for universities, and in 2018, it was selected as one of the Ministry of Education -- Microsoft Industry-University Collaborative Education Project. This course is designed for students who aspire to be engaged in the analysis and modeling of network products in the future. It is optional for undergraduate and graduate students of the university.",na
CHINA,Tsinghua University - All (Except Eee),SC3021,DATA SCIENCE FUNDAMENTALS,BDE,80240632,Big Data Analysis and processing,3,Rejected,2025,2,Exam,32,2,-,Mismatch in course content.,"???,?? ( xin_wang@tsinghua.edu.cn )",,"(1) Introduction: the development of data science, the background of big data, the typical applications of big data. (2) Mathematics in data statistical analysis: multi-dimensional data distribution, data sampling, principal component analysis and factor analysis, hypothesis testing, linear correlation and regression, non-linear regression, variance analysis, P-value. (3) Intelligent processing in big data: time series analysis, dynamic Bayesian network, matrix factorization, non-parametric learning. (4) Distributed processing and parallel computing: HDFS and HBASE, Mapreduce, the parallelization of machine learning methods based on mapreduce. (5) Advanced big data analysis and processing: social media big data analysis and processing, traffic big data analysis and processing, finance analysis and processing, healthcare analysis and processing.",na
CHINA,Tsinghua University - All (Except Eee),SC4001,NEURAL NETWORK & DEEP LEARNING,Major-PE,80240642,Neural and Cognitive Computation,3,Rejected,2025,1,Regular homework + major homework ????+???,32,2,-,Syllabi don't match,- ( - ),https://webvpn.tsinghua.edu.cn/http/77726476706e69737468656265737421eaff4b8b227e6b597d469dbf915b243d1569e38ddd4b59c06f/js.vjsKcbBs.do?m=showToXs&p_id=2009990108;80240642,"??????????????????????????????? ??????????????????????????????? ???????????????? (1) ????????????? ???????? (2) ????????????????????? ??????????????????????????????? EEG?fMRI?????? (3) ?????????????????? ?????????????????? (4) ??????????? ???Hodgkin-Huxley???Integrate and Fire??? (5) ????? ????????????-?????Hopfield?????????? ??????? (6) ???????Hebb?????????BCM? ??????????????????STDP??????????? ??????????????? (7) ?????????????? ????????????-??????????????????? ???????? (6) ???????????????????? ??????????????????????????????? ?????????????????? This course will explore information encoding and decoding, adaptation and learning, communication and computation from multiple levels, including single neurons, neural networks, and neural systems, and will help us understand the cognitive functions of the brain by building computational models. The main contents include: (1) Fundamentals of Neuroscience: Introduction to some basic concepts in neuroscience. (2) Encoding and Decoding: Single-cell firing rate encoding, single-cell temporal encoding, population encoding, anticorrelation methods, and mathematical models of receptive fields of simple cells; human-computer interfaces, and analysis of EEG and fMRI data. (3) Bayesian Inference in the Brain: Theory and methods of Bayesian inference, inference of continuous variables, and inference of discrete variables. (4) Neuron models: electrical properties of neurons, Hodgkin-Huxley model, Integrate and Fire model. (5) Neural networks: feedforward networks, recurrent networks, excitatory-inhibitory networks; Hopfield networks, Boltzmann machines, restricted Boltzmann machines. (6) Plasticity and learning: Hebb rule, covariance rule, BCM rule, synaptic regularization, discharge-time-dependent plasticity (STDP), self- organizing mapping learning, perceptron learning, restricted Boltzmann machine learning. (7) Natural image statistics: statistical properties of natural images, principal component analysis and the formation of center-surround receptive fields; independent component analysis and the formation of receptive fields of simple cells. (6) Deep Learning: A brief introduction to multi-layer perceptrons, deep belief networks, and convolutional neural networks, as well as their applications in image classification and speech recognition. Emphasis will be placed on the interplay between deep learning and neuroscience.","Theoretical Neuroscience Peter Dayan, Larry Abbott The MIT Press, 2001 ISBN: 0-262-04199-5 ????-?????2?? Mark E. Bear, Barry W. Connors, Michael A.Paradiso ??? ? ????????2004 ISBN: 7040121948 Natural Image Statistics Aapo Hyvarinen, Jarmo Hurri, and Patrik O. Hoyer Springer-Verlag,, 2009"
CHINA,Tsinghua University - All (Except Eee),SC4002,NATURAL LANG PROCESSING,Major-PE,40470482,INTRODUCTION TO LARGE LANGUAGE MODEL APPLICATIONS,3,Rejected,2026,2,-,32,2,-,Apply as a generic MPE,??? ( - ),https://www.tsinghua.edu.cn/en/pdf/ut2023.pdf,"This course is a freshmen seminar, aiming to equip students with basic knowledge of the unique research and development methodologies, application scenarios, and hands-on practices of large language models (LLMs). The topics covered in the course include the using LLM for in-context learning, end-to-end application development using LLMs, fine- tuning, data management for AI, and development tools and services for large language models. The course consists of lectures and a significant amount of programming labs. Under the guidance of teaching assistants, students will complete several independent mini- experiments and team up to design a real-world LLM-based application. In this course, students will: 1)Learn how to use LLM for in-context learning with modern open-source frameworks; 2)Understand the fine-tuning methods of large language models, the usage of distributed training systems, and metrics to evaluate the quality of LLMs; 3)Learn the end-to-end practical development methods of LLM applications by designing and developing a non-trivial LLM application project; 4)Know the latest application scenarios of large language models and cutting-edge research problems in LLM. 5)Improve their team collaboration skills and project presentation skills.",-
CHINA,Tsinghua University - All (Except Eee),SC4002,NATURAL LANG PROCESSING,Major-PE,40470533,Large Language Models from Scratch: Theory and Practice,3,Rejected,2026,1,"Four regular assignments, each worth 15% (mainly programming assignments); group project 40%.",48,3,"Previously approved in CourseFinder for Tsinghua, Sem 1. Offered in Tsinghua 2025?2026-1 English list. Used to fulfill Second Major Elective",can match with SC5005,Lu Kaifeng ( klyu@mail.tsinghua.edu.cn ),,"In recent years, large language models (LLMs) have developed rapidly, demonstrating strong capabilities in fields such as natural language processing, code generation, and mathematical reasoning. This course focuses on large language models and systematically covers the complete workflow from pre-training to model alignment. Topics include model architecture design, scaling laws, training algorithms, data filtering, and other key components, with a particular emphasis on foundational theoretical issues. Through lectures and project- based practice, students will gain a deep understanding of the core technologies involved in training large models and the various factors that influence model performance. The course aims to cultivate students? comprehensive ability in both theoretical analysis and practical implementation, enabling them to independently read and understand the latest research developments and conduct systematic analysis when faced with real-world problems. This course can serve as an advanced follow-up to courses such as deep learning, natural language processing, and machine learning.",-
CHINA,Tsinghua University - All (Except Eee),SC4003,INTELLIGENT AGENTS,Major-PE,70240073,Intelligent Control,3,Rejected,2025,2,Students can choose one of the following two assessment methods: (1) Write a course paper and give a,48,3,Course taken during student exchange at Tsinghua University.,Syllabi don't match,Deng ZhiDong ( michael@mail.tsinghua.edu.cn ),,"This course will systematically introduce fundamental theory and methods of artificial intelligence and intelligent control. It covers major aspects in such an interesting and emerging field: 1.Fuzzy Logic (I- type/II-type fuzzy set, fuzzy inference, and fuzzy control), 2.Artificial Neural Network (including: biological neuronal system, BP, Hopfield, Cognitron, CMAC, SOM, RBF, Elman, FNN, ESN, SHESN, deep learning, and NN-based control), and 3.Swarm Intelligence and Evolutionary Computing (e.g., GA, PSO, ACO, AIS, and particle filtering). In addition, deep reinforcement learning algorithm is also introduced briefly.","??? ???????????????????????2????? ??????2011?? ?????? [1] L. Fortuna, et al., Soft Computing: New Trends and Applications, Springer-Verlag, London, 2001."
CHINA,Tsinghua University - All (Except Eee),SC4003,INTELLIGENT AGENTS,Major-PE,80470253,Deep Reinforcement Learning,3,Rejected,2025,2,"Homework, Project, Midterm Quiz",48,3,MPE-2 (SC4xxx),Apply as a generic MPE,??? ( huazhe_xu@mail.tsinghua.edu.cn ),http://zhjwe.cic.tsinghua.edu.cn/js.vjsKcbBs.do?m=showToXs&p_id=2022990132;80470253,"This course introduces the fundamental concepts and frontier research directions of deep reinforcement learning. The content covers machine learning, deep learning, uncertainty reasoning and planning, reinforcement learning, and probabilistic graphical models.",-
CHINA,Tsinghua University - All (Except Eee),SC4023,BIG DATA MANAGEMENT,Major-PE,80240693,Introduction to Big Data Systems,3,Rejected,2026,1,"Assignments, labs, exams",48,3,"Prof Tang Xueyan commented that this course better matches SC4023, postgrad course, used to fulfil 2nd major core requirement",The syllabus only match 4023 partially.,Chen Wenguang ( cwg@tsinghua.edu.cn ),,"This course uses commonly used big data algorithms as examples to introduce how to utilize various existing big data systems for processing big data. It covers systems such as big data storage systems, big data computing frameworks, in-memory computing frameworks, stream processing, graph computing systems, and big data visualization systems. Through a series of experiments, students will gain the ability to use these big data systems to conduct big data analysis in real-world applications.","Parallelism, load balance, fault tolerance (Wk1), traditional parallel programming paradigms Threads, MPI, OpenMP (Wk2), HDFS for big data storage (Wk3), Hadoop MapReduce for big data processing (Wk4), in-memory computing with Spark (Wk5-6), stream computing and message queues (Wk7-8), graph-based frameworks (Wk9-10), distributed machine learning (Wk11), graph neural networks (Wk12), federated machine learning and MPCs (Wk13), blockchain (Wk14), final project to design a big data system module or extend an existing one (e.g. support SparkSQL on given system or propose your own)."
CHINA,Tsinghua University - All (Except Eee),SC4023,BIG DATA MANAGEMENT,Major-PE,TBC,Big Data Analytics with In-Memory Computing,3,Rejected,2025,2,2 assignments and 1 presentation,64,3,Reference to CourseFinder,Mismatch in course content.,TBC ( TBC ),,"The course mainly covers existing big data analysis algorithms, tools, and systems, providing practical opportunities. The specific content includes: 1. Distributed File Systems: GFS, HDFS 2. Distributed Processing Systems: Hadoop, Hive, MapReduce 3. In-memory Computing Systems: Spark, Shark, SAP HANA 4. Stream Data Management Systems: Storm, S4 5. New Database Systems: NoSQL, CAP Theory, Graph Systems 6. Data Management on New Media: SSD, PCM 7. Distributed Data Mining 8. Some experiences on how to conduct research",No Info
CHINA,Tsinghua University - All (Except Eee),SC4040,ADVANCED TOPICS IN  ALGORITHMS,Major-PE,70240384,Combinatorics and Algorithms Design,3,Rejected,2025,1,-,64,4,-,about 40% content are covered by SC2001,??? ( - ),https://webvpn.tsinghua.edu.cn/http/77726476706e69737468656265737421eaff4b8b227e6b597d469dbf915b243d1569e38ddd4b59c06f/js.vjsKcbBs.do?m=showToXs&p_id=2007990025;70240384,"This course covers topics in Combinatorics and Algorithms Design. We comprehensively discuss basic concepts, theories, methods, and instances in Combinatorics while focusing on concepts and ideas. Selected topics include: the Pigeonhole Principle, counting, combinations, Polya counting, recurrence relations and generating functions, graph, and linear programming etc. We also discuss basic mathematics concepts in algorithms design including growth of function, Big-O notations and recurrence relations etc., and basic strategies of algorithms design including search, divide and conquer, dynamic programming and greedy algorithm etc. Finally, we show examples of algorithms design in Combinatorics, including basic algorithms on Graph, minimum spanning tree algorithms, and algorithms for linear programming etc. ??????????????????????????????? ??????????????????????????????? ????????????????Polya???????????? ??????????????????????????????? ??????????????????????Big-O ?????? ??????????????????????????????? ?????????????????????????????? ????????????????",-
CHINA,Tsinghua University - All (Except Eee),SP5996,USP ELECTIVE IN AHC,USP(AHC),40511202,International Business,3,Rejected,2025,1,NA,32,2,NA,"32 hours contact hours too short. Should be 39, or at least 35",Zhang Hui Yan ( zhanghuiyan@sem.tsinghua.edu.cn ),,NA,NA
CHINA,Tsinghua University (Vse),BDE,BDE,BDE,84001203,Environmental Health Issues from a  Global Perspective,3,Approved,2025,1,The grading criteria are as follows: A = >90%; B = 80%-89%; C = 70%-79%; D = 60%-69%; F = < 60%. Th,48,3,GEM VEnturer (Virtual Education) programme,,Di Qian ( qiandi@tsinghua.edu.cn ),,NIL (unable to find online),NIL
CHINA,Tsinghua University (Vse),BDE,BDE,BDE,classdaaa68,Big Data and Machine Intelligence,3,Approved,2024,1,"Major Assignment: Week 6: Constructing and Training Network Models, Practice Week 10: Special Discus",96,3 AU,-,,Guo Min ( gm123@tsinghua.edu.cn ),https://gem.ntu.edu.sg/index.cfm?FuseAction=Programs.ViewProgramAngular&id=11163,"This course is teaching students to use Python, and TensorFlow2 in learning the principle of machine intelligent system. Python is a popular language in data science and machine learning and TensorFlow2 is a popular library for machine learning using Python as frontend. This course introduces Python in programming practice, and students will be instructed to programming practice based on Jupyter notebook. Tensorflow2 is a popular machine learning library. Students will be instructed to use TensorFlow2 and Keras to build deep models of MLP, convolutional network and recurrent networks to solve speech recognition, computer vision task and natural language processing etc.","Schedule Week 1: Course Introduction, Markdown, Git, Markdown/Git Practice Week 2: Python Language Basics, Introduction to Python Libraries, Introduction to Numpy Library, Python Program Week 3: Machine Intelligence: Deep Learning 1 - Neurons, Numpy, Matplotlib Week 4: Machine Intelligence: Deep Learning 2 - Multi- layer Networks, TensorFlow 2 Playground Week 5: Machine Intelligence: Deep Learning 3 - Advanced TensorFlow 2 Week 6: Machine Intelligence: Deep Learning 4 - TensorFlow 2 Week 7: Machine Intelligence: Deep Learning 5 - TensorFlow 2 Keras Week 8: Machine Intelligence: Deep Learning 6 - Convolutional Neural Networks (CNN) Week 9: Machine Intelligence: Deep Learning 7 - Recurrent Neural Networks (RNN) Week 10: Machine Intelligence: Deep Learning Applications - 1, Continued RNN, Natural Language Processing (NLP) Week 11: Machine Intelligence: Deep Learning Applications - 2, Speech Recognition (Audio) Week 12: Machine Intelligence: Deep Learning Applications - 3, Computer Vision (CV) Week 13: Overview of Machine Intelligence: Reinforcement Learning and Other Methods Week 14: Course Project Week 15: Course Communication and Visit"
CHINA,Tsinghua University (Vse),BDE,BDE,BDE,Corporate Finance,Corporate Finance,3,Approved,2023,2,Homework 25% Midterm 20% Quiz 5% Final Exam 50%,48,3,I am participating in the GEM VEnturer (Virtual Education) programme.,,SHEN Tao ( shentao@sem.tsinghua.edu.cn ),https://gem.ntu.edu.sg/_customtags/ct_DocumentRetrieve.cfm?token=eyJ0eXAiOiJKV1QiLCJhbGciOiJIUzI1NiJ9.eyJwYXlsb2FkIjp7InRpbWVzdGFtcCI6IjIwMjMtMTItMjZUMDI6MDM6MTMiLCJleHBpcmVMaW5rIjp0cnVlLCJmaWxlSWQiOj,"Course Objective: The course will provide an analytical framework that can be consistently applied to evaluate financial decisions. By the end of this course you should be able to: ? Use discounted cash flow analysis to determine the value added of business decisions or the fair market value of investment securities. ? Understand the basic types of financial instruments used by firms. ? Understand the basic principles of no arbitrage, efficient markets, risk and return and capital structure. ? Develop cash flow projections from accounting data. ? Perform basic financial statement analysis.","There are a number of standard Corporate Finance textbooks such as (1) Berk, Jonathan and DeMarzo, Peter and, (2) Ross, Stephen A. , Jaffe, Jeffrey F. and Westerfield, Randolph."
CHINA,Tsinghua University (Vse),BF3217,EQUITY VALUATION,Major-PE,80517022,Corporate Valuation,3,Approved,2024,2,"Class participation=10%, Three case assignments=30%, Final in-class quiz=30%, Final ppt = 30%",32,3 in NTU; 2 in Tsinghua University,"As it is a virtual exchange, I will be doing this course online in Singapore",,Professor Yao Lu ( luyao@sem.tsinghua.edu.cn ),,"This course focuses on corporate valuation for making decisions to invest in business. It provides you with methods of fundamental analysis that will be discussed in details and applied in cases involving listed companies, private companies, equity issuances and acquisitions and restructurings. This course is highly recommended for students who intend to pursue a career in investment banking (particularly in equity research), security analysis, venture capital, and private equity. It will also help with personal investing. By the end of the course, the student should feel competent in writing a thorough and credible equity research report or investment analyses that meet the highest standards of professionalism. Lecture 1 ? An introduction to the Course ? Stock valuation ? DDM Lecture notes Lecture 2 ? Stock valuation ? DDM ? Price Multiple Valuation Approach ? Case1 Lecture notes Lecture 3 ? Firm valuation ? DCF approach ? Comparable company approach Lecture notes Lecture 4 ? Firm valuation ? Comparable company approach ? Other approaches ? Case 2 Lecture notes Lecture 5 ? Private Company Valuation ? Valuation in equity issuances (IPOs) Lecture notes Lecture 6 ? Project valuation and capital budgeting ? Class review Lecture notes Lecture 7 Final case presentations Lecture 8 Final in class quiz","(Required) Notes and assigned cases (Optional) Mergers and Acquisitions and Corporate Restructuring ???????????? ?? (Optional) Financial Statement Analysis and Security Valuation, by Stephen Penman, Fifth Edition, McGraw-Hill, Irwin (Optional) Investment Valuation: Tools & Techniques for Determining the Value of Any Asset, by Aswath Damodaran, Third Edition, John Wiley & Sons, Inc (Optional) Valuation: Measuring and Managing the Value of Companies, by Tim Koller, Marc Goedhart, and David Wessells (McKinsey & Company Inc), Sixth Edition, John Wiley & Sons, Inc. (Optional) Damodaran on Valuation, by Damodaran, Second Edition, John Wiley & Sons. (Optional) The Dark Side of Valuation, by Damodaran, Third Edition, Financial Times Press. This valuation textbook covers advanced concepts concerning the valuation of young, distressed, and complex business. (Optional) Principles of Corporate Finance by Brealey, Myers, and Allen, Eleventh Edition, McGraw Hill. (Optional) Financial Accounting by Libby, Libby, and Short, Ninth Edition, McGraw Hill. Class notes and handouts will be posted before the class. Please print them out and bring the notes and handouts related to the previous, current and next session during every class. Reading the Financial Times, Wall Street Journal, and The Economist is highly recommended: it will benefit learning and conducting valuation projects in this course."
CHINA,Tsinghua University (Vse),BF3217,EQUITY VALUATION,Major-PE,80517022,Corporate Valuation,3,Approved,2023,2,"Class participation=10%, Three case assignments=30%, Final in-class quiz=30%, Final ppt = 30%",32,3 in NTU; 2 in Tsinghua University,"As it is a virtual exchange, I will be doing this course online in Singapore",,Professor Yao Lu ( luyao@sem.tsinghua.edu.cn ),,"This course focuses on corporate valuation for making decisions to invest in business. It provides you with methods of fundamental analysis that will be discussed in details and applied in cases involving listed companies, private companies, equity issuances and acquisitions and restructurings. This course is highly recommended for students who intend to pursue a career in investment banking (particularly in equity research), security analysis, venture capital, and private equity. It will also help with personal investing. By the end of the course, the student should feel competent in writing a thorough and credible equity research report or investment analyses that meet the highest standards of professionalism. Lecture 1 ? An introduction to the Course ? Stock valuation ? DDM Lecture notes Lecture 2 ? Stock valuation ? DDM ? Price Multiple Valuation Approach ? Case1 Lecture notes Lecture 3 ? Firm valuation ? DCF approach ? Comparable company approach Lecture notes Lecture 4 ? Firm valuation ? Comparable company approach ? Other approaches ? Case 2 Lecture notes Lecture 5 ? Private Company Valuation ? Valuation in equity issuances (IPOs) Lecture notes Lecture 6 ? Project valuation and capital budgeting ? Class review Lecture notes Lecture 7 Final case presentations Lecture 8 Final in class quiz","(Required) Notes and assigned cases (Optional) Mergers and Acquisitions and Corporate Restructuring ???????????? ?? (Optional) Financial Statement Analysis and Security Valuation, by Stephen Penman, Fifth Edition, McGraw-Hill, Irwin (Optional) Investment Valuation: Tools & Techniques for Determining the Value of Any Asset, by Aswath Damodaran, Third Edition, John Wiley & Sons, Inc (Optional) Valuation: Measuring and Managing the Value of Companies, by Tim Koller, Marc Goedhart, and David Wessells (McKinsey & Company Inc), Sixth Edition, John Wiley & Sons, Inc. (Optional) Damodaran on Valuation, by Damodaran, Second Edition, John Wiley & Sons. (Optional) The Dark Side of Valuation, by Damodaran, Third Edition, Financial Times Press. This valuation textbook covers advanced concepts concerning the valuation of young, distressed, and complex business. (Optional) Principles of Corporate Finance by Brealey, Myers, and Allen, Eleventh Edition, McGraw Hill. (Optional) Financial Accounting by Libby, Libby, and Short, Ninth Edition, McGraw Hill. Class notes and handouts will be posted before the class. Please print them out and bring the notes and handouts related to the previous, current and next session during every class. Reading the Financial Times, Wall Street Journal, and The Economist is highly recommended: it will benefit learning and conducting valuation projects in this course."
CHINA,Tsinghua University (Vse),BS2003,BIOCHEMISTRY II,BDE,30450213,Biochemistry II,3,Approved,2024,1,"Homework 20%, quiz 20%, final exam 60%",48,3,Virtual exchange,,Li Zhen ( - ),https://ghc.yuketang.cn/pro/portal/projectdetail/2d1480e41bf6460892b6287c3b7ddd2b,"Bioenergetics and biochemical reaction types Glycolysis, the pentose phosphate pathway and the catabolism of glycogen The citric acid cycle Fatty acid catabolism Amino acid oxidation and the production of urea Oxidative phosphorylation & photophosphorylation Carbohydrate biosynthesis Lipid biosynthesis Biosynthesis of amino acids, nucleotides, and related molecules Hormonal regulation and integration of mammalian metabolism Genes and chromosome DNA metabolism RNA metabolism Protein metabolism",-
CHINA,Tsinghua University (Vse),BS2010,BIOIMAGING,Major-PE,NA,Restoration Ecology and Applications,3,Approved,2023,1,30% (course attending) + 2X10% (presentation) + 2X10% (site visiting) + 30% (two reports 10%+20%),48,3,Start: 2024-02-26 End: 2024-06-30 `Virtual Exchange?,,LIU Xuehua ( xuehua-hjx@mail.tsinghua.edu.cn ),https://ghc.yuketang.cn/pro/portal/projectdetail/55d0765997bf4701954a67ab30b9ce82,"This course mainly contains the following contents: Introduction to restoration ecology, Ecological foundations and principles, Ecological designing and engineering, Microbiology and applications, Wetland restoration, contaminated land restoration, Mining site restoration, Population restoration. Two excursions are planned in the course to give participants chance to see the real restoration sites. Participants are arranged to present the self-selected restoration topics for two times with various cases from different countries. Restoration ecology is one of the key courses in Ecology. It will be good for students to have background in Ecology, Ecological conservation and Environmental protection, but it is not requested for credit.","1) Restoration Ecology: A Synthetic Approach to Ecological Research. by W.R. Jordan, M.E. Gilpin & J.D. Aber 2)Restoration ecology - the new frontier. by J. van Andel and J. Aronson. 3) Ecological Restoration: Principles, Values, and Structure of an Emerging Profession. by A.F. Clewell & J. Aronson 4)Ecological Engineering and Ecosystem Restoration. by W.J. Mitsch & S.E. Jorgensen) 5)Foundations of Restoration Ecology (The Science and Practice of Ecological Restoration Series) by Donald A. Falk, Margaret Palmer, Joy Zedler, Richard J. Hobbs"
CHINA,Tsinghua University (Vse),BS2020,MATH & PHY FR THE STRUCT BIO,Major-PE,84000802,Nutrition for Health,3,Approved,2023,1,"100-point system. [ Class test 10% x1 , Assignment 10% x1 , Presentations 40% x 2]",Total : 128 [ Contact hours inside class: 32 Contact hours outside class: 96 ],IMPH Graduate level module: 2Credits,Global Hybrid Classroom. GHC. Time: 2023-09-18 ~ 2024-01-22,,Ai Zhao ( aizhao18@tsinghua.edu.cn ),https://ghc.yuketang.cn/pro/portal/projectdetail/19ed83e2aff04a26a07bf8f033a71615,"Nutrition for Health This course will provide a broad perspective on the field of nutrition science to students. Students will be able to learn more about nutrition science and explain community diets and related health policies in this course. This course consists of three units: Unit 1 introduces contemporary basic principles of nutrition, human physiology, and functional and nutritional biochemical processes and how they are ingested in relation to health; Unit 2 illustrates how nutrition and health management provide sustained healthy living, long-term weight management and health for a diverse population; Unit 3 introduces an overview of global public health policy and case studies on nutrition policy and global diet, food and nutrition. General Requirements All courses are taught in English, and students are required to read relevant English literature and participate in class discussions. At the end of the course, students are expected to 1) have an in-depth understanding of the relationship between nutrition and human health and disease, and fully understand the important position of this discipline in public health and preventive medicine; 2) understand the development of the discipline, master the methods of basic nutritional investigations, and improve professional theory and technology; 3) understand global nutrition-related health problems and explore their solutions.",Recommended Reading Association Between Calcium or Vitamin D Supplementation and Fracture Incidence in Community-Dwelling Older Adults: A Systematic Review and Meta-analysis. 1. Peter Gluckman. Developmental Origins of Health and Disease.
CHINA,Tsinghua University (Vse),BS3001,NEUROBIOLOGY,Major-PE,GE7001,Scientific Writing and Presentation,3,Approved,2023,1,1. class: 10% 2. Writing: 10% 3. Revisions: 10% 4. Quizzes: 10% (5/6/7) Poster: 50% 8. Attend: 10%,32,2,"Offering School: School of Life Sciences and Biotechnology Start: Wednesday, February 21st, 2024 End: Wednesday, June 5th, 2024 Course Component: Lecture `Virtual Exchange?",,Ilya A. Vinnikov ( i.vinnikov@sjtu.edu.cn or ilya.vinnikov@gmail.com ),https://global.sjtu.edu.cn/en/page/sub/447,"Postgraduate Level Course. The objective of this course is to teach students how to write a paper, an abstract in English for publication in a scientific journal and to teach students the oral presentation and poster presentation skills needed to present their results at international scientific conferences. Moreover, the students will learn how to communicate with editors and reviewers of the journals. The course includes both lectures and tutorials with a number of in-class writing exercises and discussion of good and not-so- good writing practices. The tutor will particularly emphasize graphical organization, drafting and finalizing research publication figures and posters. The course will finish with an in-class poster presentation with oral discussion. Students who complete this course will learn what to do to get their research published and how best to present their work at a scientific conference.",Unavailable
CHINA,Tsinghua University (Vse),BS3037,VIROLOGY,Major-PE,BIO8101,Application of Viral Techniques and Introduction to Molecular Virology,3,Approved,2023,1,1. Final exam (presentation + Q&A): 80% 2. In-class work: 10% 3. Attendance: 10%,Unavailable,2,"Offering School: School of Life Sciences and Biotechnology Course Level: Senior Undergraduate and Graduate Start: Tuesday, Febuary 20th, 2024 End: Tuesday, June 4th, 2024 `Virtual Exchange?",,Ilya A. Vinnikov ( i.vinnikov@sjtu.edu.cn or ilya.vinnikov@gmail.com ),https://global.sjtu.edu.cn/en/page/sub/436,"This course involves a comprehensive overview of replication, integration and transcription mechanisms of both RNA- and DNA- containing viruses of prokaryotes and eukaryotes. It is therefore primarily intended for undergraduate or graduate students already familiar with basic molecular biology. The course will focus on regulatory molecular biology mechanisms in order to give the students a broad overview as well as aid them to understand deeper signaling pathway interactions, solve genetic problems and ideate their future projects. This course may meet the needs of advanced undergraduate students with interests in molecular biology and virology.",Unavailable
CHINA,Tsinghua University (Vse),BT2404,SERVICES OPERATIONS MGT,Major-PE,80168062,Service Operations Management,3,Approved,2023,1,"Assignments (e.g., essays) 10%, Participation 5%, Midterm exam 35%, Final project 50%",32 hours inside class,2,Information taken from Tsinghua University exchange application portal,,Lefei Li ( lilefei@tsinghua.edu.cn ),https://ghc.yuketang.cn/pro/portal/projectdetail/7c13c51b3f254fab8ba3c91101d6aa39,"This course offers a comprehensive exploration of service strategy, service operations, and their integration with information technology. The primary objective is to foster students' proficiency in applying management science principles and methodologies to address strategic planning and operational management challenges within the service sector. The course structure emphasizes the instruction of theoretical concepts and methods, enriched by in-depth case analyses from both domestic and international service industries. Additionally, students will engage in practical or experimental exercises tailored to particular topics, with a strong focus on fostering service innovation.","Service Management Operations, Strategy, Information Technology, James, A. Fitzsimmons and Mona, A. Fitzsimmons. 7TH Edition McGraw Hill (Author, Title, Edition, Publisher)"
CHINA,Tsinghua University (Vse),CZ3002,ADVANCED SOFTWARE ENGINEERING,Core,-,Process and Methods of Software Project Management,3,Approved,2023,1,"Virtual Project(homework, presentation, and sitcom) 50% , Open-book Examination (45%), Others (5%)","48 hours inside class, 96 hours outside class",3,Course spans from 18th September 2023 - 22nd January 2024,,Yong Zhang ( - ),https://ghc.yuketang.cn/pro/portal/projectdetail/e6aa284779424fdb9682d739a5036ef9,01. Introduction of Software Project Management 02. Software Development Context and Maturity model 03. Software Project Management Process Groups and Stakeholder Management 04. Software Project Integration Management 05. Software Project Scope Management 06. Software Project Time Management 07. Software Project Cost Management 08. Mid-Term Report 09. Software Project Quality Management 10. Software Project Human Resource Management 11. Software Project Communications Management 12. Software Project Risk Management 13. Software Project Procurement Management 14. PRINCE2 15. Short Sitcoms,"1. ?Information Technology Project Management (9th)?, Kathy Schwalbe, Cengage Learning, 2018 2. PMBOK? Guide ? Sixth Edition, Project Management Institute, 2017 3.?Software Project Management 5th Revised ed. Edition?, Bob Hughes, Mike Cotterell, McGraw-Hill Education, 2009"
CHINA,Tsinghua University (Vse),CZ4041,MACHINE LEARNING,Major-PE,NA,Big Data and Machine Intelligence,3,Approved,2023,2,projects,144,3,Participating in the GEM VEnturer (Virtual Education) programme,,Zhen Liu ( NA ),https://ghc.yuketang.cn/pro/portal/projectdetail/114b9bd72e2d423d9a67a5f0ff150007,Lecure1: Course Intro/ Settings Lecure2-3: Python/Libraires/Jupyter-lab Lecure4-5: Machine Learning with Scikit-learn Lecure6-9: Deep learning with TensorFlow2 Lecure10-13: Deep Learning Applications: Computer Vision /Natural Language Processing /Automatic Speech Recognition Course Project1-2: Data analysis project Course project3: Spectrogram project Grades: According to the performance of 3 individual projects.,NA
CHINA,Tsinghua University (Vse),HE3013,ECONOMICS OF CORPORATE FINANCE,Major-PE,19,Corporate Valuation,3,Approved,2025,2,"class part, assignments, in class quiz, in class presentation",3h 25min per week,NA,GEM VEnturer (Virtual Education) programme.,,Professor Yao Lu ( luyao@sem.tsinghua.edu.cn ),https://ghc.yuketang.cn/pro/portal/projectdetail/32058baefa224fa49a814934ff12eafb,"Leaning objectives and contents: This course focuses on corporate valuation for making decisions to invest in business. It provides you with methods of fundamental analysis that will be discussed in details and applied in cases involving listed companies, private companies, equity issuances and acquisitions and restructurings. This course is highly recommended for students who intend to pursue a career in investment banking (particularly in equity research), security analysis, venture capital, and private equity. It will also help with personal investing. By the end of the course, the student should feel competent in writing a thorough and credible equity research report or investment analyses that meet the highest standards of professionalism. Teaching Agenda Order of Classes/ Date Content of Teaching Required Reading Materials Lecture 1 ? An introduction to the Course ? Stock valuation ? DDM Lecture notes Lecture 2 ? Stock valuation ? DDM ? Price Multiple Valuation Approach ? Case1 Lecture notes Lecture 3 ? Firm valuation ? DCF approach ? Comparable company approach Lecture notes Lecture 4 ? Firm valuation ? Comparable company approach ? Other approaches ? Case 2 Lecture notes Lecture 5 ? Private Company Valuation ? Valuation in equity issuances (IPOs) ? Case 3 Lecture notes Lecture 6 ? Project valuation and capital budgeting ? Class review Lecture notes Lecture 7 ? Final in class quiz Lecture notes Lecture 8 ? Final case presentations Lecture notes","Textbooks & References: (Required) Notes and assigned cases (Optional) Mergers and Acquisitions and Corporate Restructuring ???????????? ?? (Optional) Financial Statement Analysis and Security Valuation, by Stephen Penman, Fifth Edition, McGraw-Hill, Irwin (Optional) Investment Valuation: Tools & Techniques for Determining the Value of Any Asset, by Aswath Damodaran, Third Edition, John Wiley & Sons, Inc (Optional) Valuation: Measuring and Managing the Value of Companies, by Tim Koller, Marc Goedhart, and David Wessells (McKinsey & Company Inc), Sixth Edition, John Wiley & Sons, Inc. (Optional) Damodaran on Valuation, by Damodaran, Second Edition, John Wiley & Sons. (Optional) The Dark Side of Valuation, by Damodaran, Third Edition, Financial Times Press. This valuation textbook covers advanced concepts concerning the valuation of young, distressed, and complex business. (Optional) Principles of Corporate Finance by Brealey, Myers, and Allen, Eleventh Edition, McGraw Hill. (Optional) Financial Accounting by Libby, Libby, and Short, Ninth Edition, McGraw Hill. Class notes and handouts will be posted before the class. Please print them out and bring the notes and handouts related to the previous, current and next session during every class. Reading the Financial Times, Wall Street Journal, and The Economist is highly recommended: it will benefit learning and conducting valuation projects in this course."
CHINA,Tsinghua University (Vse),HE3013,ECONOMICS OF CORPORATE FINANCE,Major-PE,80517022,Corporate Valuation,,Approved,2025,2,"Three case assignments, Final in-class quiz, Final case presentation",32,2,Online Course under Tsinghua University Master of Finance,,Yao Lu ( luyao@sem.tsinghua.edu.cn ),https://ghc.yuketang.cn/pro/portal/projectdetail/32058baefa224fa49a814934ff12eafb,"This course focuses on corporate valuation for making decisions to invest in business. It provides you with methods of fundamental analysis that will be discussed in details and applied in cases involving listed companies, private companies, equity issuances and acquisitions and restructurings. This course is highly recommended for students who intend to pursue a career in investment banking (particularly in equity research), security analysis, venture capital, and private equity. It will also help with personal investing. By the end of the course, the student should feel competent in writing a thorough and credible equity research report or investment analyses that meet the highest standards of professionalism.","(Required) Notes and assigned cases (Optional) Mergers and Acquisitions and Corporate Restructuring ???????????? ?? (Optional) Financial Statement Analysis and Security Valuation, by Stephen Penman, Fifth Edition, McGraw-Hill, Irwin (Optional) Investment Valuation: Tools & Techniques for Determining the Value of Any Asset, by Aswath Damodaran, Third Edition, John Wiley & Sons, Inc (Optional) Valuation: Measuring and Managing the Value of Companies, by Tim Koller, Marc Goedhart, and David Wessells (McKinsey & Company Inc), Sixth Edition, John Wiley & Sons, Inc. (Optional) Damodaran on Valuation, by Damodaran, Second Edition, John Wiley & Sons. (Optional) The Dark Side of Valuation, by Damodaran, Third Edition, Financial Times Press. This valuation textbook covers advanced concepts concerning the valuation of young, distressed, and complex business. (Optional) Principles of Corporate Finance by Brealey, Myers, and Allen, Eleventh Edition, McGraw Hill. (Optional) Financial Accounting by Libby, Libby, and Short, Ninth Edition, McGraw Hill. Class notes and handouts will be posted before the class. Please print them out and bring the notes and handouts related to the previous, current and next session during every class. Reading the Financial Times, Wall Street Journal, and The Economist is highly recommended: it will benefit learning and conducting valuation projects in this course."
CHINA,Tsinghua University (Vse),HE3032,GAME THEORY,Major-PE,40511103,Game Theory,,Approved,2025,2,Exam,48,3,I am participating in the GEM VEnturer (Virtual Education) programme.,,Xiao Liu ( liuxiao@sem.tsinghua.edu.cn ),,"Game theory is the foundation of almost all modern economic theory. It is one of the most interesting courses in undergraduate economics. Emerged originally as a field of mathematics, it has been successfully applied to all fields of economics. Furthermore, game theory also plays an increasing role in other social sciences such as philosophy, law and politics, and in natural science such as evolutionary biology and computer science, etc. This course is an introduction to game theory, which puts emphasis in introducing basic game-theoretic analysis, including the conception, analytic techniques and applications for each type of games. We will discuss static games with perfect information, static games with imperfect information, and dynamic games with or without perfect information. Most class sessions will be delivered in English and will consist of both ?hands- on? experiences in structured strategic situations as well as lectures about the theory underlying these situations. Student participation is strongly encouraged.","????????????????????? ??2012 Dixit, Avinash, and Susan Skeath, Games of Strategy, 3rd edition, W. W. Norton & Company, 2009."
CHINA,Tsinghua University (Vse),HE3614,ECONOMICS OF CORPORATE FINANCE,Major-PE,80517022,Corporate Valuation,3,Approved,2025,2,"class part, assignments, in class quiz, in class presentation",3h 25min per week,2,GEM VEnturer (Virtual Education) programme,,Yao Lu ( luyao@sem.tsinghua.edu.cn ),https://ghc.yuketang.cn/pro/portal/projectdetail/32058baefa224fa49a814934ff12eafb,"Leaning objectives and contents: This course focuses on corporate valuation for making decisions to invest in business. It provides you with methods of fundamental analysis that will be discussed in details and applied in cases involving listed companies, private companies, equity issuances and acquisitions and restructurings. This course is highly recommended for students who intend to pursue a career in investment banking (particularly in equity research), security analysis, venture capital, and private equity. It will also help with personal investing. By the end of the course, the student should feel competent in writing a thorough and credible equity research report or investment analyses that meet the highest standards of professionalism. Teaching Agenda Order of Classes/ Date Content of Teaching Required Reading Materials Lecture 1 ? An introduction to the Course ? Stock valuation ? DDM Lecture notes Lecture 2 ? Stock valuation ? DDM ? Price Multiple Valuation Approach ? Case1 Lecture notes Lecture 3 ? Firm valuation ? DCF approach ? Comparable company approach Lecture notes Lecture 4 ? Firm valuation ? Comparable company approach ? Other approaches ? Case 2 Lecture notes Lecture 5 ? Private Company Valuation ? Valuation in equity issuances (IPOs) ? Case 3 Lecture notes Lecture 6 ? Project valuation and capital budgeting ? Class review Lecture notes Lecture 7 ? Final in class quiz Lecture notes Lecture 8 ? Final case presentations Lecture notes","Textbooks & References: (Required) Notes and assigned cases (Optional) Mergers and Acquisitions and Corporate Restructuring ???????????? ?? (Optional) Financial Statement Analysis and Security Valuation, by Stephen Penman, Fifth Edition, McGraw-Hill, Irwin (Optional) Investment Valuation: Tools & Techniques for Determining the Value of Any Asset, by Aswath Damodaran, Third Edition, John Wiley & Sons, Inc (Optional) Valuation: Measuring and Managing the Value of Companies, by Tim Koller, Marc Goedhart, and David Wessells (McKinsey & Company Inc), Sixth Edition, John Wiley & Sons, Inc. (Optional) Damodaran on Valuation, by Damodaran, Second Edition, John Wiley & Sons. (Optional) The Dark Side of Valuation, by Damodaran, Third Edition, Financial Times Press. This valuation textbook covers advanced concepts concerning the valuation of young, distressed, and complex business. (Optional) Principles of Corporate Finance by Brealey, Myers, and Allen, Eleventh Edition, McGraw Hill. (Optional) Financial Accounting by Libby, Libby, and Short, Ninth Edition, McGraw Hill. Class notes and handouts will be posted before the class. Please print them out and bring the notes and handouts related to the previous, current and next session during every class. Reading the Financial Times, Wall Street Journal, and The Economist is highly recommended: it will benefit learning and conducting valuation projects in this course."
CHINA,Tsinghua University (Vse),HY4124,SPECIAL TOPICS IN LOGIC II,BDE,30690562,Modal Logic and its Applications,4,Approved,2025,2,Examination,In-Class Hours: 32,2,GEM VEnturer (Virtual Education),,Professor Jeremy Seligman ( - ),https://cloud.tsinghua.edu.cn/f/2560f64c105c49948f3c/,"Among branches of modern logic, modal logic provides a nice balance of expressivity and complexity, allowing it to be applied widely and extensively in many fields ranging from humanities to software design. In this course, ideas and methods of modal logic will be introduced along with its famous applications in modeling time, knowledge, necessity, and social behaviors. In this thread, student will be led into environments similar to research, in which ideas and needs from theoretical side and practical side frequently interact. Pointers will be given to standard textbooks/handbooks as well as notable papers, and with knowledge and skills introduced in this course, students with further interests should in principle be able to explore by their own. This course aims to student who more or less have learnt some logic, but this is not strictly required. No mandatory prerequisites required. Students are expected to have a certain understanding of the language and semantics of propositional and predicate logic, be able to correctly use mathematical concepts such as sets, graphs, relations, and functions, and be interested in philosophical issues and willing to participate in discussions.","van Benthem, J. Modal Logic for Open Minds (2010). CSLI Press. Blackburn, Patrick; de Rijke, Maarten; and Venema, Yde (2001) Modal Logic. Cambridge University Press. Hughes, G. E., and Cresswell, M. J. (1996) A New Introduction to Modal Logic. Routledge."
CHINA,Tsinghua University (Vse),MH3512,STOCHASTIC PROCESSES,Major-PE,30231002,probability and stochastic processes,4,Approved,2023,2,Grades: Homework 30% + Midterm 30% + Final 40% (+ Bonus 5%),24,3,nil,,Lecturer: Yuan Shen ( nil ),https://ghc.yuketang.cn/pro/portal/projectdetail/9dac0cc036414f978631056ff8845a9a,"This course will introduce students to the modelling, quantification, and analysis of uncertainty. Topics covered include: formulation and solution in sample space, random variables, transform techniques, simple stochastic processes and their probability distributions, and limit theorems.","Text Book: ? D.P. Bertsakas and J.N. Tsitsiklis. Introduction to Probability. Athena Scientific, 2nd edition, 2008. Reference books: ? Hao Zhang. Probability Theory. Higher Education Press, 2018. ? G.R. Grimmett and D.R. Stirzaker. Probability and Random Processes. Oxford University Press, 3rd edition, 2001. ? S.M. Ross. A First Course in Probability. Pearson, 8th edition, 2010."
CHINA,Tsinghua University (Vse),MH3512,STOCHASTIC PROCESSES,Major-PE,30231002,30231002 Probability and Stochastic Processes (1),4,Approved,2021,2,Grades: Homework 30% + Midterm 30% + Final 40% (+ Bonus 5%),24,3,nil,,Lecturer: Yuan Shen ( nil ),https://ghc.yuketang.cn/pro/portal/projectdetail/9dac0cc036414f978631056ff8845a9a,"This course will introduce students to the modelling, quantification, and analysis of uncertainty. Topics covered include: formulation and solution in sample space, random variables, transform techniques, simple stochastic processes and their probability distributions, and limit theorems.","Text Book: ? D.P. Bertsakas and J.N. Tsitsiklis. Introduction to Probability. Athena Scientific, 2nd edition, 2008. Reference books: ? Hao Zhang. Probability Theory. Higher Education Press, 2018. ? G.R. Grimmett and D.R. Stirzaker. Probability and Random Processes. Oxford University Press, 3rd edition, 2001. ? S.M. Ross. A First Course in Probability. Pearson, 8th edition, 2010."
CHINA,Tsinghua University (Vse),MH3520,MATHEMATICS OF DEEP LEARNING,Major-PE,30030622,Mathematical Modeling and Data Analysis,4,Approved,2025,2,"Weekly homework assignments, continuous assessment, and a final course project presentation with wri",73,2 tsinghua credits (equivalent to 4 ntu credits per week?),Gem VEnturer,,Chen Gu ( guchch@tsinghua.edu.cn ),https://ghc.yuketang.cn/pro/portal/projectdetail/030439cada884289a532c520f5d8942d,"Build a strong mathematical and computational foundation for machine learning, modeling, and data analysis. ? Applied Linear Algebra ? Numerical Partial Differential Equations (PDEs) ? Computational and Statistical Inverse Problems ? Fundamentals of Machine Learning Lectures: ? Lecture 0: Syllabus ? Lecture 1: Four Special Matrices ? Lecture 2: Matrix Factorization ? Lecture 3: Linear Systems ? Lecture 4: Finite Difference Method ? Lecture 5: Finite Volume Method ? Lecture 6: Finite Element Method ? Lecture 7: Monte Carlo Simulation ? Lecture 8: Bayesian Inference ? Lecture 9: Supervised Learning ? Lecture 10: Physics-Informed Neural Network ? Lecture 11: Unsupervised Learning ? Lecture 12: Generative Model ? Lecture 13: Reinforcement Learning ? Lecture 14: Large Language Model (with the support of ?? AI and ? ????) learn programming in matlab, python, and julia","The course draws from a combination of lecture notes and selected readings in numerical analysis, computational modeling, Bayesian inference, and machine learning. Core reference areas include: ? Applied Linear Algebra (matrix factorization, linear systems) ? Numerical Methods for PDEs (finite difference, finite volume, finite element methods) ? Monte Carlo simulation techniques ? Bayesian inference and inverse problems ? Supervised and unsupervised learning ? Generative models and reinforcement learning ? Physics-informed neural networks ? Large language models and transformer-based architectures"
CHINA,Tsinghua University (Vse),MH4320,COMPUTATIONAL ECONOMICS,Major-PE,40511103,Game Theory,4,Approved,2024,2,"Homework (20%), Mid-term (30%), Final (50%)",48,3,I am participating in the GEM VEnturer (Virtual Education) programme.,,Tracy Xiao Liu ( liuxiao@sem.tsinghua.edu.cn ),https://ghc.yuketang.cn/pro/portal/projectdetail/944b7d4499b94df0abeeb593b610a6fe,"Course Objectives: Game theory is a pillar of modern economics. It also plays an ever- increasing role in other social sciences as law and politics, and in natural science as biology. This course is an introduction to game theory, with 3 objectives: ? to understand basic ideas of game theory; ? to learn the basic concepts and analytical methods of game theory; and ? to acquire the preliminary ability of using game theory to observe economic behavior and phenomenon in the real world","Recommend Textbook: Dixit, Avinash, and Susan Skeath, Games of Strategy, 3rd edition, W. W. Norton & Company, 2009. Teaching Schedule (Chapter Numbers in Textbook, Instruction Dates) Lecture 1: Introduction and General Principles (Ch 1,2) Lecture 2: Games with Sequential Moves (Ch 3) Lecture 3: Simultaneous-Move Games with Pure Strategies I (Ch 4) Lecture 4: Simultaneous-Move Games with Pure Strategies II, III (Ch 5) Lecture 5: Combining Sequential and Simultaneous Moves (Ch 6) Lecture 6: Simultaneous-Move Games with Mixed Strategies I (Ch 7) Lecture 7: Simultaneous-Move Games with Mixed Strategies II (Ch 8) Midterm Lecture 8: Uncertainty and Information (Ch 9) Lecture 9: Strategic Moves (Ch 10) Lecture 10: The Prisoners? Dilemma and Repeated Games (Ch 11) (12/5) Lecture 11: Collective-Action Games (Ch 12) Lecture 12: Evolutionary Games (Ch 13) Lecture 13: Bargaining (Ch 17) Lecture 14: Markets and Competition Final Exam"
CHINA,Tsinghua University (Vse),MH4320,COMPUTATIONAL ECONOMICS,Major-PE,40511103,Game Theory,4,Approved,2023,2,"Homework (20%), Mid-term (30%), Final (50%)",48,3,I am participating in the GEM VEnturer (Virtual Education) programme.,,Tracy Xiao Liu ( liuxiao@sem.tsinghua.edu.cn ),https://ghc.yuketang.cn/pro/portal/projectdetail/944b7d4499b94df0abeeb593b610a6fe,"Course Objectives: Game theory is a pillar of modern economics. It also plays an ever- increasing role in other social sciences as law and politics, and in natural science as biology. This course is an introduction to game theory, with 3 objectives: ? to understand basic ideas of game theory; ? to learn the basic concepts and analytical methods of game theory; and ? to acquire the preliminary ability of using game theory to observe economic behavior and phenomenon in the real world","Recommend Textbook: Dixit, Avinash, and Susan Skeath, Games of Strategy, 3rd edition, W. W. Norton & Company, 2009. Teaching Schedule (Chapter Numbers in Textbook, Instruction Dates) Lecture 1: Introduction and General Principles (Ch 1,2) Lecture 2: Games with Sequential Moves (Ch 3) Lecture 3: Simultaneous-Move Games with Pure Strategies I (Ch 4) Lecture 4: Simultaneous-Move Games with Pure Strategies II, III (Ch 5) Lecture 5: Combining Sequential and Simultaneous Moves (Ch 6) Lecture 6: Simultaneous-Move Games with Mixed Strategies I (Ch 7) Lecture 7: Simultaneous-Move Games with Mixed Strategies II (Ch 8) Midterm Lecture 8: Uncertainty and Information (Ch 9) Lecture 9: Strategic Moves (Ch 10) Lecture 10: The Prisoners? Dilemma and Repeated Games (Ch 11) (12/5) Lecture 11: Collective-Action Games (Ch 12) Lecture 12: Evolutionary Games (Ch 13) Lecture 13: Bargaining (Ch 17) Lecture 14: Markets and Competition Final Exam"
CHINA,Tsinghua University (Vse),MH4519,FINANCIAL ECONOMETRICS,Major-PE,NA,Financial Data Analysis and Applications,4,Approved,2025,1,Two Assignments (40%) + In-Class Quiz (30%) + Final Group Project and Presentation (30%),48,3,Virtual Exchange,,Shuo Liu ( liushuo3@sem.tsinghua.edu.cn ),,"Sep 18 (2nd Week) Review of Basic Econometrics: Cross-Sectional Model ? simple linear model: OLS estimator, heteroskedasticity ? multivariate linear model: collinearity, model specification, and etc Sep 25 Review of Basic Econometrics: Cross-Sectional Model ? endogeneity problem: IV regression ? specific-form independent variable: indicator variable, difference-in- difference (DID) ? specific-form dependent variable: Logit model, Probit model Oct 9 Time Series Model ? AR, MA, ARMA, ARIMA ? ARCH, GARCH Oct 16 Panel Data Model #1 ? fixed effect model, random effect model ? within estimator, HAC standard errors , clustering standard errors Oct 23 Panel Data Model #2 ? dynamic panel data model, varying-coe?icient model Causal Inference (Dealing with Endogeneity) ? Propensity Score Matching (PSM) ? Regression Discontinuity Designs (RDD) Oct 30 Asset Pricing #1 Quiz? Capital Asset Pricing Model (CAPM), Security Market Line ? Fama-Macbech regression Asset Pricing #2 (Multi-Factor Model) ? Fama-French-Carhart four factor models, Portfolio Sorting Analysis ? Arbitrage Pricing Theory (APT) ? model with security characteristics (e.g. fixed income securities) Nov 6 Fixed Income Securities: ? main features of bonds ? yield to maturity (YTM), realized returns and yield curve ? liquidity measures and liquidity premium, corporate bond pricing Nov 13 Trading Strategies: ? strategies based on factor models ? other strategies: mean reversion, momentum, and etc. ? strategies for fixed income securities Nov 20 Machine Learning-1: Regularized Estimation and Unsupervised Learning ? High-dimensional Cross-Sectional Models (with Machine Learning Techniques): Lasso, Ridge, ElasticNet ? Unsupervised Learning: Principal Component Analysis (PCA), Clustering Methods Nov 27 Machine Learning-2: Tree Methods ? basics of Decision Trees ? Random Forests and Boosting Machine Learning-3: Neural Networks Dec 4 Machine Learning in Asset Pricing and Trading Strategies","1. Analysis of Financial Time Series, Ruey S. Tsay, 3rd Edition, 2010. 2. Statistics and Data Analysis for Financial Engineering (with R examples), David Ruppert and David S. Matteson, 2nd Edition, 2015. 3. An Introduction to Statistical Learning (with Applications in R), Gareth James, Daniela Witten, Trevor Hastie and Robert Tibshirani, 2013."
CHINA,Tsinghua University (Vse),PE,PE,Major-PE,40511103,Game Theory,3,Approved,2024,2,"Homework, midterm, final",48,3,"Hi! I intend to match this virtual course to a Generic MPE, under AI focus area. I?ve consulted with Professor Jagath on the matching approval previously. Thanks!",,Xiao Liu ( xiaoliu@tsinghua.edu.cn ),,"Game theory is a pillar of modern economics. It also plays an ever- increasing role in other social sciences as law and politics, and in natural science as biology. This course is an introduction to game theory, with 3 objectives: ? to understand basic ideas of game theory; ? to learn the basic concepts and analytical methods of game theory; and ? to acquire the preliminary ability of using game theory to observe economic behavior and phenomenon in the real world Designed for students with a foundation in mathematics, programming, or analytics, this course delves into the principles of non-cooperative and cooperative games while leveraging AI and machine learning to model, simulate, and predict strategic behavior in real-world scenarios. Through case studies and practical projects, participants will: - Apply machine learning techniques to analyze multi-agent interactions and optimise strategies - Use AI algorithms to design and evaluate automated decision-making systems in competitive environments. - Harness data analytics to derive insights from dynamic and uncertain environments.","Dixit, Avinash, and Susan Skeath, Games of Strategy, 3rd edition, W. W. Norton & Company, 2009."
CHINA,Tsinghua University (Vse),SC1003,INTRO TO COMPUT THINKING & PRO,BDE,30231142,Fundamentals of Computer Programming (1),3,Approved,2025,1,Final Written Test (40%); Computer-Based Exam (30%); Weekly Homework and Experiments (30%),In-Class Hours: 32; Total Hours: 72,2,GEM VEnturer (Virtual Education),,Assistant Professor Lin Xing ( - ),https://cloud.tsinghua.edu.cn/f/dc1b6b00200c4858b507/,Chapter 1: Course Introduction; Chapter 2: Basic Data Types in C Language; Chapter 3: Data Input and Output; Chapter 4: C Expressions and Macro Definitions; Chapter 5: Selection Structures; Chapter 6: Compilation Preprocessing; Chapter 7: Loop Structure; Chapter 8: Module Design; Chapter 9: Arrays; Chapter 10: Pointers (I & II); Chapter 11: Structures and Unions (I & II); Chapter 12: Files; Chapter 13: Bitwise Operation; Course Summary and Review,-
CHINA,Tsinghua University (Vse),SC1005,DIGITAL LOGIC,BDE,30231063,Fundamentals of Digital Logic and Processors,3,Approved,2025,1,Online,48,3,Participating in the GEM VEnturer (Virtual Education) programme.,,Li Xueqing ( xueqingli@tsinghua.edu.cn ),https://ghc.yuketang.cn/pro/portal/projectdetail/abb2333d81ba45c9869f4b6e93e81045,"The goal of this course is to build the connection between the fundamental physics and computing algorithms through digital circuits and processors. This course covers the basic concepts of electronic engineering from digital logic circuits to microcomputer processors in a systematic and simplified manner. The class is divided into two sections. The first section of digital circuits describes how digital circuits work at the gate and flip-flop levels and contains the analysis and design of combinational and sequential circuits. The second section describes micro-processor organization and architecture. It introduces the fundamental concepts such as computer instruction sets, ALU, controller, registers and I/O. A single- cycle processor and another pipelined version will be discussed. The textbooks, slides, lectures, homework assignments and exams will be in English.",need to learn basic programming and circuit theory before taking this course.
CHINA,Tsinghua University (Vse),SC2006,SOFTWARE ENGINEERING,Core,NA,Process and Methods of Software Project Management,3,Approved,2023,1,"1. Virtual Project(homework, presentation, and sitcom) 50% 2. Open-book Examination 45% 3. Others",144,3,01. Introduction of Software Project Management 02. Software Development Context and Maturity model 03. Software Project Management Process Groups and Stakeholder Management 04. Software Project Integration Management 05. Software Project Scope Management 06. Software Project Time Management 07. Software Project Cost Management 08. Mid-Term Report 09. Software Project Quality Management 10. Software Project Human Resource Management 11. Software Project Communications Management 12. Software Project Risk Management 13. Software Project Procurement Management 14. PRINCE2 15. Short Sitcoms,,Yong Zhang ( zhangyong05@tsinghua.edu.cn ),https://ghc.yuketang.cn/pro/portal/projectdetail/e6aa284779424fdb9682d739a5036ef9,"Software project management is the art and science of planning and leading software projects. It is a sub-discipline of project management in which software projects are planned, monitored and controlled. Using software development life cycle and process groups as two main threads, this course introduces the procedures and methods of software project management, which will help keep projects under control, and produce software with required functions in shorter time, higher quality and predicable cost. This course follows the ten Project Management Knowledge Areas that are defined in PMBOK - integration, scope, schedule, cost, quality, resource, communications, risk, procurement, and stakeholder - using the experiences of real-life businesses involving software. The students are organized in groups to do the homework and give presentations. Virtual software projects are assigned to groups. Typical scenarios are designed in the projects to help students understand the ten knowledge areas by solving the issues in the projects through group discussion and collaboration.","1. ?Information Technology Project Management (9th)?, Kathy Schwalbe, Cengage Learning, 2018 2. PMBOK? Guide ? Sixth Edition, Project Management Institute, 2017 3.?Software Project Management 5th Revised ed. Edition?, Bob Hughes, Mike Cotterell, McGraw-Hill Education, 2009"
CHINA,Tsinghua University (Vse),SC4000,MACHINE LEARNING,Major-PE,01510243,Big Data and Machine Intelligence,3,Approved,2025,2,Continuous assessment (coursework / practical exercises / project),96 Hours,3 credits,"Actual period of exchange: 25 February 2026 ? 12 June 2026. This course has been previously approved for credit transfer in prior exchange semesters (e.g. Aug?Dec 2023, Jan?May 2024, Aug?Dec 2024, Jan?May 2025) as a machine learning?related course with substantial overlap in learning outcomes. Prerequisites for this course include sophomore standing or above, with foundational knowledge in Calculus, Probability, Linear Algebra, and at least one programming language, which is consistent with the prerequisite level and academic rigor of SC4000 Machine Learning.",,Li Chao; Guo Min; Zhang Yisong; Ma Xiaodong; Gao Ying; Zhou Jin; Yang Jianxin; Li Shuangshou ( li-chao@tsinghua.edu.cn ),http://zhjw.cic.tsinghua.edu.cn/kc.kcKcb.do?m=showKcXx&p_kch=01510243&kcfldm=001,"This course introduces the fundamentals and practical implementation of machine intelligence systems. Machine intelligence refers to intelligent machines and software that rely on algorithms to reason over observed data in order to make useful predictions and decisions. The course integrates concepts from machine learning, artificial intelligence, data modelling, and computation. Core topics include basic concepts of machine learning, supervised and unsupervised learning, basic concepts of deep learning, and the foundational principles of large language models (LLMs). Students study modern deep learning architectures, including neural networks and Transformer-based models, as well as current frontier research topics such as efficient inference for large-scale models. The course places strong emphasis on hands-on practice. Practical components include Python-based machine learning using scikit-learn, deep learning implementation using TensorFlow 2 / Keras, data processing, data analysis, and model training. Students also complete practical exercises and a course project involving the deployment or application of trained machine learning models. The course is designed to be challenging and research-oriented, exposing students to both theoretical foundations and applied techniques in modern machine learning and artificial intelligence systems.","Aurelien Geron, Hands-On Machine Learning with Scikit-Learn, Keras, and TensorFlow, 2nd Edition, O?Reilly Media, 2019. The course draws from chapters covering machine learning fundamentals, supervised and unsupervised learning methods, model training and evaluation, neural networks, deep learning with TensorFlow/Keras, and practical machine learning workflows. Additional lecture materials are provided by the teaching team to cover large language models, Transformer architectures, and recent advances in machine intelligence research."
CHINA,Tsinghua University (Vse),SC4000,MACHINE LEARNING,Core,80250993,Machine Learning,3,Approved,2025,1,"30% homework, 10% midterm report, 30% course project, 30% final exam",1,-,GEM VEnturer (Virtual Education) programme,,Xuegong Zhang ( zhangxg@tsinghua.edu.cn ),https://ghc.yuketang.cn/pro/portal/projectdetail/73c6e64e993645e0b1144e8629bd371a,"This is a comprehensive course on machine learning for graduate students and senior undergraduate students. The course will cover basic concepts of machine learning and pattern recognition, basic mathematical developments of major methods, a broad range of representative algorithms, and introductions to latest deep learning technologies and large models.","1. ?????????????????????????????????? ???? 2021.8 (Xuegong Zhang, Xiaowo Wang, Pattern Recognition: Pattern Recognition and Machine Learning (4th Edition), Tsinghua University Press, 2021, in Chinese) 2. R.O. Duda P.E. Hart, D.G. Stork, Pattern Classification (2nd edition), John Wiley & Sons, Inc, 2001 (Chinese translation also available) 3. S. Raschka & V. Mirjalili, Python Machine Learning (2nd edition), Birmingham, Packt Publishing, 2017 (available at https://subscription.packtpub.com/book/big_data_and_business_intelligence/ 9781787125933) 4. Y. S. Abu-Mostafa, M. Magdon-Ismail, H-T. Lin, Learning from Data, AMLbook.com, 2012 (available at http://amlbook.com/) 5. Christopher M. Bishop, Pattern Recognition and Machine Learning, NY: Springer, 2006 (partially available at https://www.microsoft.com/en-us/research/wp- content/uploads/2016/05/Bishop-PRML-sample.pdf and https://pdfs.semanticscholar.org/8f8f/9222d66a30f1f4026dc1035ef10f9cc d079d.pdf ) 6. T. Hastie, R. Tibshirani, J. Friedman, The Elements of Statistical Learning (2nd edition), Springer, 2016 (available at https://web.stanford.edu/~hastie/ElemStatLearn/) 7. S. Shalev-Shwartz & S. Ben-David, Understanding Machine Learning: From Theory to Algorithms, Cambridge University Press, 2014 (available at http://www.cs.huji.ac.il/~shais/UnderstandingMachineLearning) 8. I. Goodfellow, Y. Bengio, A. Courville, Deep Learning, MIT Press, 2017 (available at http://www.deeplearningbook.org/ and https://github.com/janishar/mit-deep-learning-book-pdf)"
CHINA,Tsinghua University (Vse),SC4000,MACHINE LEARNING,Core,01510243,Big Data and Machine Intelligence,3,Approved,2024,2,Continuous assessment (coursework / practical exercises / project),96 Hours,3 credits,"Actual period of exchange: 25 February 2026 ? 12 June 2026. This course has been previously approved for credit transfer in prior exchange semesters (e.g. Aug?Dec 2023, Jan?May 2024, Aug?Dec 2024, Jan?May 2025) as a machine learning?related course with substantial overlap in learning outcomes. Prerequisites for this course include sophomore standing or above, with foundational knowledge in Calculus, Probability, Linear Algebra, and at least one programming language, which is consistent with the prerequisite level and academic rigor of SC4000 Machine Learning.",,Li Chao; Guo Min; Zhang Yisong; Ma Xiaodong; Gao Ying; Zhou Jin; Yang Jianxin; Li Shuangshou ( li-chao@tsinghua.edu.cn ),http://zhjw.cic.tsinghua.edu.cn/kc.kcKcb.do?m=showKcXx&p_kch=01510243&kcfldm=001,"This course introduces the fundamentals and practical implementation of machine intelligence systems. Machine intelligence refers to intelligent machines and software that rely on algorithms to reason over observed data in order to make useful predictions and decisions. The course integrates concepts from machine learning, artificial intelligence, data modelling, and computation. Core topics include basic concepts of machine learning, supervised and unsupervised learning, basic concepts of deep learning, and the foundational principles of large language models (LLMs). Students study modern deep learning architectures, including neural networks and Transformer-based models, as well as current frontier research topics such as efficient inference for large-scale models. The course places strong emphasis on hands-on practice. Practical components include Python-based machine learning using scikit-learn, deep learning implementation using TensorFlow 2 / Keras, data processing, data analysis, and model training. Students also complete practical exercises and a course project involving the deployment or application of trained machine learning models. The course is designed to be challenging and research-oriented, exposing students to both theoretical foundations and applied techniques in modern machine learning and artificial intelligence systems.","Aurelien Geron, Hands-On Machine Learning with Scikit-Learn, Keras, and TensorFlow, 2nd Edition, O?Reilly Media, 2019. The course draws from chapters covering machine learning fundamentals, supervised and unsupervised learning methods, model training and evaluation, neural networks, deep learning with TensorFlow/Keras, and practical machine learning workflows. Additional lecture materials are provided by the teaching team to cover large language models, Transformer architectures, and recent advances in machine intelligence research."
CHINA,Tsinghua University (Vse),SC4000,MACHINE LEARNING,Major-PE,01510243,Big Data and Machine Intelligence,3,Approved,2024,1,Continuous assessment (coursework / practical exercises / project),96 Hours,3 credits,"Actual period of exchange: 25 February 2026 ? 12 June 2026. This course has been previously approved for credit transfer in prior exchange semesters (e.g. Aug?Dec 2023, Jan?May 2024, Aug?Dec 2024, Jan?May 2025) as a machine learning?related course with substantial overlap in learning outcomes. Prerequisites for this course include sophomore standing or above, with foundational knowledge in Calculus, Probability, Linear Algebra, and at least one programming language, which is consistent with the prerequisite level and academic rigor of SC4000 Machine Learning.",,Li Chao; Guo Min; Zhang Yisong; Ma Xiaodong; Gao Ying; Zhou Jin; Yang Jianxin; Li Shuangshou ( li-chao@tsinghua.edu.cn ),http://zhjw.cic.tsinghua.edu.cn/kc.kcKcb.do?m=showKcXx&p_kch=01510243&kcfldm=001,"This course introduces the fundamentals and practical implementation of machine intelligence systems. Machine intelligence refers to intelligent machines and software that rely on algorithms to reason over observed data in order to make useful predictions and decisions. The course integrates concepts from machine learning, artificial intelligence, data modelling, and computation. Core topics include basic concepts of machine learning, supervised and unsupervised learning, basic concepts of deep learning, and the foundational principles of large language models (LLMs). Students study modern deep learning architectures, including neural networks and Transformer-based models, as well as current frontier research topics such as efficient inference for large-scale models. The course places strong emphasis on hands-on practice. Practical components include Python-based machine learning using scikit-learn, deep learning implementation using TensorFlow 2 / Keras, data processing, data analysis, and model training. Students also complete practical exercises and a course project involving the deployment or application of trained machine learning models. The course is designed to be challenging and research-oriented, exposing students to both theoretical foundations and applied techniques in modern machine learning and artificial intelligence systems.","Aurelien Geron, Hands-On Machine Learning with Scikit-Learn, Keras, and TensorFlow, 2nd Edition, O?Reilly Media, 2019. The course draws from chapters covering machine learning fundamentals, supervised and unsupervised learning methods, model training and evaluation, neural networks, deep learning with TensorFlow/Keras, and practical machine learning workflows. Additional lecture materials are provided by the teaching team to cover large language models, Transformer architectures, and recent advances in machine intelligence research."
CHINA,Tsinghua University (Vse),SC4000,MACHINE LEARNING,Major-PE,01510243,Big Data and Machine Intelligence,3,Approved,2023,2,Continuous assessment (coursework / practical exercises / project),96 Hours,3 credits,"Actual period of exchange: 25 February 2026 ? 12 June 2026. This course has been previously approved for credit transfer in prior exchange semesters (e.g. Aug?Dec 2023, Jan?May 2024, Aug?Dec 2024, Jan?May 2025) as a machine learning?related course with substantial overlap in learning outcomes. Prerequisites for this course include sophomore standing or above, with foundational knowledge in Calculus, Probability, Linear Algebra, and at least one programming language, which is consistent with the prerequisite level and academic rigor of SC4000 Machine Learning.",,Li Chao; Guo Min; Zhang Yisong; Ma Xiaodong; Gao Ying; Zhou Jin; Yang Jianxin; Li Shuangshou ( li-chao@tsinghua.edu.cn ),http://zhjw.cic.tsinghua.edu.cn/kc.kcKcb.do?m=showKcXx&p_kch=01510243&kcfldm=001,"This course introduces the fundamentals and practical implementation of machine intelligence systems. Machine intelligence refers to intelligent machines and software that rely on algorithms to reason over observed data in order to make useful predictions and decisions. The course integrates concepts from machine learning, artificial intelligence, data modelling, and computation. Core topics include basic concepts of machine learning, supervised and unsupervised learning, basic concepts of deep learning, and the foundational principles of large language models (LLMs). Students study modern deep learning architectures, including neural networks and Transformer-based models, as well as current frontier research topics such as efficient inference for large-scale models. The course places strong emphasis on hands-on practice. Practical components include Python-based machine learning using scikit-learn, deep learning implementation using TensorFlow 2 / Keras, data processing, data analysis, and model training. Students also complete practical exercises and a course project involving the deployment or application of trained machine learning models. The course is designed to be challenging and research-oriented, exposing students to both theoretical foundations and applied techniques in modern machine learning and artificial intelligence systems.","Aurelien Geron, Hands-On Machine Learning with Scikit-Learn, Keras, and TensorFlow, 2nd Edition, O?Reilly Media, 2019. The course draws from chapters covering machine learning fundamentals, supervised and unsupervised learning methods, model training and evaluation, neural networks, deep learning with TensorFlow/Keras, and practical machine learning workflows. Additional lecture materials are provided by the teaching team to cover large language models, Transformer architectures, and recent advances in machine intelligence research."
CHINA,Tsinghua University (Vse),SC4000,MACHINE LEARNING,Major-PE,1510243,Big Data and Machine Intelligence,3,Approved,2023,2,According to the performance of 3 individual projects.,48,3,Gem Venturer 2023/24 Sem 2,,Zhen Liu ( nil ),https://ghc.yuketang.cn/pro/portal/projectdetail/114b9bd72e2d423d9a67a5f0ff150007,"This course is teaching students to use Python, and TensorFlow2 in learning the principle of machine intelligent system. Python is a popular language in data science and machine learning and TensorFlow2 is a popular library for machine learning using Python as frontend. This course introduces Python in programming practice, and students will be instructed to programming practice based on Jupyter notebook. Tensorflow2 is a popular machine learning library. Students will be instructed to use TensorFlow2 and Keras to build deep models of MLP, convolutional network and recurrent networks to solve speech recognition, computer vision task and natural language processing etc.",Lecure1: Course Intro/ Settings Lecure2-3: Python/Libraires/Jupyter-lab Lecure4-5: Machine Learning with Scikit-learn Lecure6-9: Deep learning with TensorFlow2 Lecure10-13: Deep Learning Applications: Computer Vision /Natural Language Processing /Automatic Speech Recognition Course Project1-2: Data analysis project Course project3: Spectrogram project
CHINA,Tsinghua University (Vse),SC4000,MACHINE LEARNING,Major-PE,BDMI-2024S,Big Data and Machine Intelligence,3,Approved,2023,2,Assignments and Group Project,96,-,GEM VEnturer,,Men Kai Wen ( mkw22@mails.tsinghua.edu.cn ),https://gitee.com/saturnlab/BDMI-2024S,"This course is teaching students to use Python, and TensorFlow2 in learning the principle of machine intelligent system. Python is a popular language in data science and machine learning and TensorFlow2 is a popular library for machine learning using Python as frontend. This course introduces Python in programming practice, and students will be instructed to programming practice based on Jupyter notebook. Tensorflow2 is a popular machine learning library. Students will be instructed to use TensorFlow2 and Keras to build deep models of MLP, convolutional network and recurrent networks to solve speech recognition, computer vision task and natural language processing etc.","Textbooks and Reference Books: 1. Aurelien Geron, Hands-On Machine Learning with Scikit-Learn, Keras, and TensorFlow, 2nd Edition, Mechanical Industry Press, October 2020. 2. Ian Goodfellow, Yoshua Bengio, and Aaron Courville, Deep Learning, MIT Press, Cambridge, MA, 2016. Schedule: https://gitee.com/saturnlab/BDMI- 2024S/blob/master/Schedule/Schedule-en.md"
CHINA,Tsinghua University (Vse),SC4000,MACHINE LEARNING,Major-PE,01510243,Big Data and Machine Intelligence,3,Approved,2023,1,Continuous assessment (coursework / practical exercises / project),96 Hours,3 credits,"Actual period of exchange: 25 February 2026 ? 12 June 2026. This course has been previously approved for credit transfer in prior exchange semesters (e.g. Aug?Dec 2023, Jan?May 2024, Aug?Dec 2024, Jan?May 2025) as a machine learning?related course with substantial overlap in learning outcomes. Prerequisites for this course include sophomore standing or above, with foundational knowledge in Calculus, Probability, Linear Algebra, and at least one programming language, which is consistent with the prerequisite level and academic rigor of SC4000 Machine Learning.",,Li Chao; Guo Min; Zhang Yisong; Ma Xiaodong; Gao Ying; Zhou Jin; Yang Jianxin; Li Shuangshou ( li-chao@tsinghua.edu.cn ),http://zhjw.cic.tsinghua.edu.cn/kc.kcKcb.do?m=showKcXx&p_kch=01510243&kcfldm=001,"This course introduces the fundamentals and practical implementation of machine intelligence systems. Machine intelligence refers to intelligent machines and software that rely on algorithms to reason over observed data in order to make useful predictions and decisions. The course integrates concepts from machine learning, artificial intelligence, data modelling, and computation. Core topics include basic concepts of machine learning, supervised and unsupervised learning, basic concepts of deep learning, and the foundational principles of large language models (LLMs). Students study modern deep learning architectures, including neural networks and Transformer-based models, as well as current frontier research topics such as efficient inference for large-scale models. The course places strong emphasis on hands-on practice. Practical components include Python-based machine learning using scikit-learn, deep learning implementation using TensorFlow 2 / Keras, data processing, data analysis, and model training. Students also complete practical exercises and a course project involving the deployment or application of trained machine learning models. The course is designed to be challenging and research-oriented, exposing students to both theoretical foundations and applied techniques in modern machine learning and artificial intelligence systems.","Aurelien Geron, Hands-On Machine Learning with Scikit-Learn, Keras, and TensorFlow, 2nd Edition, O?Reilly Media, 2019. The course draws from chapters covering machine learning fundamentals, supervised and unsupervised learning methods, model training and evaluation, neural networks, deep learning with TensorFlow/Keras, and practical machine learning workflows. Additional lecture materials are provided by the teaching team to cover large language models, Transformer architectures, and recent advances in machine intelligence research."
CHINA,Tsinghua University (Vse),SC4001,NEURAL NETWORK & DEEP LEARNING,Major-PE,01510243,Big Data and Machine Intelligence,3,Approved,2025,2,Assessment,48,3,GEM VEnturer (Virtual Education) Programme,,Zhen Chen ( zhenchen@tsinghua.edu.cn ),https://ghc.yuketang.cn/pro/portal/projectdetail/7230d868b7a443bfb96302511e96d25a,"Intelligent machines and intelligent software rely on algorithms that can reason about observed data to make predictions or decisions that are useful. Such systems rely on machine learning and artificial intelligence, combining computation, data, models, and algorithms. This course targets to learn the fundamentals of machine intelligence systems, including:Basic concepts of machine learning, Basic concepts of deep learning,The basic principles and frontiers of LLMs. This course also provide handson pracice, including scikit-learn practice, TensorFlow2 Practice and course project. The cutting-edge exploration module of the course study includes machine intelligence based on the Large Language Model (LLM), including: modern deep learning architectures, the Transformer , and cutting-edge research advances in LLM, such as high-efficiency inference. The topics selected for the course are challenging and cutting-edge research.","???????? ????????Aurelien Geron? ?????? ????Scikit-Learn?Keras?TensorFlow????2?????? ?????2020-10. Aurelien Geron, Hands-on Machine Learning with Scikit-Learn, Keras and TensorFlow, O'Reilly book, 2019."
CHINA,Tsinghua University (Vse),SC4001,NEURAL NETWORK & DEEP LEARNING,Major-PE,1510243,Big Data and Machine Intelligence,3,Approved,2025,2,Assessment,48,3,participating in the GEM VEnturer (Virtual Education) programme,,Zhen Chen ( zhenchen@tsinghua.edu.cn ),https://ghc.yuketang.cn/pro/portal/projectdetail/7230d868b7a443bfb96302511e96d25a,"Intelligent machines and intelligent software rely on algorithms that can reason about observed data to make predictions or decisions that are useful. Such systems rely on machine learning and artificial intelligence, combining computation, data, models, and algorithms. This course targets to learn the fundamentals of machine intelligence systems, including:Basic concepts of machine learning,Basic concepts of deep learning,The basic principles and frontiers of LLMs. This course also provide handson pracice, including scikit-learn practice, TensorFlow2 Practice and course project. The cutting-edge exploration module of the course study includes machine intelligence based on the Large Language Model (LLM), including: modern deep learning architectures, the Transformer , and cutting-edge research advances in LLM, such as high-efficiency inference. The topics selected for the course are challenging and cutting-edge research","Aurelien Geron, *Hands-on Machine Learning with Scikit-Learn, Keras and TensorFlow* (2nd Edition), Machinery Industry Press, October 2020. (O'Reilly book, 2019)"
CHINA,Tsinghua University (Vse),SC4001,NEURAL NETWORK & DEEP LEARNING,Major-PE,project1classdaaa6,Big Data and Machine Intelligence,3,Approved,2024,2,"Project, Exam",96,3,-,,Guo Min Zhang ( z-m@tsinghua.edu.cn ),https://gem.ntu.edu.sg/_customtags/ct_DocumentRetrieve.cfm?token=eyJ0eXAiOiJKV1QiLCJhbGciOiJIUzI1NiJ9.eyJwYXlsb2FkIjp7InRpbWVzdGFtcCI6IjIwMjQtMTItMjRUMDg6NDU6MTYiLCJleHBpcmVMaW5rIjp0cnVlLCJmaWxlSWQiOj,"This course is teaching students to use Python, and TensorFlow2 in learning the principle of machine intelligent system. Python is a popular language in data science and machine learning and TensorFlow2 is a popular library for machine learning using Python as frontend. This course introduces Python in programming practice, and students will be instructed to programming practice based on Jupyter notebook. Tensorflow2 is a popular machine learning library. Students will be instructed to use TensorFlow2 and Keras to build deep models of MLP, convolutional network and recurrent networks to solve speech recognition, computer vision task and natural language processing etc.","????2???????????2020-10. 2. Ian Goodfellow, Yoshua Bengio, Aaron Courville, Deep Learning, MIT Press, Cambridge, MA, 2016."
CHINA,Tsinghua University (Vse),SC4001,NEURAL NETWORK & DEEP LEARNING,BDE,01510243,Big Data and Machine Intelligence,3,Approved,2024,1,Assessment,48,3,GEM VEnturer (Virtual Education) Programme,,Zhen Chen ( zhenchen@tsinghua.edu.cn ),https://ghc.yuketang.cn/pro/portal/projectdetail/7230d868b7a443bfb96302511e96d25a,"Intelligent machines and intelligent software rely on algorithms that can reason about observed data to make predictions or decisions that are useful. Such systems rely on machine learning and artificial intelligence, combining computation, data, models, and algorithms. This course targets to learn the fundamentals of machine intelligence systems, including:Basic concepts of machine learning, Basic concepts of deep learning,The basic principles and frontiers of LLMs. This course also provide handson pracice, including scikit-learn practice, TensorFlow2 Practice and course project. The cutting-edge exploration module of the course study includes machine intelligence based on the Large Language Model (LLM), including: modern deep learning architectures, the Transformer , and cutting-edge research advances in LLM, such as high-efficiency inference. The topics selected for the course are challenging and cutting-edge research.","???????? ????????Aurelien Geron? ?????? ????Scikit-Learn?Keras?TensorFlow????2?????? ?????2020-10. Aurelien Geron, Hands-on Machine Learning with Scikit-Learn, Keras and TensorFlow, O'Reilly book, 2019."
CHINA,Tsinghua University (Vse),SC4001,NEURAL NETWORK & DEEP LEARNING,Major-PE,26,Big Data and Machine Intelligence,3,Approved,2024,1,Course Project1-2: Data analysis project Course project3: Spectrogram project Grades: According to t,Contact hours inside class: 48 Contact hours outside class: 96,3,I am participating in the GEM VEnturer (Virtual Education) programme.,,Zhen Liu ( N.A ),https://ghc.yuketang.cn/pro/portal/projectdetail/114b9bd72e2d423d9a67a5f0ff150007,"This course is teaching students to use Python, and TensorFlow2 in learning the principle of machine intelligent system. Python is a popular language in data science and machine learning and TensorFlow2 is a popular library for machine learning using Python as frontend. This course introduces Python in programming practice, and students will be instructed to programming practice based on Jupyter notebook. Tensorflow2 is a popular machine learning library. Students will be instructed to use TensorFlow2 and Keras to build deep models of MLP, convolutional network and recurrent networks to solve speech recognition, computer vision task and natural language processing etc.",Syllabus Lecure1: Course Intro/ Settings Lecure2-3: Python/Libraires/Jupyter-lab Lecure4-5: Machine Learning with Scikit-learn Lecure6-9: Deep learning with TensorFlow2 Lecure10-13: Deep Learning Applications: Computer Vision /Natural Language Processing /Automatic Speech Recognition
CHINA,Tsinghua University (Vse),SC4001,NEURAL NETWORK & DEEP LEARNING,Major-PE,NA,Big Data and Machine Intelligence,3,Approved,2024,1,Course Project,96,3,GEM VEnturer (Virtual Education) programme,,Chen Zhen ( NA ),https://ghc.yuketang.cn/pro/portal/projectdetail/114b9bd72e2d423d9a67a5f0ff150007,"This course is teaching students to use Python, and TensorFlow2 in learning the principle of machine intelligent system. Python is a popular language in data science and machine learning and TensorFlow2 is a popular library for machine learning using Python as frontend. This course introduces Python in programming practice, and students will be instructed to programming practice based on Jupyter notebook. Tensorflow2 is a popular machine learning library. Students will be instructed to use TensorFlow2 and Keras to build deep models of MLP, convolutional network and recurrent networks to solve speech recognition, computer vision task and natural language processing etc.","Textbooks and Reference Books: 1. Aurelien Geron, Hands-On Machine Learning with Scikit-Learn, Keras, and TensorFlow, 2nd Edition, Mechanical Industry Press, October 2020. 2. Ian Goodfellow, Yoshua Bengio, and Aaron Courville, Deep Learning, MIT Press, Cambridge, MA, 2016"
CHINA,Tsinghua University (Vse),SC4001,NEURAL NETWORK & DEEP LEARNING,BDE,01510243,Big Data and Machine Intelligence,3,Approved,2023,1,Assessment,48,3,GEM VEnturer (Virtual Education) Programme,,Zhen Chen ( zhenchen@tsinghua.edu.cn ),https://ghc.yuketang.cn/pro/portal/projectdetail/7230d868b7a443bfb96302511e96d25a,"Intelligent machines and intelligent software rely on algorithms that can reason about observed data to make predictions or decisions that are useful. Such systems rely on machine learning and artificial intelligence, combining computation, data, models, and algorithms. This course targets to learn the fundamentals of machine intelligence systems, including:Basic concepts of machine learning, Basic concepts of deep learning,The basic principles and frontiers of LLMs. This course also provide handson pracice, including scikit-learn practice, TensorFlow2 Practice and course project. The cutting-edge exploration module of the course study includes machine intelligence based on the Large Language Model (LLM), including: modern deep learning architectures, the Transformer , and cutting-edge research advances in LLM, such as high-efficiency inference. The topics selected for the course are challenging and cutting-edge research.","???????? ????????Aurelien Geron? ?????? ????Scikit-Learn?Keras?TensorFlow????2?????? ?????2020-10. Aurelien Geron, Hands-on Machine Learning with Scikit-Learn, Keras and TensorFlow, O'Reilly book, 2019."
CHINA,Tsinghua University (Vse),SC4021,INFORMATION RETRIEVAL,Major-PE,80240573,Web and Information Retrieval,3,Approved,2025,2,???????????????????Coffee Time???????????,48,3,Map to SC3xxx,,?? ( z-m@mail.tsinghua.edu.cn ),https://webvpn.tsinghua.edu.cn/http/77726476706e69737468656265737421eaff4b8b227e6b597d469dbf915b243d1569e38ddd4b59c06f/js.vjsKcbBs.do?m=showToXs&p_id=2003990134;80240573,"This course introduces the kernel and state-of-the-art technologies in Web information retrieval (Web IR, including search and personalized recommendation) research and practice, as well as open problems and challenges. Fresh Web applications and future IR design will be discussed in the course coffee time and seminar. Active thinking and discussion are highly encouraged in this course. Final scores are given by results of homework assignments + final project design & implementation and talk in the course workshop + course coffee time presentation (bonus)","Proceedings of top conferences such as SIGIR, WWW, WSDM, CIKM, RecSys, CHIIR; and ACM TOIS journal papers."
CHINA,Tsinghua University (Vse),SC4023,BIG DATA MANAGEMENT,Major-PE,80240693,Introduction to Big Data Systems,3,Approved,2023,1,"Assignments and Labs (50%), Projects (15%), Mid-Term Exam (10%), Final Exam (25%)",144,3,18 Sep 2023 - 22 Jan 2024,,Guangwen Chen ( cwg@tsinghua.edu.cn ),https://ghc.yuketang.cn/pro/portal/projectdetail/cc717ccfd2494f3d97c691e7ce96c236,"The course starts with an overview of the big data analytics, clustering and distributed programming. We will also cover methods for processing big data as well as optimization techniques. Graph processing and visualization of big data will be covered. There will be labs and projects which allow students to experiment with real data and apply the knowledge of what they learnt in class Contact hours inside class? 48 Contact hours outside class?96","A. Lecture plan 1. Overview of Big data analysis(Lecture 1) 2. Introduction to clustering and distributed programming(Lecture 2) 3. Distributed storage systems 3.1 Distributed file systems(Lecture 3) 3.2 Key-value stores(Lecture 4) 4. Big data processing 4.1 Online big data processing(Lecture 5) 4.2 Offline big data analysis(Lecture 6) 4.3 Stream processing(Lecture 7) 5. Optimizations on big data systems 5.1 Column database and query analysis(Lecture 8) 5.2 In-memory computation(Lecture 9) 5.3 Data transfer optimization(Lecture 10) 6. Graph processing 6.1 Programming framework for graph processing(Lecture 11) 6.2 Storage systems for graphs(Lecture 12) 7. Case study of big data analysis(Lecture 13) 8. Privacy in big data(Lecture 14) 9. Visualization of big data(Lecture 15) B. Labs 1. Lab Rationale: A series of experiments on the same dataset, to understand what can be done with specific big data systems, and compare the programming efforts and performance of different systems. 2. Data for labs: Real Sina weibo data collected from Oct. 2012 to May 2013. (1) Connections among 300million users. (2) Weibo post of top 10 million users(1000 Weibo post at most per user) (3) Profile information of 100million users 3. Labs L1. The most silent people Install Hadoop and write MapReduce to find 100 people who has the least number of weibo post L2. Hot words Find out the top 50 hot words in all weibo post L3. Hot words on the fly Based on L2, L4. Who is the most important person? Use Hadoop and Spark to implement PageRank on the weibo connection data to find out the most important 1000 people. L5. How to connect you? Given two weibo id, find the path to connect the two ids. Use graphlab to implement the shortest path algorithm. L6. Visualization Generate the word-cloud for any specific weibo user."
CHINA,Tsinghua University (Vse),SC5002,ART INTELL FUND & APP,BDE,1510243,Big Data and Machine Intelligence,3,Approved,2025,2,Assessment (No further details specified),48,3,Syllabus document is attached,,Zhen Chen ( zhenchen@tsinghua.edu.cn ),https://gem.ntu.edu.sg/_customtags/ct_DocumentRetrieve.cfm?token=eyJ0eXAiOiJKV1QiLCJhbGciOiJIUzI1NiJ9.eyJwYXlsb2FkIjp7InRpbWVzdGFtcCI6IjIwMjUtMTItMTVUMDM6NDk6MTgiLCJleHBpcmVMaW5rIjp0cnVlLCJmaWxlSWQiOj,"Intelligent machines and intelligent software rely on algorithms that can reason about observed data to make predictions or decisions that are useful. Such systems rely on machine learning and artificial intelligence, combining computation, data, models, and algorithms. This course targets to learn the fundamentals of machine intelligence systems, including:Basic concepts of machine learning,Basic concepts of deep learning,The basic principles and frontiers of LLMs. This course also provide handson pracice, including scikit-learn practice, TensorFlow2 Practice and course project. The cutting-edge exploration module of the course study includes machine intelligence based on the Large Language Model (LLM), including: modern deep learning architectures, the Transformer , and cutting-edge research advances in LLM, such as high-efficiency inference. The topics selected for the course are challenging and cutting-edge research.","Aurelien Geron, Hands-on Machine Learning with Scikit-Learn, Keras and TensorFlow, O'Reilly book, 2019."
CHINA,Tsinghua University (Vse),UE,UE,UE,NA,Machine Learning,3,Approved,2023,1,Assessment: 1. Homework 40%; 2. Final Project 60%,48+96,3,NA,,"Jie Tang,Jun Zhu ( NA )",https://ghc.yuketang.cn/pro/portal/projectdetail/3601335fbc934b249738fff87b82972a,"Data representation(e.g.,vector space model,language model); Basic probability theory(e.g., likelihood,conditional probability,posterior probability,Bayes);Basic linear algerbra(e.g.,linear transformations,eigenvalues,least-squares best fit)",01. Introduction of Machine Learning 02. Support Vector Machine 03. Probabilistic Methods for Classification 04. Deep Neural Networks 05. Clustering and EM algorithm 06. Dimensional Reduction 07. Deep Generative Models 08. Adversarial Attack and Defense 9. Ensemble methods 10. Natural Language Processing: basics 11. Representation learning 12. Graph Neural Networks 13. Large-scale Pretraining 14. The future of DL? GPT-3 and Beyond 15 Demonstration of Final projects
CHINA,Tsinghua University (Vse),AB1201,FINANCIAL MANAGEMENT,Core,30510962,Financial Institution,3,Rejected,2024,1,"Homework (16%), Case analysis & literature review (24%), Final Exam (55%), Class participation (5%)",32,2,GEM VEnturer Virtual Exchange 2024/2025 Semester 1,Not comparable. Our course is an introductory Corporate Finance course. Foreign course is a descriptive course about financial institutions like our 2229 Global Financial Markets and Institutions,PANG Jiaren ( pangjr@sem.tsinghua.edu.cn ),https://ghc.yuketang.cn/pro/portal/projectdetail/995829304818440a863b3657076fb877,"A well-functioning financial system is crucial to economic growth and development as it promotes efficient capital allocation, provides risk sharing, and reduces transaction costs. This course aims to introduce the structure, operations and functions of the financial system by focusing on its major components: financial markets and institutions. It will discuss the economic foundations of financial markets and management of financial institutions. It will also compare China?s financial system with that of developed economies.","1. Financial Markets and Institutions, 9th Edition, by Frederic Mishkin and Stanley Eakins. 2. Financial Markets and Institutions, 7th Edition, by Anthony Saunders and Marcia Millon Cornett. Chapters Covered: 1. Introduction, Interest Rates 2. Money Markets and Bond Markets 3. Mortgage Markets and Credit Bureaus 4. Stock Markets and Other Financial Markets 5. Commercial Banks 6. Investment Banks 7. Mutual Funds, Hedge Funds 8. Final Exam"
CHINA,Tsinghua University (Vse),MH3511,DATA ANALYSIS WITH COMP,BDE,01510243,Big Data and Machine Intelligence,3,Rejected,2023,1,According to the performance of 3 individual projects.,144,3,NIL,syllabus does not match,Zhen Chen ( zhenchen2013@tsinghua.edu.cn ),https://ghc.yuketang.cn/pro/portal/projectdetail/114b9bd72e2d423d9a67a5f0ff150007,"This course is teaching students to use Python, and TensorFlow2 in learning the principle of machine intelligent system. Python is a popular language in data science and machine learning and TensorFlow2 is a popular library for machine learning using Python as frontend. This course introduces Python in programming practice, and students will be instructed to programming practice based on Jupyter notebook. Tensorflow2 is a popular machine learning library. Students will be instructed to use TensorFlow2 and Keras to build deep models of MLP, convolutional network and recurrent networks to solve speech recognition, computer vision task and natural language processing etc.",Lecure1: Course Intro/ Settings Lecure2-3: Python/Libraires/Jupyter- lab Lecure4-5: Machine Learning with Scikit-learn Lecure6-9: Deep learning with TensorFlow2 Lecure10-13: Deep Learning Applications: Computer Vision /Natural Language Processing /Automatic Speech Recognition Course Project1-2: Data analysis project Course project3: Spectrogram project
CHINA,Tsinghua University (Vse),PE,PE,Major-PE,BF2229,GLOBAL FINANCIAL MARKETS & INSTITUTIONS,,Rejected,2024,1,"Homework?14%?,case analysis and literature review(21%),project(15%),final exam(45%),class participat",64,2,NIL,The foreign course does not fall under the category of Computer Science.,PANG Jiaren (???) ( pangjr@sem.tsinghua.edu.cn ),https://ghc.yuketang.cn/pro/portal/projectdetail/995829304818440a863b3657076fb877,"A well-functioning financial system is crucial to economic growth and development as it promotes efficient capital allocation, provides risk sharing, and reduces transaction costs. This course aims to introduce the structure, operations and functions of the financial system by focusing on its major components: financial markets and institutions. It will discuss the economic foundations of financial markets and management of financial institutions. It will also compare China?s financial system with that of developed economies.","Financial Markets and Institutions, 9th Edition, by Frederic Mishkin and Stanley Eakins Financial Markets and Institutions, 7th Edition, by Anthony Saunders and Marcia Millon Cornett"
CHINA,Tsinghua University (Vse),SC2207,INTRODUCTION TO DATABASES,Core,NA,Distributed Database Systems,3,Rejected,2023,1,"Individual Assignments (30%), Group Project (60%), Course Attendance (10%)",144,3 units,"The aim of the course is to 1) to enhance the previous knowledge of database systems by deepening the understanding of the theoretical and practical aspects of the database technologies; showing the need for distributed database technology to tackle deficiencies of centralized database systems; 2) to introduce basic principles and implementation techniques of distributed database systems, including distributed database design and architecture, query processing and optimization, transaction management, recovery, and reliability protocols; 3) to expose active and emerging research issues in distributed database systems and application development, including parallel and streaming data management, data warehousing and OLAP, NoSQL and NewSQL; 4) to apply theory to practice by building a data center in a distributed context.",Mismatch in course content.,Ling Feng ( fengling@tsinghua.edu.cn ),https://ghc.yuketang.cn/pro/portal/projectdetail/2c77997ab4f24ce1b119a5cadf0c72c9,"The course content consists of two parts: (1) Theoretical study of distributed database systems. It covers the core of principles of distributed database management systems, including database design, architecture of Distributed Database Management System (DDBMS), concurrency control, distributed transaction management, and failure recovery, and some latest development including parallel and streaming data management, data warehousing and OLAP, NoSQL, and NewSQL. (2) Experimental DDBMS. Students are organized in teams to design and implement a data center in a distributed context","M. Tamer Ozsu, Patrick Valduriez, Principles of Distributed Database Systems, Third Edition, Prentice-Hall, 2011."
CHINA,Tsinghua University (Vse),SC4002,NATURAL LANG PROCESSING,BDE,01510243,Big Data and Machine Intelligence,3,Rejected,2023,1,According to the performance of 3 individual projects.,144,3,NIL,,Zhen Chen ( zhenchen2013@tsinghua.edu.cn ),https://ghc.yuketang.cn/pro/portal/projectdetail/114b9bd72e2d423d9a67a5f0ff150007,"This course is teaching students to use Python, and TensorFlow2 in learning the principle of machine intelligent system. Python is a popular language in data science and machine learning and TensorFlow2 is a popular library for machine learning using Python as frontend. This course introduces Python in programming practice, and students will be instructed to programming practice based on Jupyter notebook. Tensorflow2 is a popular machine learning library. Students will be instructed to use TensorFlow2 and Keras to build deep models of MLP, convolutional network and recurrent networks to solve speech recognition, computer vision task and natural language processing etc.",Lecure1: Course Intro/ Settings Lecure2-3: Python/Libraires/Jupyter- lab Lecure4-5: Machine Learning with Scikit-learn Lecure6-9: Deep learning with TensorFlow2 Lecure10-13: Deep Learning Applications: Computer Vision /Natural Language Processing /Automatic Speech Recognition Course Project1-2: Data analysis project Course project3: Spectrogram project
CHINA,Tsinghua University (Vse),SC4020,DATA ANALYTICS & MINING,Major-PE,80240693,Introduction to Big Data Systems,3,Rejected,2023,1,"Assignments and Labs (50%), Projects (15%), Mid-Term Exam (10%), Final Exam (25%).",144,3,2023-09-18 ~ 2024-01-22,Mismatch in course content.,Guangwen Chen ( cwg@tsinghua.edu.cn ),https://ghc.yuketang.cn/pro/portal/projectdetail/cc717ccfd2494f3d97c691e7ce96c236,"The course starts with an overview of the big data analytics, clustering and distributed programming. We will also cover methods for processing big data as well as optimization techniques. Graph processing and visualization of big data will be covered. There will be labs and projects which allow students to experiment with real data and apply the knowledge of what they learnt in class.","A. Lecture plan 1. Overview of Big data analysis(Lecture 1) 2. Introduction to clustering and distributed programming(Lecture 2) 3. Distributed storage systems 3.1 Distributed file systems(Lecture 3) 3.2 Key-value stores(Lecture 4) 4. Big data processing 4.1 Online big data processing(Lecture 5) 4.2 Offline big data analysis(Lecture 6) 4.3 Stream processing(Lecture 7) 5. Optimizations on big data systems 5.1 Column database and query analysis(Lecture 8) 5.2 In-memory computation(Lecture 9) 5.3 Data transfer optimization(Lecture 10) 6. Graph processing 6.1 Programming framework for graph processing(Lecture 11) 6.2 Storage systems for graphs(Lecture 12) 7. Case study of big data analysis(Lecture 13) 8. Privacy in big data(Lecture 14) 9. Visualization of big data(Lecture 15) B. Labs 1. Lab Rationale: A series of experiments on the same dataset, to understand what can be done with specific big data systems, and compare the programming efforts and performance of different systems. 2. Data for labs: Real Sina weibo data collected from Oct. 2012 to May 2013. (1) Connections among 300million users. (2) Weibo post of top 10 million users(1000 Weibo post at most per user) (3) Profile information of 100million users 3. Labs L1. The most silent people Install Hadoop and write MapReduce to find 100 people who has the least number of weibo post L2. Hot words Find out the top 50 hot words in all weibo post L3. Hot words on the fly Based on L2, L4. Who is the most important person? Use Hadoop and Spark to implement PageRank on the weibo connection data to find out the most important 1000 people. L5. How to connect you? Given two weibo id, find the path to connect the two ids. Use graphlab to implement the shortest path algorithm. L6. Visualization Generate the word-cloud for any specific weibo user."
CHINA,Tsinghua University (Vse),SC4061,COMPUTER VISION,Major-PE,NA,Big Data and Machine Intelligence,3,Rejected,2023,1,projects,144,3,September 2023-January 2024,,Zhen Chen ( NA ),https://ghc.yuketang.cn/pro/portal/projectdetail/114b9bd72e2d423d9a67a5f0ff150007,Lecure1: Course Intro/ Settings Lecure2-3: Python/Libraires/Jupyter-lab Lecure4-5: Machine Learning with Scikit-learn Lecure6-9: Deep learning with TensorFlow2 Lecure10-13: Deep Learning Applications: Computer Vision /Natural Language Processing /Automatic Speech Recognition Course Project1-2: Data analysis project Course project3: Spectrogram project Grades: According to the performance of 3 individual projects.,NA
CHINA,Tsinghua University - Department Of Electrical Engineering,BDE,BDE,BDE,00740103,Modern Operating Systems,3,Approved,2025,1,"assignments, labs, projects, exam",48,3 credit,na,,?? ( qiaolin@tsinghua.edu.cn ),https://webvpn.tsinghua.edu.cn/http/77726476706e69737468656265737421eaff4b8b69336153301c9aa596522b20bc86e6e559a9b290/js.vjsKcbBs.do?m=showToXs&p_id=2006990024;44100593,"This course primarily covers the fundamental knowledge of modern computer operating systems, analyzing the basic principles and implementation technologies of mainstream contemporary operating systems. By studying the implementation mechanisms of these mainstream operating systems, students can gain an in-depth understanding of operating system design methodologies, enabling them to creatively solve various complex problems that may arise during system usage. The main content includes: Basic concepts of operating systems Evolution of operating systems Operating system mechanisms Process and thread management CPU scheduling in Windows Memory management Registry and system maintenance File systems Input and output Device drivers Plug and Play technology",na
CHINA,Tsinghua University - Department Of Electrical Engineering,BDE,BDE,BDE,20470084,Computer Architecture,3,Approved,2025,1,not stated,64,4,-,,- ( - ),,"This course introduces modern computer architecture, which focuses on the hardware/software interface and the internal structural organization of computer systems. It covers the major hardware components and key design techniques in computer architecture, including systemperformance and efficiency metrics, instructions and instruction set architectures, processor structures, memory hierarchies, IO devices, and hardware specialization techniques. From an architectural perspective, the course focuses on the high-level functionalities and interaction of the system components, and abstracts away the low-level implementation details. It demonstrates how to optimize the performance and efficiency of the software through better understanding the architecture of the hardware. In addition, the course introduces the support for parallelism and specialization in modern computer systems as advanced topics, considering the ubiquity of parallel computing and specialized computing nowadays. The course also briefly introduces several state- of-the-art research advances. The lab assignments involve the assembly- level code analysis and optimization, the processor pipeline simulation, the cache functional implementation, and more. Upon the completion of the course, students will understand the basic concepts and the main functionalities of the system components, as well as howthey interact with each other. They will also learn the analysis methodology and the design principles for computer architecture, and be introduced to the tradeoffs between performance, efficiency, and cost in computer systems",not stated
CHINA,Tsinghua University - Department Of Electrical Engineering,BDE,BDE,BDE,20470123,Electronics for Experimental Physics,3,Approved,2025,1,not stated,48,3,=,,- ( - ),,"The first 6 weeks of this course focus on the theories and principles of the electronic technologies used in quantum information experiments, which include: basic electronics, digital logic, key control technologies in experiments, PID locking technology, photoelectric detection, etc. The following 5 weeks will focus on the training of experimental techniques in lab, including: how to use the common equipment in lab, programming of FPGA, the implementation of PID controller, photoelectric detection. Besides, in last 8 weeks of the course, the students will be involved into different cutting-edge projects in CQI labs. The students will be divided into different groups and tackle the real-world tasks in the lab. These projects will demonstrate the frontier of the experimental quantum information science to the students",-
CHINA,Tsinghua University - Department Of Electrical Engineering,BDE,BDE,BDE,30470104,Machine learning,3,Approved,2025,1,not stated,64,4,-,,- ( - ),,"Machine learning studies how computers learn from experiences. Combining ideas from theoretical computer science and statistics, researchers have developed many successful learning methods for computer vision, bioinformatics, natural language processing etc. This course mainly covers the framework of machine learning, classical methods for solving various machine learning problems, and also basic machine learning theory. It includes linear methods, support vector machine, basic optimization and generalization theory, basic neural networks, popular classification/regression methods, clustering methods, nearest neighbor search, useful algebra methods, etc. This course is a basic course for machine learning, but it is challenging",-
CHINA,Tsinghua University - Department Of Electrical Engineering,BDE,BDE,BDE,40231253,Media and Cognition,3,Approved,2025,1,test and project,48,3 credits,na,,?? ( fanglu@tsinghua.edu.cn ),https://learn.tsinghua.edu.cn/f/wlxt/kj/wlkc_kjxxb/student/beforePageList?wlkcid=2025-2026-1150244467&sfgk=0,"With the background of cognitive science and media information technology, the course ""media and cognition"" introduces the research objects, objectives, methods and latest research progress in the field of media and information technology, including the interdisciplinary integration of digital media, intelligent systems, cognitive science and psychology, so that students can learn about its development history, research status and future topics from the perspective of the integration of science, engineering and literature, which paves the way for high-level and innovative research in the future. TEAM: Trans-modality Embodied Agent with Media-cognition. Have a robotic arm with camera to detect and pick-up open-vocabulary targets out of a bin under natural language instructions","?DeepLearning?Ian Goodfellow,YoshuaBengioetal., http://www.deeplearningbook.org? ?Cognitive Neuroscience?MichaelS?Gazzaniga, Richard B?Ivry, George R?Mangun? ?Computer Vision: Algorithms and Applications?Richard Szeliski, https://szeliski.org/Book/? ?????????6"
CHINA,Tsinghua University - Department Of Electrical Engineering,BDE,BDE,BDE,40231282,Intelligent UAV Design and Implementation,3,Approved,2025,1,-,32,2,-,,- ( - ),https://webvpn.tsinghua.edu.cn/http/77726476706e69737468656265737421eaff4b8b227e6b597d469dbf915b243d1569e38ddd4b59c06f/js.vjsKcbBs.do?m=showToXs&p_id=2012980054;40231282,"This course aims to cultivate students' skills in unmanned system development represented by UAVs. Through a combination of theory and practical case teaching, students will understand the control, communication, positioning, and other solutions of UAV platforms, as well as practice programming. Students will complete specific tasks using UAV platforms. This course involves fundamental ROS knowledge, Python programming, simulation environment development, and real UAV development. The first part of the course mainly introduces the basics of ROS, including ROS framework, basic commands, ROS communication mechanisms, and ROS messages. Students will learn how to configure the ROS development environment, understand ROS topics, services, and parameters, and how to use ROS messages and ROS parameters. The second part introduces Python programming and UAV flight control. Students will learn Python basics, functions, classes, exception handling, and build UAV control logic based on Python. The focus is on using Python to realize UAV flight control, laying a foundation for subsequent control algorithm development and simulation environment construction. The third part introduces simulation environment development. Students will learn how to use Gazebo for environment construction, UAV import, UAV navigation, and UAV attitude control. They will also learn how to use RViz for data visualization, displaying UAV status and motion trajectory. The fourth part introduces real UAV development. Students will complete UAV autonomous flight tasks, conduct real environment tests, and optimize UAV control algorithms. The final stage is a comprehensive experimental project. Students will complete a comprehensive project, design, and implement a UAV demonstration system based on specific tasks provided. Through this course, students will master UAV basics and control methods and be able to independently design and develop UAV systems with strong software- hardware collaboration and practical abilities. ??????????????????????????????? ?????????????????? ????????????? ??????????????????????????????? ????? ??????????????ROS?????Python? ??????????????????????? ??????? ?????????????????????? ????????? ??ROS???????ROS???ROS?????ROS????? ROS???????? ???????ROS???????ROS??? ???????????ROS???ROS?????????? ??? ?????Python????????????????Python??? ??????????????? ??????????????? ???????????Python????????????????? ?? ????????????????????????????? ?????????????Gazebo??? ??????????? ??????????????????????????????? ?????Rviz ???????????????????????? ????????????????????????? ?????? ??????????????????????????????? ???????????? ??????????????????? ??????????????? ?????????????? ?? ??????????????????????????????? ???????????????? ???",-
CHINA,Tsinghua University - Department Of Electrical Engineering,BDE,BDE,BDE,40470423,Natural Language Processing,3,Approved,2025,1,"2 assignments, 1 group project and 1 examination",48,3,-,,- ( - ),https://webvpn.tsinghua.edu.cn/http/77726476706e69737468656265737421eaff4b8b227e6b597d469dbf915b243d1569e38ddd4b59c06f/js.vjsKcbBs.do?m=showToXs&p_id=2024990085;40470423,"This course will cover recent advancements in the field of natural language processing, including neural network-related attention neural networks, pre-trained models, and agents, as well as some classic models before the rise of neural networks, such as hidden Markov models. The course focuses not only on the explanation of basic algorithms but also dedicates nearly half of the time to discussing open questions at the forefront of academic research.",-
CHINA,Tsinghua University - Department Of Electrical Engineering,BDE,BDE,BDE,40470434,Operating Systems and Distributed Systems,3,Approved,2025,1,-,64,4,-,,- ( - ),https://webvpn.tsinghua.edu.cn/http/77726476706e69737468656265737421eaff4b8b227e6b597d469dbf915b243d1569e38ddd4b59c06f/js.vjsKcbBs.do?m=showToXs&p_id=2013990017;40470434,"This course teaches the principles and design of modern operating systems and distributed systems, along with related system programming knowledge. The main topics covered include: Principles of virtual memory and memory management Principles of process management Principles of multithreading and thread synchronization Principles of operating system kernels Principles of file systems and I/O User interfaces and principles of network communication Fundamental protocols of distributed systems (such as clocks, mutual exclusion, and consensus) Remote procedure calls and distributed file systems Distributed storage systems Distributed transaction processing Security in distributed systems Cluster computing systems Consensus protocols in blockchain While learning theoretical concepts, students are also required to complete a relatively large-scale distributed systems course project. ????????????????????????????? ??????? ???????????????????????? ????????????????????????? ?????? ???IO?????????????????????????? ????????????? ?????????????????? ??????????????????????????????? ???? ??????????????????????????? ?????????",-
CHINA,Tsinghua University - Department Of Electrical Engineering,BDE,BDE,BDE,40470522,Computational Economics,3,Approved,2025,1,"assignments, labs, projects, exam",32,2 credits,na,,??? ( shuranzheng@mail.tsinghua.edu.cn ),https://webvpn.tsinghua.edu.cn/http/77726476706e69737468656265737421eaff4b8b69336153301c9aa596522b20bc86e6e559a9b290/js.vjsKcbBs.do?m=showToXs&p_id=2023990038;30230993,"1. Core Numerical Methods Root-Finding & Optimization: Algorithms to find equilibrium points and maximize objective functions. Function Approximation: Using polynomials (e.g., Chebyshev) to approximate unknown value functions. Numerical Integration & Differentiation: Essential for dealing with uncertainty and continuous variables. Monte Carlo Simulation: Using random sampling to simulate complex stochastic processes. 2. Key Economic Model Applications Dynamic Programming: The heart of the course. Solving micro-based dynamic models like: Consumption-Saving Problems (with income uncertainty). Stochastic Optimal Growth Models. Equilibrium Computation: Solving for market-clearing in models where agents are heterogeneous, such as the Aiyagari Model (incomplete markets, idiosyncratic risk). Structural Estimation: Connecting models to real data using methods like Method of Simulated Moments (MSM) to estimate model parameters. Agent-Based Modeling (ABM): A bottom-up approach to simulating economies with interacting, adaptive agents to study emergent phenomena. 3. Computational Implementation Primary Tool: Python is the standard language, using its scientific stack: NumPy/SciPy (core numerics), Numba (for speed), Matplotlib/Plotly (for visualization). Key Skills: Students learn to translate economic theory into code, debug numerical algorithms, and efficiently compute solutions.",na
CHINA,Tsinghua University - Department Of Electrical Engineering,BDE,BDE,BDE,40470533,Large Language Models from Theory to Practice,3,Approved,2025,1,not stated,48,3,-,,- ( - ),https://webvpn.tsinghua.edu.cn/http/77726476706e69737468656265737421eaff4b8b227e6b597d469dbf915b243d1569e38ddd4b59c06f/js.vjsKcbBs.do?m=showToXs&p_id=2025990048;40470533,"n recent years, large language models have developed rapidly, demonstrating powerful capabilities in fields such as natural language processing, code generation, and mathematical reasoning. This course centers around large language models, systematically explaining the full pipeline from pretraining to model alignment. It covers key components such as model architecture design, scaling laws, training algorithms, and data filtering, with a strong emphasis on fundamental theoretical issues. Through lectures and hands-on projects, students will gain a deep understanding of the core technologies involved in training large models and the various factors that influence model performance. The course aims to cultivate both theoretical insight and practical skills, enabling students to independently read and comprehend the latest research developments and perform systematic analysis when tackling real-world problems. This course serves as a follow-up to courses such as deep learning, natural language processing, and machine learning. ??????????????????????????????? ??????????????????????????????? ??????????????????????????????? ??????????????????????????????? ??????????????????????????????? ??????????????????????????????? ??????????????????????????????? ??????????????????????????????? ???????",-
CHINA,Tsinghua University - Department Of Electrical Engineering,BDE,BDE,BDE,80231242,Network-Centric Computing and Blockchain Technologies,3,Approved,2025,1,"assignments, labs, projects, exam",32,2 credits,na,,?? ( h-yin@mail.tsinghua.edu.cn ),https://webvpn.tsinghua.edu.cn/http/77726476706e69737468656265737421eaff4b8b69336153301c9aa596522b20bc86e6e559a9b290/js.vjsKcbBs.do?m=showToXs&p_id=2006990024;44100593,"This course concentrates on two primary themes: ""Evolution of Network-Centric Computing Paradigms"" and ""Construction of Blockchain Trust Mechanisms."" It dissects the paradigm shift in distributed computing from resource collaboration, exemplified by P2P architecture, to trust empowerment, typified by consensus algorithms. By focusing on the technical essence of blockchain as a distributed trust engine, the course provides a layered analysis of its architecture and engineering practices. The curriculum covers the following topics: the technical evolution context, ranging from network computing fundamentals (TCP/IP, edge computing) to core blockchain technologies (cryptography, consensus mechanisms, smart contracts, etc.); the decentralized ecosystem, including oracles, DAO governance models, and cross-chain interoperability; development and engineering practices, such as DApp development paradigms, performance optimization (Layer 2 scaling), and security audits; and cutting-edge application scenarios, such as DeFi protocols, distributed identities, and data element circulation. In the context of the emerging Web3 technology ecosystem, students are trained to develop a comprehensive knowledge system encompassing ""architecture, development, and governance.""",na
CHINA,Tsinghua University - Department Of Electrical Engineering,BDE,BDE,BDE,00040202,Big Data in Water Sciences: Theory and Practice,3,Approved,2024,2,Assignments,32,2,-,,Tiejian Li ( litiejian@tsinghua.edu.cn ),https://zhjw.cic.tsinghua.edu.cn/js.vjsKcbBs.do?m=showToXs&p_id=2010990078;00040202,"The explosive growth of information has become one of the most significant features of this era. As a new data management and analysis method, big data has been applied in many fields and has produced practical benefits. The water conservancy industry is also undergoing a new round of changes. Water conservancy research is increasingly combining the latest achievements in the field of information, and is gradually forming a new method system that is different from traditional water conservancy. Water conservancy big data has been formed. Water conservancy big data is the cornerstone of the concept system of water conservancy informatization, digital water conservancy, and smart water conservancy in the future. It is a major trend in the development of the water conservancy industry. Its theoretical and methodological system is gradually being improved and systematized, forming a new branch discipline. The ability to process and analyze large-scale data is becoming an important basic ability for water conservancy researchers. Whether in cutting-edge academic research or in actual engineering, the proportion of demand for processing and analyzing massive data is also increasing. However, due to the lack of corresponding content in the undergraduate subject education system, many master's and doctoral students in the Department of Water Conservancy often need to spend a lot of time and energy on data processing when encountering large-scale data problems in scientific research. They also lack basic concepts on how to use data to mine information, which affects scientific research efficiency. Therefore, it is very necessary and urgent to offer a professional course that introduces the theoretical methods of water conservancy big data analysis and focuses on cultivating students' practical hands-on ability at the undergraduate level. The content of this course is designed based on the above needs. It aims to combine the characteristics of water conservancy disciplines to explain the commonly used big data analysis methods in water conservancy work; combine actual cases to introduce the actual effects of big data in water conservancy work; set up big data processing programming practice content, and focus on cultivating students' practical hands-on problem-solving ability. The entire content of this course consists of three parts: principle teaching, programming skills teaching, and homework discussion and presentation. The principle teaching content covers the basic methods of mathematical and statistical analysis, machine learning and data modeling methods involved in the field of water conservancy, and comprehensive special analysis of water conservancy big data applications. It introduces how to use big data methods to deal with water conservancy problems from a shallow to deep level. The programming skills teaching cultivates students' ability to actually deal with big data problems from a practical perspective. The programming language Python is selected as the teaching content, focusing on the needs of scientific computing, data analysis and visualization, and explaining a series of practical tool libraries. The discussion and presentation part of the assignments will further train students' practical abilities. Two major assignments will be set around common problems in water conservancy big data research, and discussion and guidance sessions will be provided while students complete their assignments.",-
CHINA,Tsinghua University - Department Of Electrical Engineering,BDE,BDE,BDE,20230313,Foundation of Solid State Physics,3,Approved,2024,2,Unavailable,48,3,Unavailable,,Unavailable ( Unavailable ),https://www.tsinghua.edu.cn/en/pdf/ut2022.pdf,"Solid-state physics studies the foundations of our world --- solid materials. We start with the introduction of materials science and crystal structures, and analyse the electronic, optical, thermal and magnetic behaviors of solids, based on theories of classical physics, electrodynamics, quantum and statistical mechanics. Emerging applications such as semiconductor diodes, photonic devices and superconductors will also be briefly covered.",Unavailable
CHINA,Tsinghua University - Department Of Electrical Engineering,BDE,BDE,BDE,30150372,Modeling and Simulation with Matlab,3,Approved,2024,2,Exams,32,2,-,,Liang Fei Xu ( xuliangfei@tsinghua.edu.cn ),https://zhjw.cic.tsinghua.edu.cn/js.vjsKcbBs.do?m=showToXs&p_id=2011990089;30150372,"This course is about the basic knowledge on application of Matlab, mainly focuses on m-language, simulation/stateflow, AppDesigner, hardware-in-the-loop (HIL), and automatic code generation. Students are required to have basic knowledge about C language, matrix operations, and system modeling. Class teaching and experiments are designed for this course. Students will learn how to analyze experimental data, as well as how to simulate the dynamic performances of a real system with Matlab/Simulink.",-
CHINA,Tsinghua University - Department Of Electrical Engineering,BDE,BDE,BDE,30160203,Applied Statistics and Data Analytics,3,Approved,2024,2,"Assignments, Exams",48,3,-,,Chen Wang ( chenwang@tsinghua.edu.cn ),https://zhjw.cic.tsinghua.edu.cn/js.vjsKcbBs.do?m=showToXs&p_id=2013990105;30160203,"This introductory course deals with using models of applied statistics to analyze data. The topics covered in this course include estimation, hypothesis testing, linear regression models, model assessment and selection, and a selective list of statistical learning topics such as generalized linear models, classification, and cluster analysis. This course aims to cover a reasonably wide range of applied statistics models, and emphasize both theoretical and hands-on aspects of those models. Students who have finished this class should understand the basics of statistics, and would be ready for continuing with advanced courses in data analytics and statistical learning.",-
CHINA,Tsinghua University - Department Of Electrical Engineering,BDE,BDE,BDE,30230162,Fundamentals of Computer Graphics,3,Approved,2024,2,Assignments,32,2,-,,Li Zhang ( chinazhangli@mail.tsinghua.edu.cn ),https://zhjw.cic.tsinghua.edu.cn/js.vjsKcbBs.do?m=showToXs&p_id=1992990066;30230162,"Computer graphics is an emerging discipline that studies how to use digital computers to generate, process and display graphics. It has been widely used in human-computer interaction, data visualization, television advertising, animation, science, engineering, industry and other application fields. As a student of the Department of Electronic Engineering, it is necessary to develop the theory of computer graphics and apply the theory of computer graphics to practical application fields. This is the training goal of this course. This course mainly teaches the generation and rapid algorithms of basic graphics such as discrete points, lines (straight lines, curves), surfaces, volumes, and realistic graphics. It also introduces the filling, transformation, cropping, hiding, coloring, display, and application of graphics.",-
CHINA,Tsinghua University - Department Of Electrical Engineering,BDE,BDE,BDE,30231002,Probability and Stochastic Processes (1),3,Approved,2024,2,Unavailable,32,2,Unavailable,,Unavailable ( Unavailable ),https://www.tsinghua.edu.cn/en/pdf/ut2022.pdf,"This course covers the basic knowledge of elementary probability without rigorous treatment via measure theoretical tools. It includes probability spaces (sample spaces, sigma fields and probability), random variables with its probability distribution, distribution functions and probability density, independence, conditional probability, discrete random variables (Bernoulli, Binomial, Poisson, Geometrical, Hyper-geometrical, Negative binomial), continuous random variables (Uniform, Exponential, Gaussian), numerical characteristic of random variables (expectation, variation, high-order moments, entropy), transformation of random variables with its derived distribution, conditional expectation and conditional distribution, characteristic functions and basic limit theorems.",Unavailable
CHINA,Tsinghua University - Department Of Electrical Engineering,BDE,BDE,BDE,40140993,Research Practice,3,Approved,2024,2,Unavailable,48,3,Unavailable,,Unavailable ( Unavailable ),,"This course aims to develop students? capability to perform scientific research as well as other challenges being considered during the process of conducting research and technology development. Course content includes basic methodologies of scientific research, invited talks from both industry and academia, revisit of recent research problems, methods, and analyses, introduction to professional ethics in scientific research and engineering, safety and regulations for conducting scientific research. The course will be offered in the forms of lectures, group discussion and interactions, invited talks, conducting actual research problems, and mock procedures and presentations of international conferences for evaluation of final projects.",Unavailable
CHINA,Tsinghua University - Department Of Electrical Engineering,BDE,BDE,BDE,40240492,Data Mining,3,Approved,2024,2,"Mid-term, Projects",32,2,-,,Juanzi Li ( lijuanzi@tsinghua.edu.cn ),https://zhjw.cic.tsinghua.edu.cn/js.vjsKcbBs.do?m=showToXs&p_id=2001990257;40240492,"The Internet has stepped into the era of big data, and there is an urgent for new technologies and tools to extract hidden valuable knowledge and information from the massive data automatically and intelligently. Therefore, data mining, as the inevitable result of large- scale data processing, has become an indispensable data processing technology now. The course? objective is to enable students to understand the research, basic theory and applications of data mining. Students will learn the main tasks and latest technologies at all data mining stages, and master the key algorithms. This course will lay the necessary foundation for their future work and research on large-scale data processing and mining. The course content includes: ? 1? The overview of data mining ?2? Data representation and visualization: introduce how to accurately represent the semantics and features of the real-world data for computer processing, and briefly describe some data visualization methods ?3? Data preprocessing techniques: introduce how to obtain high-quality data through data preprocessing, especially the techniques on noise data processing, data integration and data transformation ?4? Data warehouse techniques: briefly introduce the basic technology of data warehouse, including the data model, architecture, and applications ? 5? Association rule mining: introduce the classical algorithms for data association mining ?6? Classification: introduce different classification algorithms which learn classifiers from labeled data to classify the new data ?7? Clustering: introduce the clustering methods which organize the large-scale data into clusters to unveil the data distribution ?8? The trends of data mining: analyze the future development trends and challenges of data mining",-
CHINA,Tsinghua University - Department Of Electrical Engineering,BDE,BDE,BDE,40470423,Natural Language Processing,3,Approved,2024,2,"2 assignments, 1 group project and 1 examination",48,3,-,,- ( - ),https://webvpn.tsinghua.edu.cn/http/77726476706e69737468656265737421eaff4b8b227e6b597d469dbf915b243d1569e38ddd4b59c06f/js.vjsKcbBs.do?m=showToXs&p_id=2024990085;40470423,"This course will cover recent advancements in the field of natural language processing, including neural network-related attention neural networks, pre-trained models, and agents, as well as some classic models before the rise of neural networks, such as hidden Markov models. The course focuses not only on the explanation of basic algorithms but also dedicates nearly half of the time to discussing open questions at the forefront of academic research.",-
CHINA,Tsinghua University - Department Of Electrical Engineering,DA3000,THINK & COMM VISUALLY III,Core,30807952,Digital-Aided Design,3,Approved,2025,1,Projects,32,2 credits,na,,??? ( chenlq@mail.tsinghua.edu.cn ),https://webvpn.tsinghua.edu.cn/http/77726476706e69737468656265737421eaff4b8b69336153301c9aa596522b20bc86e6e559a9b290/js.vjsKcbBs.do?m=showToXs&p_id=2019990072;30807952,"The focus of the Digital-Aided Design course is to help students gain an initial understanding of the concepts and methods of computer-aided design, as well as the software and hardware working environment, and to begin mastering and applying relevant software tools. The course combines detailed explanations of commonly used commands in foundational software with fast-paced in-class modeling exercises, enabling students to develop a basic understanding and initial proficiency in using these tools. On this basis, through the practice of a major design project, students will be trained to master the digital-aided design workflow of modeling, rendering, and animation in a relatively complete manner, thus laying the foundation for further proficiency in digital-aided design methods.",na
CHINA,Tsinghua University - Department Of Electrical Engineering,DA3000,THINK & COMM VISUALLY III,Core,40231253,Media and Cognition,3,Approved,2025,1,test,48,3 credits,na,,?? ( fanglu@tsinghua.edu.cn ),https://webvpn.tsinghua.edu.cn/http/77726476706e69737468656265737421eaff4b8b69336153301c9aa596522b20bc86e6e559a9b290/js.vjsKcbBs.do?m=showToXs&p_id=2020990148;40231253,"With the background of cognitive science and media information technology, the course ""media and cognition"" introduces the research objects, objectives, methods and latest research progress in the field of media and information technology, including the interdisciplinary integration of digital media, intelligent systems, cognitive science and psychology, so that students can learn about its development history, research status and future topics from the perspective of the integration of science, engineering and literature, which paves the way for high-level and innovative research in the future.","[1] Multimedia Technology Tutorial, Lin Fuzong, Tsinghua University Press [2] Pattern Recognition (2nd Edition), Bian Zhaoqi and Zhang Xuegong, Tsinghua University Press [3] Cognitive Neuroscience (3rd Edition), Michael S. Gazzaniga"
CHINA,Tsinghua University - Department Of Electrical Engineering,EE3011,MODELLING & CONTROL,BDE,30220363,??????(?),3,Approved,2025,1,7 Assignments (14%) 6 quizzes (18%) Comprehensive Exercises (8%) Final Examination (60%),48,3,-,,?? ( - ),https://webvpn.tsinghua.edu.cn/http/77726476706e69737468656265737421eaff4b8b227e6b597d469dbf915b243d1569e38ddd4b59c06f/js.vjsKcbBs.do?m=showToXs&p_id=2002990140;30220363,"This course provides the basic knowledge about classical control theory, modern control theory and discrete control theory. For classical control theory, the following contents will be introduced: system modeling, transfer function and its transformation, concepts and criteria for system stability, time-domain and frequency-domain analysis methods for control systems, control system design using time-domain and frequency-domain methods. For modern control theory, the following contents will be taught: state space model of a control system? observability and controllability of a system, state feedback controller, state observer and implement of a state feedback controller using signals from a state observer, etc. For discrete control theory, the following contents will be addressed: modeling and analysis methods for discrete control systems, design methods for a discrete-data controller, etc. This course is delivered in English.",-
CHINA,Tsinghua University - Department Of Electrical Engineering,EE3011,MODELLING & CONTROL,Major-PE,30220343,Principles of Automatic Control,3,Approved,2025,1,Final: 65% Midterm:20% Coursework:15%,48,3,I have translated the course description into English version for better understanding.,,HU WEI ( NA ),https://webvpn.tsinghua.edu.cn/http/77726476706e69737468656265737421eaff4b8b69336153301c9aa596522b20bc86e6e559a9b290/js.vjsKcbBs.do?m=showToXs&p_id=2014990070;30220343,"With the development of production and scientific technology, automatic control technology plays an increasingly significant role in both the national economy and national defense. Its application not only enables the automation of production processes?greatly improving labor productivity and product quality, and enhancing working conditions?but also plays a vital role in human efforts to explore new energy sources, advance space technology, and improve living standards. Through this course, students will master the fundamental methods of analysis and design for automatic control systems. These include time-domain analysis, root locus analysis, frequency-domain analysis, state-space analysis, and sampled-data system analysis. These form the foundation for designing various types of computer-based control systems. The course aims to develop the following core competencies in students: Master the working principles, analysis, and synthesis of linear time- invariant continuous single-input single-output closed-loop control systems within classical control theory. Understand the principles and general rules of feedback control system design and analysis, enabling students to gain an initial ability to analyze and design automatic control systems and elevate their understanding of system behavior to a higher level. Gain an understanding of commonly used sensing devices and actuators in control systems, their working principles, the process of establishing mathematical models, and the current state of development of automatic control principles and classical control theory. Learn and master system simulation techniques, including both analog and digital simulations. This helps students develop a solid concept of simulation and apply it flexibly to solve real-world problems. Students will also acquire fundamental skills in performing principle-based experiments using analog and digital simulation methods.","Dai Zhongda (Chief Editor), Fundamentals of Automatic Control Theory, Tsinghua University Press, 1991. Katsuhiko Ogata, Modern Control Engineering (3rd Edition), Electronics Industry Press, 2000. Benjamin C. Kuo, Automatic Control Systems (4th Edition), Beijing University of Science and Technology Press, 1987. Richard C. Dorf & Robert H. Bishop, Modern Control Systems, Higher Education Press, 2001. Hu Shousong (Chief Editor), Principles of Automatic Control, Science Press, 2001. Hu Shousong (Chief Editor), Principles of Automatic Control ? Exercise Book, Science Press, 2003."
CHINA,Tsinghua University - Department Of Electrical Engineering,EE3018,INTRODUCTION TO PHOTONICS TECH,BDE,80230793,Introduction to Integrated-Optoelectronics,3,Approved,2025,1,Examination,48,3,-,,"???,??,?? ( - )",https://webvpn.tsinghua.edu.cn/http/77726476706e69737468656265737421eaff4b8b227e6b597d469dbf915b243d1569e38ddd4b59c06f/js.vjsKcbBs.do?m=showToXs&p_id=2000990293;80230793,"Integrated optoelectronics, also known as semiconductor optoelectronics, is the study of semiconductor photonics and optoelectronic devices, involving the physical concepts, operating principles, and fabrication techniques of various semiconductor optoelectronic devices. This course mainly includes the basic properties of semiconductor materials, the basic theory of semiconductor lasers (lateral optical waveguide analysis, excitation mechanism and conditions, gain theory), modulation of optical signals, semiconductor optical modulators and integrated light source devices and semiconductor optoelectronic device fabrication techniques, etc., introducing the basic physical concepts and fabrication methods involved in semiconductor optoelectronic devices, analyzing the basic working principles of the devices. This course will provide a solid foundation for future research in semiconductor optoelectronic devices and fiber optic communication systems.",???? ????L. A.????? S.W?????????????? ?????????????2006 ???? ?????????? ??????????2018 Larry A. Coldren?Diode Lasers and Photonic Integrated Circuit?Wiley Press?2012 ????????? ??????????2000 H. C. Casey?M. B. Panish? Heterostructure Lasers?Academic Press?1978 ????????? ??????????????1983
CHINA,Tsinghua University - Department Of Electrical Engineering,EE3019,INTEGRATED ELECTRONICS,Major-PE,30230973,Principles of Analog Circuits,3,Approved,2025,1,"quiz, semester exam",48hours,3 au,NA,,NA ( NA ),,"Principles of Analog Circuits provides essential understanding of analog circuits characteristics, analysis and design methods. It contains basic devices, circuits and their applications, including: microelectronic devices (PN junction, diode, bipolar transistor and FETs) , essential amplifier circuits(CE/CB/CC amp, differential amp, output stage), negative feedback amplifier, op-amp ICs, classic application circuits (active filters, ADCs/DACs, signal generators, regulated power supplies) . The unideal effects on the practical circuits is discussed. Some projects of circuit analysis and design with SPICE simulation are included.","Fundamentals of Electronic Circuits"" (2nd Edition) by Gao Wenhuan and Li Dongmei, published by Higher Education Press."
CHINA,Tsinghua University - Department Of Electrical Engineering,EE3019,INTEGRATED ELECTRONICS,Major-PE,70230243,Advanced Analog Integrated Circuits,3,Approved,2025,1,Final Exam,48hours,3,NA,,NA ( NA ),,Analysis and design of analog integrated circuits; transistor models; simple and advanced current mirrors; single-ended amplifiers; differential amplifiers; operational amplifiers; frequency response; feedback theory; stability analysis; circuit non-idealities and noise; output stages; analog filters. EDA tools for circuit analysis and design.,"Nan Sun, Jiaxin Liu, and Lu Jie. Modern Analog Integrated Circuit Design (????????????). Tsinghua University Press, 2024. Razavi, Design of Analog CMOS Integrated Circuits, McGraw-Hill, 2016. Paul Gray et al., Analysis and Design of Analog Integrated Circuits, Wiley, 2009. Johan Huijsing, Operational Amplifiers, Springer, 2017. Phillip Allen et al, CMOS Analog Circuit Design, Oxford University Press, 2002. Tony Carusone, David Johns, & Ken Martin, Analog Integrated Circuit Design, Wiley, 2011"
CHINA,Tsinghua University - Department Of Electrical Engineering,EE3019,INTEGRATED ELECTRONICS,Major-PE,70260053,Analog VLSI Circuits A,3,Approved,2025,1,Final Exam,48hours,3 au,NA,,NA ( NA ),,"The course content is mainly divided into five parts. The first part is a review of transistor models. The second part covers basic circuit building blocks, including single-transistor amplifiers, differential amplifiers, and current mirrors. The third part focuses on operational amplifiers, which is the core of the course. It emphasizes stability analysis and introduces various op-amp architectures and their performance characteristics. The fourth part addresses key concepts and performance analyses in analog circuit design and applications, such as feedback, noise, distortion, and offset. The fifth part introduces several functional circuits, including switched-capacitor circuits, continuous-time filters, and analog-to-digital converters. The course also includes supplementary content on new architectures and design methodologies for analog integrated circuits under advanced process technologies. To help students fully grasp the design methods and workflow of analog integrated circuits, simulation- based circuit verification will be integrated into the assignments alongside theoretical instruction.","Analysis and Design of Analog Integrated Circuits by P. Gray et al., John Wiley & Sons Inc., 2011 (5th Edition), and Analog Design Essentials by W. Sansen, 2006. Recommended references include Design of CMOS Integrated Circuits by Behzad Razavi, McGraw-Hill Inc., 2001, and CMOS Analog Circuit Design by P. Allen and D. Holberg, Oxford University Press, 2011 (3rd Edition)."
CHINA,Tsinghua University - Department Of Electrical Engineering,EE3101,ENG ELECTROMAGNETICS,Core,30230303,ELECTROMAGNETIC FIELDS AND WAVES,3,Approved,2025,1,- Homework: 10% of total grade - Midterm exam: 30% of total grade - Final exam: 60% of total grade,48,3,-,,??? ( xuexx@tsinghua.edu.cn ),http://zhjw.cic.tsinghua.edu.cn/js.vjsKcbBs.do?m=showToXs&p_id=2016990006;30230303,"Chapter 1: Introduction to Electromagnetic Field Theory (Fundamentals) 1.1 Basic concepts and fundamental laws of electromagnetic fields 1.2 Relationship between circuit theory and electromagnetic field theory 1.3 Boundary conditions for electromagnetic fields and transmission line equations Chapter 2: Electrostatics 2.1 Basic concepts and fundamental principles of electrostatics 2.2 Methods for solving electrostatic field problems, image method 2.3 Conductors in electrostatic fields 2.4 Electric field energy and force 2.5 Capacitors and their applications, calculation of capacitance, energy relations 2.6 Basic principles of electrostatic field instruments 2.7 Methods for calculating electromagnetic field energy 2.8 First summary 2.9 Green's theorem, reciprocity theorem, boundary value problems 2.10 Review 2.11 Assignment 2.12 Exam Chapter 3: Steady Current Field (Elementary) 3.1 Basic principles, Ohm's law application range, current density and electric field strength relationship 3.2 Methods for steady current field calculation, similarity to electrostatics Lecture Schedule: 3.1 Field coupling, electromagnetic induction, circuit elements 3.4 Solution methods for electromagnetic field problems 3.5 Electromagnetic wave propagation basics Supplementary: Relationship between circuit theory and electromagnetic field theory (Part 2) 4.1 Maxwell's equations and their physical meaning 4.2 Boundary conditions for electromagnetic fields 4.3 Electromagnetic wave equations and their solutions 4.4 Plane wave propagation in free space, characteristic impedance 4.5 Wave polarization concepts 4.6 Reflection and transmission at interfaces, reflection coefficient calculation 4.7 Standing waves in one-dimensional transmission lines, standing wave patterns 4.8 Wave propagation in lossy media 4.9 Fundamentals 4.10 Guided waves 4.11 Optical fibers Summary: Problem-solving methods (12 lessons) 5.1 Practical electromagnetic field calculation problems, applications, circuit elements, transmission line parameters 5.2 Analysis methods for electromagnetic field problems 5.3 Review 5.4 Circuit analysis and design 5.5 Electromagnetic field design, calculations, and applications 5.6 Summary and review 5.7 Final summary","Chapter 1: Introduction to Electromagnetic Field Theory (Fundamentals) 1.1 Basic concepts and fundamental laws of electromagnetic fields 1.2 Relationship between circuit theory and electromagnetic field theory 1.3 Boundary conditions for electromagnetic fields and transmission line equations Chapter 2: Electrostatics 2.1 Basic concepts and fundamental principles of electrostatics 2.2 Methods for solving electrostatic field problems, image method 2.3 Conductors in electrostatic fields 2.4 Electric field energy and force 2.5 Capacitors and their applications, calculation of capacitance, energy relations 2.6 Basic principles of electrostatic field instruments 2.7 Methods for calculating electromagnetic field energy 2.8 First summary 2.9 Green's theorem, reciprocity theorem, boundary value problems 2.10 Review 2.11 Assignment 2.12 Exam Chapter 3: Steady Current Field (Elementary) 3.1 Basic principles, Ohm's law application range, current density and electric field strength relationship 3.2 Methods for steady current field calculation, similarity to electrostatics"
CHINA,Tsinghua University - Department Of Electrical Engineering,EE3101,ENG ELECTROMAGNETICS,Core,30231053,Electromagnetic Field and Wave,3,Approved,2024,2,NIL,48hours,3,NIL,,NIL ( NIL ),https://www.tsinghua.edu.cn/en/pdf/ut2022.pdf,"Electromagnetic field and wave is the theoretical foundation for the studies of electrical circuits, wave optics and optoelectronics, microwave systems, and provides the basic method and tool for understanding, analyzing, and solving problems involving electromagnetism. The course will introduce vector analysis, Maxwell's equations, Lorentz force, electrostatics and magnetostatics, electrodynamcis and propagation of EM waves, and radiation. Beside basic principles, the course will introduce a number of examples including electrical circuits, optical and RF waveguides, antenna, and electrical measurement in biomedical applications, such that the students can implement the theory to solve real-world problems.",NIL
CHINA,Tsinghua University - Department Of Electrical Engineering,EE3180,DESIGN & INNOVATION PROJ,Core,30220542,"Design, Analysis and Control of Electrical Machines",3,Approved,2025,1,Coursework,48,2,-,,- ( - ),https://webvpn.tsinghua.edu.cn/http/77726476706e69737468656265737421eaff4b8b227e6b597d469dbf915b243d1569e38ddd4b59c06f/js.vjsKcbBs.do?m=showToXs&p_id=2010990029;30220542,"This course builds upon the undergraduate teaching of Electrical Machines and develops exploratory design learning in the design, analysis, and control of motors and transformers. Based on the content of Electrical Machines and self-study outside class, students will research and understand the application requirements of motors and transformers in high-frequency power supplies, renewable energy grid integration, and new energy vehicles. They will study and discuss major technical solutions and the latest developments. Students will learn and master mainstream electromagnetic simulation software, modeling, simulation, and parameter analysis methods for motors and transformers. They will build simulation models of key motors and transformers used in modern power electronic equipment, renewable energy, and new energy vehicles, and perform comparative analysis and optimization design of their main technical indicators. According to assigned topics and requirements, students will independently design motors and transformers, compare them with currently mature equipment, and explore the relationship between the performance of electrical equipment and its key electromagnetic parameters and structural design. Students will also carry out hands-on design and manufacturing of motors and transformers, complete prototype fabrication in the laboratory, and conduct experimental testing. By comparing the measured parameters and performance indicators with their design and simulation results, they will explore further improvement and enhancement schemes. According to the progress of course development, this year?s exploratory learning topics are tentatively set as the design and manufacturing of permanent magnet synchronous motors and induction motors. Students are encouraged to choose based on their own learning situation. Due to curriculum scheduling constraints, motor control content will not be covered in this course and is planned to be included in the exploratory course on power electronics.",-
CHINA,Tsinghua University - Department Of Electrical Engineering,EE3180,DESIGN & INNOVATION PROJ,Core,40231002,Design of Microwave Circuits,3,Approved,2025,1,"regular performance, actual circuit test results, laboratory report, and course defense",48hours,2,"It is a group project and no exam is required. It includes the prototype, lab and testing.",,Lin Dan ( NA ),http://zhjw.cic.tsinghua.edu.cn/js.vjsKcbBs.do?m=showToXs&p_id=2002980810;40231002,"Microwave circuits are key components that make up transmitters and receivers in communication systems, such as radar systems, and other application systems. With the development of technology, the principles of various circuits are becoming increasingly mature, with diverse structures, higher frequency, and wider bandwidth. This course takes the CDMA communication system as an example and uses SystemVue software to construct a communication system. It mainly focuses on the typical unit circuits of the superheterodyne receiver part ? band pass filter and low noise amplifier. Under the performance requirements of the communication system, the entire process from software design to hardware implementation of the two types of circuits is completed, and joint simulation of software and hardware is carried out. The purposes of this course are to: 1.Establish and consolidate system level design concepts, deeply understand the role of microwave subsystems and the working principles of unit circuits; 2.By completing the complete design process of software simulation design and hardware circuit debugging for communication systems and unit circuits, we can deeply understand and study theoretical design and hardware implementation; 3.Software simulation and hardware design form a closed-loop training system, thinking about problems that arise in practical applications, proposing solutions, and implementing them. In order to further understand interdisciplinary applications, the dielectric parameters of different biological tissues in the microwave broadband are studied, and the relationship between the dielectric parameters of biological tissues and temperature is explored. The electromagnetic field and microwave laboratory provides students with an advanced design and research environment, which will lay a solid foundation for them to better adapt to scientific research work in the future.",NA
CHINA,Tsinghua University - Department Of Electrical Engineering,EE3180,DESIGN & INNOVATION PROJ,Core,80231303,Machine Vision,3,Approved,2025,1,report and presentation,48hours,3 au,"It is a group project and we need to write a paper and a presentation.It is a group project, and we will be working on object detection. Our grades are based on the number of objects that we can detect.",,Lu Fang ( NA ),http://zhjwe.cic.tsinghua.edu.cn/js.vjsKcbBs.do?m=showToXs&p_id=2020990148;80231303,"Machine vision is a cutting-edge interdisciplinary field in artificial intelligence, aiming to explore the use of machines to replace human vision for measurement and judgment, thereby supporting intelligent decision- making in unmanned systems. Its characteristics include high throughput, high efficiency, and strong robustness.",NA
CHINA,Tsinghua University - Department Of Electrical Engineering,EE3180,DESIGN & INNOVATION PROJ,Core,40231233,Communication Systems Design and Implementation,3,Approved,2024,2,Project-based,80,3,"Hello Prof, I want to challenge myself by taking a technical course in Chinese Picture is obtained by logging in using my Tsinghua ID on Tsinghua infomation portal and only accessible to the students here",,NA ( NA ),,"To design and implement a simple communication system is one of the basic abilities of students majoring in electronic information. This course integrates the previous laboratory course? such as antenna system design, microwave circuit design, communication circuit design, baseband signal processing and other experimental courses. In the course, students cooperate in groups to complete the design and implementation of a typical digital communication system, such as ADS-B civil aviation dependent surveillance system, meteorological satellite signal receiver and so on. In the process of practice, students could understand the current design methodology of modern digital communication system. This course will inspire students' interest in research and exploration, cultivate students' research abilities, encourage students' communication and cooperation in the group, and exercise their awareness and ability to solve practical problems with existing knowledge.",NA
CHINA,Tsinghua University - Department Of Electrical Engineering,IE2108,DATA STRUCT & ALGOR IN PYTHON,Core,20230253,Data and Algorithm,3,Approved,2024,2,Examination,48,3,"Hello Prof, I want to challenge myself and take a technical course in Chinese. The teacher in charge of this course can speak in English and Chinese. PDF sent by teacher in charge in Tsinghua attached to Support Documents,",,NA ( NA ),,"Course Description: Data is the abstract description of the world and the carrier of information and knowledge. Algorithm is the system that processes the data, and helps us to obtain the information and knowledge in the data. This course introduces data representation, storage, access, and implementation, evaluation, and design strategies for various algorithms and different data types. The course content includes non-numeric data types (tables, trees, graphs), numeric data types (integers, floating-point numbers), non-numerical algorithms (Find, sort, search), numerical algorithms (interpolation, fitting), algorithm analysis methods (time, space complexity), and basic algorithm design strategies (divided governance, dynamic planning) and so on. The interaction between data and algorithms is the core idea and main clue of the course. The course is designed to help students improve their ability to solve real-world problems with modern computing methods, and to lay the groundwork for follow-up courses and future research and job",NA
CHINA,Tsinghua University - Department Of Electrical Engineering,IE3012,COMMUNICATION PRINCIPLES,Major-PE,30230243,Introduction to Principles of Communications,3,Approved,2025,1,"finals, continuous assessments and labs",48,3 credits,NA,,?? ( zhisun@tsinghua.edu.cn ),https://webvpn.tsinghua.edu.cn/http/77726476706e69737468656265737421eaff4b8b69336153301c9aa596522b20bc86e6e559a9b290/js.vjsKcbBs.do?m=showToXs&p_id=2021990152;30230243,"This course primarily introduces the fundamental principles of modern communication technologies, with a focus on digital communication. Topics include basic concepts of communication systems, an introduction to information theory, analog modulation, speech coding, multiplexing, digital baseband transmission, digital modulation, error control, multiple access methods, and an overview of wireless communication systems.",not stated
CHINA,Tsinghua University - Department Of Electrical Engineering,IE3014,DIGITAL SIGNAL PROCESSING,Major-PE,30230613,Digital Signal Processing,3,Approved,2025,1,Examination,48,3,-,,- ( - ),https://webvpn.tsinghua.edu.cn/http/77726476706e69737468656265737421eaff4b8b227e6b597d469dbf915b243d1569e38ddd4b59c06f/js.vjsKcbBs.do?m=showToXs&p_id=2005990021;30230613,"This course is an undergraduate elective for students specializing in signal processing within the Department of Electrical Engineering. It serves as a follow-up to the core course ""Signals and Systems."" Building upon the knowledge of continuous signals and systems gained in that course, this course focuses on the fundamental theories, methods, and applications of representing, analyzing, and processing signals digitally. It lays the foundation for more advanced study and professional work in areas such as image processing, speech processing, radar signal processing, communication signal processing, and medical signal processing. ????????????????????????????? ?????????????????????????????????? ??????????????????????????????? ??????????????????????????????? ??????????????????????????????? ????????????????????",-
CHINA,Tsinghua University - Department Of Electrical Engineering,IE3014,DIGITAL SIGNAL PROCESSING,Major-PE,30230654,Signals and Systems,3,Approved,2024,2,Exam,64,4,-,,Jian Song ( jsong@tsinghua.edu.cn ),https://zhjw.cic.tsinghua.edu.cn/js.vjsKcbBs.do?m=showToXs&p_id=2022990115;30230654,"This course covers the signal representation/analysis, especially how to represent the complex signals in simple format either in time or frequency domain. Based on that, it also covers how signals behave after passing through various linear, time-invariant systems. It consists of following individual yet highly related sessions including Introduction, time-domain analysis on the linear, time-invariant systems, signal representation in frequency domain (Fourier analysis & Fourier transform), Laplace Transform, Discrete time-domain signals, Z- Transform, Discrete & Fast Fourier transform, the state space analysis of the linear systems, and etc. This course focuses on the basic theory and analytical method from time-domain to transform domain, from continuous to discrete, from the description of single-input-single- output to the state variables. It will lay down a solid foundation for the further study for courses including Digital Signal Processing, Stochastic Process, Communication Circuit, Principle of Communication. The requisite courses include calculus, linear algebra, complex variable functions, principles of electric circuits?",-
CHINA,Tsinghua University - Department Of Electrical Engineering,IE3017,COMPUTER COMMUNICATIONS,Major-PE,30220583,Computer and Network Technology,3,Approved,2025,1,Examination,56,3,-,,- ( - ),https://zhjwe.cic.tsinghua.edu.cn/js.vjsKcbBs.do?m=showToXs&p_id=2010990077;30220583,"This course mainly consists of two parts: foundational theories of computers and networks, and hands-on practical applications. Computer Theory Section: Covers the basic structure of computer systems, instruction sets, logic circuits and arithmetic units, central processing unit (CPU) design, memory, bus systems, input/output, and interrupt systems. Network Theory Section: Covers an overview of computer networks, the physical layer, data link layer, network layer, transport layer, application layer, network security, and Internet services. Hands-on Practice Section: Through comprehensive course experiments, students are guided to apply their knowledge and skills in computer and network systems to practice independently. They will design and develop small-scale integrated application systems tailored to specific application contexts and thematic goals, with a certain degree of challenge.",-
CHINA,Tsinghua University - Department Of Electrical Engineering,IE3017,COMPUTER COMMUNICATIONS,Major-PE,30231034,Communications and Networks,3,Approved,2024,2,Examination,64,4,"Course code shown in pdf is 30230803 Communications and Networks but the updated one is the one I typed in above, 30231034",,NA ( NA ),,"Communications and networks is one of the ten core courses of Dept. EE, Tsinghua University. Based on the systematic roadmaps and scientific theories of course reform progress of Dept. EE, this course focuses on the interactions of information barrier and system, or more specifically, the interactions of data packets and networks. It is a new course that is rebuilt based on the classic course titled principles ofthe modern commutations. This course system was tested in a small group of students in the spring semester, 2012. Later on, it opens for all students in EE department.. In particular, analog communication theory was removed. Other outdated or over-specific issues such as speech encoding were weakened. On the other hand, multiple access communication theory, switching and routing theory, and traffic flow control theory have been added into this course in order to cover multi-user or even network communications. By this means, we essentially implement and carryout the core spirit and regulations of the course reform of Dept. EE. By merging the core conceptions of communications and networks in teaching, we bring to the students an entire picture of the interactions between data packets and networks. It is believed to be a more unified, systematic, concise, insightful, cutting edge, and essential way to deal with the theory and techniques of digital transmissions. Furthermore, this course has added one credit experimental lecture in order to closely bridge theory and practice of our students.",NA
CHINA,Tsinghua University - Department Of Electrical Engineering,IE4497,PATTERN RECOGNITION & DEEP LEA,Major-PE,01510243,BIG DATA AND MACHINE INTELLIGENCE,3,Approved,2025,1,approved 24/25,approved 24/25,approved 24/25,hi can i check why is this course only approved if can only credit transfer 1 course?,,approved 24/25 ( approved 24/25 ),,approved 24/25,approved 24/25
CHINA,Tsinghua University - Department Of Electrical Engineering,IE4756,COMPUTER ARCHITECTURE,Major-PE,30230993,Modern Computer Architecture,3,Approved,2025,1,Examination,48,3,-,,- ( - ),https://webvpn.tsinghua.edu.cn/http/77726476706e69737468656265737421eaff4b8b227e6b597d469dbf915b243d1569e38ddd4b59c06f/js.vjsKcbBs.do?m=showToXs&p_id=2023990038;30230993,"Course Description: Computer architecture is widely applied across many modern computing systems, ranging from cloud servers, personal computers, and smartphones to micro embedded systems. This course focuses on the fundamental universal concepts in designing various computer systems, including architecture and software design methods, and introduces mainstream technologies and recent advances in contemporary computer systems. The course begins with an overview of the evolution and future trends of computer architecture, followed by quantitative metrics and methods for evaluating computer architectures. Next, it covers the three key components of computer architecture ? computation, storage, and peripheral devices. Computation Architecture: The course discusses two key high- performance techniques in processors: pipelining and superscalar architecture. Storage Architecture: Emphasis is placed on cache, main memory, and external storage technologies. Peripheral Devices: The basic principles and architectures of interconnects and input/output devices are explained. Subsequently, the course introduces two representative modern multicore computer systems, focusing on the hardware architectures and software design and optimization techniques of homogeneous multicore processors and heterogeneous graphics processing units (GPUs). Finally, the course reviews the current research status of cloud computing, deep learning, and Internet of Things (IoT) chips. ????????????????????????????? ??????????????????????????????? ??????????????????????????????? ???????????????????? ??????????? ??????????????????????????????? ???????????????????????????????? ??????????????????????????????? ??????????????????????????????? ??????????????????????????????? ??????????????????????????????? ?????????????????MultiCore????????? ?GPU???????????????????????????? ??????????????????????",-
CHINA,Tsinghua University - Department Of Electrical Engineering,IE4758,INFORMATION SECURITY,Major-PE,40240572,Computer Network Security Technology,3,Approved,2025,1,assessments and exam,32,2 credits,na,,?? ( yxia@tsinghua.edu.cn ),https://webvpn.tsinghua.edu.cn/http/77726476706e69737468656265737421eaff4b8b69336153301c9aa596522b20bc86e6e559a9b290/js.vjsKcbBs.do?m=showToXs&p_id=2000990158;40240572,"This course covers core network security technologies, including firewalls, intrusion detection systems (IDS), antivirus solutions, encryption, authentication, and Virtual Private Network (VPN) technologies. The course integrates theoretical instruction with real- world security solutions to ensure that students can apply what they learn. For the more abstract topics?such as encryption, authentication, and VPNs?the course emphasizes the importance of connecting individual concepts to form a coherent understanding. Students will gain insight into the practical integration of cryptographic algorithms, certificate authority (CA) systems, and how encryption and authentication are used in VPNs. Firewall technology, a mature and widely used security measure, is explored in depth with a focus on core terminology and practical deployment in real-world networks. Intrusion detection is introduced as a critical complement to firewalls, and antivirus technologies are discussed as indicators of the overall maturity of firewall-based systems. The course also includes a concise introduction to common attack techniques, helping students shift perspective from solely defense to understanding offensive methods. Experiencing the role of a basic attacker can spark greater interest and insight into defensive technologies. The course content is structured around currently popular and widely applied network security methods, all of which relate closely to students' everyday internet usage. This approach aims to build interest while laying a strong foundation for further exploration of network security. The course emphasizes a balance of theory and practice, reinforcing conceptual knowledge through small lab assignments and hands-on experiments. By the end of the course, students are expected to understand the key concepts and principles of network security, be familiar with various security technologies used in computing and network systems, and develop basic practical and operational skills necessary for future research or work in the field of network security.","William Stallings, Network Security Essentials: Applications and Standards"
CHINA,Tsinghua University - Department Of Electrical Engineering,IE4791,DATABASE SYSTEMS,Major-PE,30230272,Database,3,Approved,2025,1,"The final exam accounts for 70% of the grade, while assignments and lab work make up the remaining 3",32,2 credits,na,,??? ( sunjiasong@tsinghua.edu.cn ),https://webvpn.tsinghua.edu.cn/http/77726476706e69737468656265737421eaff4b8b69336153301c9aa596522b20bc86e6e559a9b290/js.vjsKcbBs.do?m=showToXs&p_id=1987990254;30230272,"The course covers fundamental concepts of databases, the definition and mathematical model of relational databases, relational algebra and relational calculus, the SQL language for relational databases, relational data theory, database design, and an introduction to a practical database system, SQL Server 2000. Chapter 1 is Introduction and takes 2 hours. Chapter 2 covers Relational Databases and takes 6 hours. Chapter 3 is about the Standard Language for Relational Databases, SQL, and takes 6 hours. Chapter 4 introduces Relational Systems and Query Optimization, taking 1 hour. Chapter 5 discusses Relational Data Theory and takes 6 hours. Chapter 6 focuses on Database Design and takes 5 hours. Chapter 7 covers Database Recovery and takes 1 hour. Chapter 8 is about Concurrency Control and takes 1 hour. Chapter 9 covers Database Security and takes 1 hour. Chapter 10 discusses Database Integrity and takes 1 hour. Chapter 11 introduces Database Management Systems and takes 1 hour. Chapter 12 presents Recent Advances in Database Technologies and takes 1 hour.","Textbook: Wang Shan, Sa Shixuan, ""Introduction to Database Systems"" (5th Edition), Higher Education Press, 2014 Reference book: Jeffrey D. Ullman, Jennifer Widom, ""A First Course in Database Systems"", China Machine Press, 2011"
CHINA,Tsinghua University - Department Of Electrical Engineering,IM3180,DESIGN & INNOVATION PROJ,Core,40231212,Intelligent Robots Design and Implementation,3,Approved,2025,1,Project,32,2 credits,it is a team based project,,??? ( duanyueqi@tsinghua.edu.cn ),https://webvpn.tsinghua.edu.cn/http/77726476706e69737468656265737421eaff4b8b69336153301c9aa596522b20bc86e6e559a9b290/js.vjsKcbBs.do?m=showToXs&p_id=2022990007;40231212,"Intelligent robotics has been a popular research topic in recent years, not only because of its wide range of applications but also due to the fact that a complete robotic system involves knowledge and technologies from multiple disciplines. This course is designed for second- and third-year undergraduate students and is primarily experiment-based. Through the robotics platform, students are guided to integrate and apply what they have learned in other electronic engineering courses?such as signal acquisition, signal processing, and software-hardware co-design programming?to complete the design of a full intelligent electronic system. The course evaluates students? ability to comprehensively apply their knowledge and their hands-on engineering skills.",not stated
CHINA,Tsinghua University - Department Of Electrical Engineering,IM3180,DESIGN & INNOVATION PROJ,Core,40231253,Media and Cognition,3,Approved,2025,1,test and project,48,3 credits,"this is a group project, which involves controlling robotic arms using natural language and would include machine vison and robot operating system. Yes, it includes prototype and test engineering",,?? ( fanglu@tsinghua.edu.cn ),https://learn.tsinghua.edu.cn/f/wlxt/kj/wlkc_kjxxb/student/beforePageList?wlkcid=2025-2026-1150244467&sfgk=0,"With the background of cognitive science and media information technology, the course ""media and cognition"" introduces the research objects, objectives, methods and latest research progress in the field of media and information technology, including the interdisciplinary integration of digital media, intelligent systems, cognitive science and psychology, so that students can learn about its development history, research status and future topics from the perspective of the integration of science, engineering and literature, which paves the way for high-level and innovative research in the future. TEAM: Trans-modality Embodied Agent with Media-cognition. Have a robotic arm with camera to detect and pick-up open-vocabulary targets out of a bin under natural language instructions","?DeepLearning?Ian Goodfellow,YoshuaBengioetal., http://www.deeplearningbook.org? ?Cognitive Neuroscience?MichaelS?Gazzaniga, Richard B?Ivry, George R?Mangun? ?Computer Vision: Algorithms and Applications?Richard Szeliski, https://szeliski.org/Book/? ?????????6"
CHINA,Tsinghua University - Department Of Electrical Engineering,IM3180,DESIGN & INNOVATION PROJ,Core,40231282,Intelligent UAV Design and Implementation,3,Approved,2025,1,Project,32,2 credits,it is a team based project,,Yang Yi ( yangyy@tsinghua.edu.cn ),https://webvpn.tsinghua.edu.cn/http/77726476706e69737468656265737421eaff4b8b69336153301c9aa596522b20bc86e6e559a9b290/js.vjsKcbBs.do?m=showToXs&p_id=2012980054;40231282,"This course is designed to develop students' skills in the development of unmanned systems, with a focus on drones. Through a combination of general theories and specific case studies, students will learn and master solutions to key challenges in drone operation such as control, communication, and positioning. They will also gain practical experience in programming and using drone platforms to complete specific tasks. The course covers foundational knowledge in ROS (Robot Operating System), Python programming, simulation environment development, and real drone implementation. It aims to train students in software- hardware co-programming and assess their ability to apply knowledge comprehensively and work hands-on. The first part of the course introduces basic ROS concepts, including the ROS framework, basic ROS commands, communication mechanisms, and message handling. Students will learn how to set up the ROS development environment, understand ROS nodes, topics, and services, and learn how to use ROS messages and parameters. The second part focuses on Python programming and drone flight control. Students will learn Python syntax, functions, classes, and exception handling, followed by drone modeling techniques. The main objective is to use Python to implement drone flight control, laying the groundwork for control algorithm development and simulation setup. The third part covers simulation environment development. Students will learn to use Gazebo for drone simulation, including scene creation, drone integration and loading, and sensor configuration. They will also learn to use Rviz for simulation visualization, showing drone status and flight trajectories. The fourth part focuses on real-world drone development. Students will complete autonomous flight tasks and test and optimize control algorithms in real-world scenarios. The final segment of the course is an integrated project. Students will design and implement a drone demonstration system based on a specific task provided by the instructors. By completing this course, students will master the basic principles and control methods of drones, be able to independently design and develop drone systems, and possess strong software-hardware integration and hands-on capabilities.",NA
CHINA,Tsinghua University - Department Of Electrical Engineering,IE3102,MICROPROCESSORS,Major-PE,44100593,Principles of Assembly and Compilation,3,Rejected,2025,1,"assignments, labs and exam",48,3,na,course contents do not match,??? ( chaokun@tsinghua.edu.cn ),https://webvpn.tsinghua.edu.cn/http/77726476706e69737468656265737421eaff4b8b69336153301c9aa596522b20bc86e6e559a9b290/kc.kcKcb.do?m=down&p_id=80230752,"As a course emphasizing both theory and practice, it introduces the fundamentals of assembly language (instructions, pseudo-instructions, etc.) and assembly program design methods, as well as the principles of compiler design and implementation. Topics include assembly language basics, screen and keyboard operations, data manipulation, advanced I/O, interrupts and ports, operators and instructions, PC instruction systems, automated construction of lexical and syntax analyzers, semantic analysis, runtime storage organization of target code, code generation, and optimization. Through studying assembly programming and compiler design principles and completing course experiments, students will gain the ability to write programs in assembly language, understand implementation of sequence, branch, and loop structures in assembly, and further appreciate modular programming techniques. The course also enables students to understand how a compiler works, master its basic concepts, principles, techniques, and tools, become familiar with fundamental compiler algorithms and their implementation, and acquire skills in using automated tools to generate lexical and syntax analyzers.",na
CHINA,Tsinghua University - Department Of Electrical Engineering,IE3102,MICROPROCESSORS,Major-PE,60320024,Embedded RTOS & Microcontroller,3,Rejected,2025,1,"assignments, labs, projects, exam",64,4 credits,na,course contents do not match,?? ( na ),https://webvpn.tsinghua.edu.cn/http/77726476706e69737468656265737421eaff4b8b69336153301c9aa596522b20bc86e6e559a9b290/js.vjsKcbBs.do?m=showToXs&p_id=2006990024;44100593,"Course Content: The course introduces the ?C/OS-II real-time operating system and dual-core microcontroller technology. Topics include real-time system concepts, kernel structure, task and time management, semaphores, inter-task communication, and OS porting. It also covers dual-core MCU architecture, instruction sets, coprocessors, embedded C/assembly programming, debugging (BDM), and practical application examples. Students gain both theoretical understanding and hands-on skills in designing and programming embedded real-time systems.",na
CHINA,Tsinghua University - Department Of Electrical Engineering,IE3102,MICROPROCESSORS,Major-PE,30230793,Fundamental of digital logic and processor,3,Rejected,2024,2,Examination,48,3,"Hello Prof, I want to challenge myself by taking a technical course in Chinese PDF sent by teacher in charge in Tsinghua is attached to Support Documents",course contents do not match,NA ( NA ),,"The Digital Logic and Processor Fundamentals course covers the basic concepts of digital logic circuits and processors, and explains the basic methods of representation, synthesis, and optimization around digital units and systems. The course is divided into two parts. The first part focuses on digital logic circuits, describes the working principle of digital circuits at the level of logic gates and flip- flops, and introduces the analysis and design methods of combinational logic and sequential logic. The second part is based on the organization and structure of the CPU. It describes the basic concepts of instruction set, arithmetic logic unit, controller and input/output. The single-cycle processor and a pipeline processor are used as examples to explain the principle of processor and basic design method. This course is a combination of ""Digital Logic"" and ""Microcomputer Principles"", covers the knowledge from the underlying circuit to the processor architecture design. This course still guarantees the integrity of both aspects of knowledge while reducing the total class time ?and plays a supporting role in the entire electronic curriculum system. At the sametime, the course contains a number of design practices homework, supplemented by experimental course, the goal is to guide students to solve practical problems with theoretical knowledge.",NA
CHINA,Tsinghua University - Department Of Electrical Engineering,IE4476,IMAGE PROCESS & COMP VISION,Major-PE,80231303,Machine Vision,3,Rejected,2025,1,"assignments, labs, projects, exam",48,3 credits,na,course contents do not match,?? ( fanglu@tsinghua.edu.cn ),https://webvpn.tsinghua.edu.cn/http/77726476706e69737468656265737421eaff4b8b69336153301c9aa596522b20bc86e6e559a9b290/js.vjsKcbBs.do?m=showToXs&p_id=2020990148;80231303,"Machine vision is a cutting-edge interdisciplinary field in artificial intelligence, aimed at exploring how machines can replace human eyes in tasks such as measurement and judgment, thereby supporting intelligent decision-making in unmanned systems. It is characterized by high throughput, high efficiency, and strong robustness. Machine vision technology integrates knowledge from artificial intelligence, computer science, optics, neurobiology, robotics, and other disciplines. The course covers the fundamental theories, models, and algorithms of machine vision, the latest research developments in the field, and their applications. Specifically, topics include: background of machine vision, imaging principles, camera models, calibration methods, monocular measurement, optical flow estimation, depth computation, stereo vision, online understanding, model compression, visual mapping, multi-sensor fusion, embodied intelligence, and intelligent unmanned systems.",na
CHINA,Tsinghua University - Department Of Electrical Engineering,IE4483,ART INTELL & DATA MINING,Major-PE,80240373,Data Mining: Principles and Algorithms,3,Rejected,2025,1,Grading is based on a major project and in-class quizzes? there is also exam component,48,3 credits,na,course contents do not match,??? ( jianyong@tsinghua.edu.cn ),https://webvpn.tsinghua.edu.cn/http/77726476706e69737468656265737421eaff4b8b69336153301c9aa596522b20bc86e6e559a9b290/js.vjsKcbBs.do?m=showToXs&p_id=2005990004;80240373,"This course mainly introduces the basic concepts, principles, algorithms, and some new topics regarding data mining and knowledge discovery. The topics covered in this course include data preprocessing and descriptive statistical analysis (e.g., data summarization, data cleaning, data integration and transformation, data reduction like PCA, discretization and concept hierarchy generation, One-Hot-Encoding for categorical data, etc), association rule mining and pattern discovery (e.g., frequent pattern mining, closed pattern mining, and constrained pattern mining), various classification and clustering algorithms(eg, linear regression, logistic regression, bayesian classification, artificial neural networks, support vector machines, ensemble methods like adaboost, random forest, GBDT, and XGBoost, model based clustering like EM), mining data with complex structures (e.g., sequences, trees, and graphs), and some hot topics such as recommender systems and interpretable learning.","The course references include Data Mining: Concepts and Techniques (3rd ed.) by Jiawei Han et al., Data Mining: The Textbook by Charu C. Aggarwal, Mathematics for Machine Learning by Marc Peter Deisenroth et al., and The Elements of Statistical Learning: Data Mining, Inference, and Prediction by Trevor Hastie et al."
CHINA,Tsinghua University - Department Of Electrical Engineering,IE4483,ART INTELL & DATA MINING,Major-PE,40240492,Data Mining,3,Rejected,2024,2,"Mid-term, Projects",32,2,-,course contents do not match as it doesn't cover AI part,Juanzi Li ( lijuanzi@tsinghua.edu.cn ),https://zhjw.cic.tsinghua.edu.cn/js.vjsKcbBs.do?m=showToXs&p_id=2001990257;40240492,"The Internet has stepped into the era of big data, and there is an urgent for new technologies and tools to extract hidden valuable knowledge and information from the massive data automatically and intelligently. Therefore, data mining, as the inevitable result of large- scale data processing, has become an indispensable data processing technology now. The course? objective is to enable students to understand the research, basic theory and applications of data mining. Students will learn the main tasks and latest technologies at all data mining stages, and master the key algorithms. This course will lay the necessary foundation for their future work and research on large-scale data processing and mining. The course content includes: ? 1? The overview of data mining ?2? Data representation and visualization: introduce how to accurately represent the semantics and features of the real-world data for computer processing, and briefly describe some data visualization methods ?3? Data preprocessing techniques: introduce how to obtain high-quality data through data preprocessing, especially the techniques on noise data processing, data integration and data transformation ?4? Data warehouse techniques: briefly introduce the basic technology of data warehouse, including the data model, architecture, and applications ? 5? Association rule mining: introduce the classical algorithms for data association mining ?6? Classification: introduce different classification algorithms which learn classifiers from labeled data to classify the new data ?7? Clustering: introduce the clustering methods which organize the large-scale data into clusters to unveil the data distribution ?8? The trends of data mining: analyze the future development trends and challenges of data mining",-
